split_order,split,role,start_date,end_date,feature,matrices,transformation,rows,psi,psi_level,ks_approx,ks_level,drift_level,reference_median,current_median,median_shift,reference_iqr,current_iqr,iqr_ratio,reference_zero_share,current_zero_share,zero_share_delta,outside_training_range_share,outside_training_robust_fence_share,current_min,current_max,current_mean,current_std,psi_bins,ks_grid_points
1,estresse_pre_dencun_2024,historical_stress,2024-01-01,2024-03-12,gas_used_log,A/B/C,robust_scaler_train,832676,0.013670592007919037,baixo,0.03511233030075689,baixo,baixo,0.0,-0.004130490556725333,-0.004130490556725333,1.0,0.9363222836306426,0.9363222836306426,3.0831804719446146e-05,1.9215156915775165e-05,-1.1616647803670981e-05,0.0,0.003887466433522763,-0.44609446388445456,3.509105388075404,0.06658136441509521,0.5208898322360436,9,71
1,estresse_pre_dencun_2024,historical_stress,2024-01-01,2024-03-12,gas_used_ratio,A/B/C,passthrough,832676,0.01803624430399515,baixo,0.05919714271259968,baixo,baixo,0.7280278820756305,0.7575755845451575,0.029547702469526982,0.4706208630699257,0.4391099306769364,0.9330439109999521,0.0,0.0,0.0,0.0,0.0,0.0007368421052631579,1.0,0.7083731071969558,0.2916725832560587,9,75
1,estresse_pre_dencun_2024,historical_stress,2024-01-01,2024-03-12,effective_gas_price_log,A/B/C,robust_scaler_train,832676,5.435318564451308,alto,0.6150714852705171,alto,alto,0.0,1.0540618226745715,1.0540618226745715,1.0,0.7795170917682519,0.7795170917682519,1.5571618545174823e-06,0.0,-1.5571618545174823e-06,0.0,0.042443879732332865,-0.21705171404171442,7.349770474206738,1.074642701299331,0.532142116207455,10,101
1,estresse_pre_dencun_2024,historical_stress,2024-01-01,2024-03-12,max_fee_per_gas_log,A/B/C,conditional_robust_scaler_train,832676,3.5238700918968178,alto,0.4606901319013586,alto,alto,0.0,0.7668047565080867,0.7668047565080867,0.7829188343284547,0.9231215916849596,1.1790770016112375,0.1574075746581251,0.1532132546152405,-0.004194320042884614,0.0,0.09602654573927914,-0.44832765660469387,5.908496027695576,0.8038015554580482,0.6242584990372435,10,84
1,estresse_pre_dencun_2024,historical_stress,2024-01-01,2024-03-12,max_priority_fee_log,A/B/C,conditional_robust_scaler_train,832676,0.1704471315410826,moderado,0.18889251362940562,moderado,moderado,0.0,0.0,0.0,0.8154796764153621,1.065672803373778,1.306804858777352,0.23014571920634574,0.2354541262147582,0.005308407008412452,0.0,0.08785049647161682,-6.917596103832903,3.573520196439295,-0.49709918936798303,1.1496634290425274,8,57
1,estresse_pre_dencun_2024,historical_stress,2024-01-01,2024-03-12,fee_cap_utilization,A/B/C,passthrough,832676,0.09324848380257635,baixo,0.09258074803425809,baixo,baixo,0.7413346315067423,0.7172215103616137,-0.024113121145128535,0.5218538753991288,0.36325236284294815,0.6960806079386157,0.15740695179338332,0.1532132546152405,-0.00419369717814283,0.0,0.0,0.0,1.0,0.5983262393841631,0.32781564000799024,10,75
1,estresse_pre_dencun_2024,historical_stress,2024-01-01,2024-03-12,transaction_value_log,A/B/C,robust_scaler_train,832676,0.04669255527913244,baixo,0.050515271327351674,baixo,baixo,0.0,0.0,0.0,1.0,1.0143385816571036,1.0143385816571036,0.5198260961640875,0.5182183706507694,-0.0016077255133181145,0.0,0.0,0.0,1.379064133176962,0.48283007886656637,0.5078878013219623,6,50
1,estresse_pre_dencun_2024,historical_stress,2024-01-01,2024-03-12,nonce_log,A/B/C,robust_scaler_train,832676,0.004477936890276289,baixo,0.02306576403732996,baixo,baixo,0.0,0.02516913719210805,0.02516913719210805,1.0,1.033817562338962,1.033817562338962,0.0005509238641282852,0.0005272158678765811,-2.370799625170416e-05,0.0,0.0,-0.6629378572783498,1.6408134609954645,0.18222647844623652,0.637333806049843,10,87
1,estresse_pre_dencun_2024,historical_stress,2024-01-01,2024-03-12,receipt_status,A/B/C,passthrough,832676,0.0,baixo,0.0038172322297419965,baixo,baixo,1.0,1.0,0.0,0.0,0.0,,0.01958567037374999,0.015768438144007992,-0.0038172322297419965,0.0,0.015768438144007992,0.0,1.0,0.984231561855992,0.12457854205674584,2,2
1,estresse_pre_dencun_2024,historical_stress,2024-01-01,2024-03-12,tx_type_0,A/B/C,passthrough,832676,4.460630948598493e-05,baixo,0.0023872556279297408,baixo,baixo,0.0,0.0,0.0,0.0,0.0,,0.8484286679726064,0.8508159236005362,0.0023872556279297408,0.0,0.1491840763994639,0.0,1.0,0.1491840763994639,0.35627003828914866,3,2
1,estresse_pre_dencun_2024,historical_stress,2024-01-01,2024-03-12,tx_type_1,A/B/C,passthrough,832676,0.0006724179400573449,baixo,0.0018064415502130338,baixo,baixo,0.0,0.0,0.0,0.0,0.0,,0.9941643802340103,0.9959708217842234,0.0018064415502130338,0.0,0.0040291782157766045,0.0,1.0,0.0040291782157766045,0.0633478394108444,2,2
1,estresse_pre_dencun_2024,historical_stress,2024-01-01,2024-03-12,tx_type_3,A/B/C,passthrough,832676,0.06301919320167541,baixo,0.007101592353712438,baixo,baixo,0.0,0.0,0.0,0.0,0.0,,0.9928984076462876,1.0,0.007101592353712438,0.0,0.0,0.0,0.0,0.0,0.0,2,2
1,estresse_pre_dencun_2024,historical_stress,2024-01-01,2024-03-12,transaction_index_pct,A/B/C,passthrough,832676,9.642063340309892e-08,baixo,8.252804857267204e-05,baixo,baixo,0.5,0.5,0.0,0.5031847133757963,0.5032679738562091,1.0001654670306939,0.006128677627009907,0.006162060633427648,3.3383006417741015e-05,0.0,0.0,0.0,1.0,0.4999999999999944,0.2904620125265425,10,101
1,estresse_pre_dencun_2024,historical_stress,2024-01-01,2024-03-12,block_tx_count_log,B/C,robust_scaler_train,832676,0.009234279749011295,baixo,0.04145489977629968,baixo,baixo,0.0,-0.07235363545173021,-0.07235363545173021,1.0,0.9652484784595949,0.9652484784595949,0.006670881384752894,0.010003891069275444,0.0033330096845225502,0.0,0.02488002536400713,-7.791689701091298,4.802763787044083,0.046561367219468554,0.891512919324324,10,101
1,estresse_pre_dencun_2024,historical_stress,2024-01-01,2024-03-12,sender_tx_count_block_log,B/C,robust_scaler_train,832676,0.01342445095758075,baixo,0.03249349843731841,baixo,baixo,0.0,0.0,0.0,0.0,0.0,,0.850543916635783,0.8234235164697914,-0.0271204001659916,0.0008130413269987366,0.17657648353020863,0.0,5.267858159063328,0.19433504019427836,0.5789319410935516,3,8
1,estresse_pre_dencun_2024,historical_stress,2024-01-01,2024-03-12,receiver_tx_count_block_log,B/C,robust_scaler_train,832676,0.002677127165115201,baixo,0.018888640608992202,baixo,baixo,0.0,0.0,0.0,1.0,1.1065895113302242,1.1065895113302242,0.5684948784946605,0.5614608803424141,-0.007033998152246368,0.0,0.028499680548016274,0.0,4.6338653958527765,0.5654641515770212,0.8266555784795643,6,27
1,estresse_pre_dencun_2024,historical_stress,2024-01-01,2024-03-12,gas_price_rank_block,B/C,passthrough,832676,0.05253277835576911,baixo,0.08090841868496385,baixo,baixo,0.45121951219512196,0.4391891891891892,-0.012030323005932764,0.507182320441989,0.5711428571428572,1.1261095549330844,0.024048184816426187,0.01982403720054379,-0.004224147615882398,0.0,0.0,0.0,1.0,0.44222550380029296,0.31099332795909296,10,99
1,estresse_pre_dencun_2024,historical_stress,2024-01-01,2024-03-12,hour_sin,B/C,passthrough,832676,0.0004437169941814025,baixo,0.007957151256981154,baixo,baixo,0.0,0.0,0.0,1.4142135623730954,1.4142135623730954,1.0,0.03954661675443869,0.039258967473543134,-0.00028764928089555775,0.0,0.0,-1.0,1.0,-0.009495511834921384,0.7073926761581061,10,27
1,estresse_pre_dencun_2024,historical_stress,2024-01-01,2024-03-12,hour_cos,B/C,passthrough,832676,0.0003799596611888901,baixo,0.005869475914162037,baixo,baixo,-1.8369701987210297e-16,-1.8369701987210297e-16,0.0,1.4142135623730954,1.4142135623730954,1.0,0.0,0.0,0.0,0.0,0.0,-1.0,1.0,-0.0202302246008993,0.7064682408533514,10,26
1,estresse_pre_dencun_2024,historical_stress,2024-01-01,2024-03-12,weekday_sin,B/C,passthrough,832676,0.0013409025277515097,baixo,0.012853114841343494,baixo,baixo,0.0,0.0,0.0,1.5636629649360598,1.5636629649360598,1.0,0.13526224162791928,0.14276501304228775,0.007502771414368475,0.0,0.0,-0.9749279121818236,0.9749279121818236,0.02605828705405212,0.7115794110196199,10,14
1,estresse_pre_dencun_2024,historical_stress,2024-01-01,2024-03-12,weekday_cos,B/C,passthrough,832676,0.001372609445832384,baixo,0.012744974843770629,baixo,baixo,-0.22252093395631434,-0.22252093395631434,0.0,1.5244586697611526,1.5244586697611526,1.0,0.0,0.0,0.0,0.0,0.0,-0.9009688679024191,1.0,0.004544014797630978,0.7021084385810789,8,10
1,estresse_pre_dencun_2024,historical_stress,2024-01-01,2024-03-12,gas_limit_log,C,robust_scaler_train,832676,0.027765042025055406,baixo,0.05049038240699921,baixo,baixo,0.0,-0.01702811270159506,-0.01702811270159506,1.0000000000000004,0.9276846396489822,0.9276846396489817,0.00017876218089860697,0.0,-0.00017876218089860697,0.0,0.005024763533475206,-0.5883856225469472,2.4813584064188525,0.016925807037657732,0.5153847648204878,9,73
1,estresse_pre_dencun_2024,historical_stress,2024-01-01,2024-03-12,transaction_fee_paid_log,C,robust_scaler_train,832676,2.578819485258768,alto,0.4019709947206356,alto,alto,0.0,0.670358551052921,0.670358551052921,1.0,0.8630549923242936,0.8630549923242936,0.0,0.0,0.0,0.0,0.03137955219076808,-0.6267693735677513,5.127384510380132,0.7456990278242639,0.6317270319534183,10,101
2,transicao_dencun_2024,protocol_transition,2024-03-13,2024-03-31,gas_used_log,A/B/C,robust_scaler_train,244311,0.0248167952820808,baixo,0.05473417489108412,baixo,baixo,0.0,-0.004738698101296602,-0.004738698101296602,1.0,0.8593809410396425,0.8593809410396425,3.0831804719446146e-05,9.004915865433811e-05,5.9217353934891966e-05,0.0,0.0014366933948942128,-0.44609446388445456,3.569811904300334,0.03856112928579662,0.49509781012899845,9,71
2,transicao_dencun_2024,protocol_transition,2024-03-13,2024-03-31,gas_used_ratio,A/B/C,passthrough,244311,0.010779618476731569,baixo,0.0435393608258704,baixo,baixo,0.7280278820756305,0.7624609289582341,0.034433046882603624,0.4706208630699257,0.42609266916566835,0.9053841480511644,0.0,0.0,0.0,0.0,0.0,0.000850561403508772,1.0,0.7144306622882008,0.28638827061107597,9,75
2,transicao_dencun_2024,protocol_transition,2024-03-13,2024-03-31,effective_gas_price_log,A/B/C,robust_scaler_train,244311,8.462851458064302,alto,0.7343241917418184,alto,alto,0.0,1.0358176086218858,1.0358176086218858,1.0,0.5268271846813772,0.5268271846813772,1.5571618545174823e-06,0.0,-1.5571618545174823e-06,0.0,0.01719529615940338,0.2226458234141791,6.677017160321167,1.074980129719192,0.37456228706457123,10,101
2,transicao_dencun_2024,protocol_transition,2024-03-13,2024-03-31,max_fee_per_gas_log,A/B/C,conditional_robust_scaler_train,244311,4.894907649475237,alto,0.5320719181345277,alto,alto,0.0,0.7678269998849153,0.7678269998849153,0.7829188343284547,0.65386669280877,0.8351653634308356,0.1574075746581251,0.1519333963677444,-0.005474178290380716,0.0,0.07282521048990835,-0.07897916688307681,5.342730309095562,0.800029479481366,0.5587211237316283,10,84
2,transicao_dencun_2024,protocol_transition,2024-03-13,2024-03-31,max_priority_fee_log,A/B/C,conditional_robust_scaler_train,244311,0.18705720894323408,moderado,0.16361316853812696,moderado,moderado,0.0,0.0,0.0,0.8154796764153621,1.3296298360382808,1.6304880115259155,0.23014571920634574,0.23013290437188666,-1.2814834459085045e-05,0.0,0.08564902931100114,-6.917596103832903,3.3145325274017883,-0.48855332969413034,1.1407805986634758,8,57
2,transicao_dencun_2024,protocol_transition,2024-03-13,2024-03-31,fee_cap_utilization,A/B/C,passthrough,244311,0.08014740224824593,baixo,0.06125514556322598,baixo,baixo,0.7413346315067423,0.7186979928051593,-0.022636638701582945,0.5218538753991288,0.40735287163464007,0.7805879975943169,0.15740695179338332,0.1519333963677444,-0.005473555425638932,0.0,0.0,0.0,1.0,0.6038065490201885,0.3319947532249846,10,75
2,transicao_dencun_2024,protocol_transition,2024-03-13,2024-03-31,transaction_value_log,A/B/C,robust_scaler_train,244311,0.02874730719077307,baixo,0.04380673475240093,baixo,baixo,0.0,0.0,0.0,1.0,1.00715986199982,1.00715986199982,0.5198260961640875,0.512379712743184,-0.007446383420903535,0.0,0.0,0.0,1.346524536408521,0.48589205272919817,0.5051804515487884,6,50
2,transicao_dencun_2024,protocol_transition,2024-03-13,2024-03-31,nonce_log,A/B/C,robust_scaler_train,244311,0.02145806786569451,baixo,0.046100263809472686,baixo,baixo,0.0,-0.06270641333418081,-0.06270641333418081,1.0,1.1071272596658266,1.1071272596658266,0.0005509238641282852,0.0005280155212004371,-2.2908342927848097e-05,0.0,0.0,-0.6629378572783498,1.461075045976432,0.13867985256210874,0.6597433707660384,10,87
2,transicao_dencun_2024,protocol_transition,2024-03-13,2024-03-31,receipt_status,A/B/C,passthrough,244311,0.0,baixo,0.005550281054398833,baixo,baixo,1.0,1.0,0.0,0.0,0.0,,0.01958567037374999,0.014035389319351155,-0.005550281054398833,0.0,0.014035389319351155,0.0,1.0,0.9859646106806489,0.1176369576654545,2,2
2,transicao_dencun_2024,protocol_transition,2024-03-13,2024-03-31,tx_type_0,A/B/C,passthrough,244311,0.000274794023322471,baixo,0.0058963521861257195,baixo,baixo,0.0,0.0,0.0,0.0,0.0,,0.8484286679726064,0.8543250201587321,0.0058963521861257195,0.0,0.1456749798412679,0.0,1.0,0.1456749798412679,0.3527807952522242,3,2
2,transicao_dencun_2024,protocol_transition,2024-03-13,2024-03-31,tx_type_1,A/B/C,passthrough,244311,2.9753094092363398e-05,baixo,0.0004227967604868432,baixo,baixo,0.0,0.0,0.0,0.0,0.0,,0.9941643802340103,0.9937415834735235,-0.0004227967604868432,0.0,0.006258416526476499,0.0,1.0,0.006258416526476499,0.07886237509382925,2,2
2,transicao_dencun_2024,protocol_transition,2024-03-13,2024-03-31,tx_type_3,A/B/C,passthrough,244311,0.0016404715812513434,baixo,0.0029879830606392987,baixo,baixo,0.0,0.0,0.0,0.0,0.0,,0.9928984076462876,0.9958863907069269,0.0029879830606392987,0.0,0.004113609293073173,0.0,1.0,0.004113609293073173,0.06400550195144171,2,2
2,transicao_dencun_2024,protocol_transition,2024-03-13,2024-03-31,transaction_index_pct,A/B/C,passthrough,244311,1.8981396884429305e-06,baixo,0.0006152132312192953,baixo,baixo,0.5,0.5,0.0,0.5031847133757963,0.5028571428571429,0.9993490054249546,0.006128677627009907,0.005513464395790611,-0.0006152132312192953,0.0,0.0,0.0,1.0,0.5000000000000019,0.29027492628688273,10,101
2,transicao_dencun_2024,protocol_transition,2024-03-13,2024-03-31,block_tx_count_log,B/C,robust_scaler_train,244311,0.15140203908137873,moderado,0.16097671251209056,moderado,moderado,0.0,0.307679930126607,0.307679930126607,1.0,1.2983672799660162,1.2983672799660162,0.006670881384752894,0.008350012893402262,0.0016791315086493687,0.0,0.06171232568324799,-8.612055645057785,2.8216228992300834,0.38030895925766667,0.9937481951499382,10,101
2,transicao_dencun_2024,protocol_transition,2024-03-13,2024-03-31,sender_tx_count_block_log,B/C,robust_scaler_train,244311,0.008168926399290517,baixo,0.024934529348093704,baixo,baixo,0.0,0.0,0.0,0.0,0.0,,0.850543916635783,0.8260823294898715,-0.024461587145911512,0.0,0.1739176705101285,0.0,4.174387269895637,0.16637798798593068,0.4792190965298999,3,8
2,transicao_dencun_2024,protocol_transition,2024-03-13,2024-03-31,receiver_tx_count_block_log,B/C,robust_scaler_train,244311,0.007513206182459144,baixo,0.03182003456840632,baixo,baixo,0.0,0.0,0.0,1.0,1.2006081234846424,1.2006081234846424,0.5684948784946605,0.5602572131422654,-0.008237665352395118,0.0,0.02766146428118259,0.0,4.099577147637607,0.581255910257584,0.8288882595802983,6,27
2,transicao_dencun_2024,protocol_transition,2024-03-13,2024-03-31,gas_price_rank_block,B/C,passthrough,244311,0.021623312592376383,baixo,0.039361425170277076,baixo,baixo,0.45121951219512196,0.4431137724550898,-0.008105739740032147,0.507182320441989,0.5260269121813032,1.0371554586581249,0.024048184816426187,0.024337831698122474,0.00028964688169628647,0.0,0.0,0.0,1.0,0.44726821033318026,0.3030741007576047,10,99
2,transicao_dencun_2024,protocol_transition,2024-03-13,2024-03-31,hour_sin,B/C,passthrough,244311,0.0008244348015380285,baixo,0.007033889947321792,baixo,baixo,0.0,0.0,0.0,1.4142135623730954,1.4142135623730954,1.0,0.03954661675443869,0.04044025852294821,0.0008936417685095205,0.0,0.0,-1.0,1.0,-0.0151779069770969,0.7077813530033773,10,27
2,transicao_dencun_2024,protocol_transition,2024-03-13,2024-03-31,hour_cos,B/C,passthrough,244311,0.001649292933437948,baixo,0.013199942903180606,baixo,baixo,-1.8369701987210297e-16,-1.8369701987210297e-16,0.0,1.4142135623730954,1.4142135623730954,1.0,0.0,0.0,0.0,0.0,0.0,-1.0,1.0,-0.01012257483039649,0.7061988478872624,10,26
2,transicao_dencun_2024,protocol_transition,2024-03-13,2024-03-31,weekday_sin,B/C,passthrough,244311,0.033309768996540666,baixo,0.07802855378107876,baixo,baixo,0.0,0.0,0.0,1.5636629649360598,1.2157152215855882,0.7774790660436857,0.13526224162791928,0.1580444597255138,0.02278221809759451,0.0,0.0,-0.9749279121818236,0.9749279121818236,-0.09217695871653088,0.6827742978135571,10,14
2,transicao_dencun_2024,protocol_transition,2024-03-13,2024-03-31,weekday_cos,B/C,passthrough,244311,0.03357594004981736,baixo,0.03289151276909075,baixo,baixo,-0.22252093395631434,-0.22252093395631434,0.0,1.5244586697611526,1.5244586697611526,1.0,0.0,0.0,0.0,0.0,0.0,-0.9009688679024191,1.0,-0.009418326184866791,0.7247330678795967,8,10
2,transicao_dencun_2024,protocol_transition,2024-03-13,2024-03-31,gas_limit_log,C,robust_scaler_train,244311,0.03534708984794516,baixo,0.07136309066385471,baixo,baixo,0.0,-0.035657112107872146,-0.035657112107872146,1.0000000000000004,0.947519672955198,0.9475196729551976,0.00017876218089860697,0.0,-0.00017876218089860697,0.0,0.0020301992132978047,-0.5883856225469472,2.4813584064188525,-0.014335291518678973,0.48727387390453425,9,73
2,transicao_dencun_2024,protocol_transition,2024-03-13,2024-03-31,transaction_fee_paid_log,C,robust_scaler_train,244311,4.103430745720378,alto,0.4356260532712311,alto,alto,0.0,0.6174390739794435,0.6174390739794435,1.0,0.8037550272290546,0.8037550272290546,0.0,0.0,0.0,0.0,0.016409412592965522,-0.3369851296946226,5.248801570770677,0.7174370768632097,0.5578205840822956,10,101
3,treino_2024_pos_dencun,train,2024-04-01,2024-12-31,gas_used_log,A/B/C,robust_scaler_train,3210970,0.0,baixo,0.0,baixo,baixo,0.0,0.0,0.0,1.0,1.0,1.0,3.0831804719446146e-05,3.0831804719446146e-05,0.0,0.0,0.001447226227588548,-0.44609446388445456,3.6023888529992454,0.0927009291368806,0.5171690174474053,9,71
3,treino_2024_pos_dencun,train,2024-04-01,2024-12-31,gas_used_ratio,A/B/C,passthrough,3210970,0.0,baixo,0.0,baixo,baixo,0.7280278820756305,0.7280278820756305,0.0,0.4706208630699257,0.4706208630699257,1.0,0.0,0.0,0.0,0.0,0.0,0.0007368421052631579,1.0,0.6960920188374768,0.28877746137582366,9,75
3,treino_2024_pos_dencun,train,2024-04-01,2024-12-31,effective_gas_price_log,A/B/C,robust_scaler_train,3210970,0.0,baixo,0.0,baixo,baixo,0.0,0.0,0.0,1.0,1.0,1.0,1.5571618545174823e-06,1.5571618545174823e-06,0.0,0.0,0.014190104547846912,-2.5326902685112573,8.814680786190062,-0.0452634745921806,0.79358764232399,10,101
3,treino_2024_pos_dencun,train,2024-04-01,2024-12-31,max_fee_per_gas_log,A/B/C,conditional_robust_scaler_train,3210970,0.0,baixo,0.0,baixo,baixo,0.0,0.0,0.0,0.7829188343284547,0.7829188343284547,1.0,0.1574075746581251,0.1574075746581251,0.0,0.0,0.06285639541945269,-2.3934775152624033,7.138380386648773,0.05577066938948586,0.7960375586579265,10,84
3,treino_2024_pos_dencun,train,2024-04-01,2024-12-31,max_priority_fee_log,A/B/C,conditional_robust_scaler_train,3210970,0.0,baixo,0.0,baixo,baixo,0.0,0.0,0.0,0.8154796764153621,0.8154796764153621,1.0,0.23014571920634574,0.23014571920634574,0.0,0.0,0.07884875909771813,-6.917596103832903,4.138868649581112,-0.32071427257545687,1.2071773899465188,8,57
3,treino_2024_pos_dencun,train,2024-04-01,2024-12-31,fee_cap_utilization,A/B/C,passthrough,3210970,0.0,baixo,0.0,baixo,baixo,0.7413346315067423,0.7413346315067423,0.0,0.5218538753991288,0.5218538753991288,1.0,0.15740695179338332,0.15740695179338332,0.0,0.0,0.0,0.0,1.0,0.6108027333342226,0.3557711226307193,10,75
3,treino_2024_pos_dencun,train,2024-04-01,2024-12-31,transaction_value_log,A/B/C,robust_scaler_train,3210970,0.0,baixo,0.0,baixo,baixo,0.0,0.0,0.0,1.0,1.0,1.0,0.5198260961640875,0.5198260961640875,0.0,0.0,0.0,0.0,1.3799909187875674,0.4669871666507804,0.49724202359833747,6,50
3,treino_2024_pos_dencun,train,2024-04-01,2024-12-31,nonce_log,A/B/C,robust_scaler_train,3210970,0.0,baixo,0.0,baixo,baixo,0.0,0.0,0.0,1.0,1.0,1.0,0.0005509238641282852,0.0005509238641282852,0.0,0.0,0.0,-0.6629378572783498,1.6408178616113354,0.15476234401970823,0.6295252149366479,10,87
3,treino_2024_pos_dencun,train,2024-04-01,2024-12-31,receipt_status,A/B/C,passthrough,3210970,0.0,baixo,0.0,baixo,baixo,1.0,1.0,0.0,0.0,0.0,,0.01958567037374999,0.01958567037374999,0.0,0.0,0.01958567037374999,0.0,1.0,0.98041432962625,0.13857156226985923,2,2
3,treino_2024_pos_dencun,train,2024-04-01,2024-12-31,tx_type_0,A/B/C,passthrough,3210970,0.0,baixo,0.0,baixo,baixo,0.0,0.0,0.0,0.0,0.0,,0.8484286679726064,0.8484286679726064,0.0,0.0,0.1515713320273936,0.0,1.0,0.1515713320273936,0.3586049405463639,3,2
3,treino_2024_pos_dencun,train,2024-04-01,2024-12-31,tx_type_1,A/B/C,passthrough,3210970,0.0,baixo,0.0,baixo,baixo,0.0,0.0,0.0,0.0,0.0,,0.9941643802340103,0.9941643802340103,0.0,0.0,0.005835619765989716,0.0,1.0,0.005835619765989716,0.07616801897602653,2,2
3,treino_2024_pos_dencun,train,2024-04-01,2024-12-31,tx_type_3,A/B/C,passthrough,3210970,0.0,baixo,0.0,baixo,baixo,0.0,0.0,0.0,0.0,0.0,,0.9928984076462876,0.9928984076462876,0.0,0.0,0.0071015923537124295,0.0,1.0,0.0071015923537124295,0.08397119706014756,2,2
3,treino_2024_pos_dencun,train,2024-04-01,2024-12-31,transaction_index_pct,A/B/C,passthrough,3210970,0.0,baixo,0.0,baixo,baixo,0.5,0.5,0.0,0.5031847133757963,0.5031847133757963,1.0,0.006128677627009907,0.006128677627009907,0.0,0.0,0.0,0.0,1.0,0.49999984428381333,0.29045246904102573,10,101
3,treino_2024_pos_dencun,train,2024-04-01,2024-12-31,block_tx_count_log,B/C,robust_scaler_train,3210970,0.0,baixo,0.0,baixo,baixo,0.0,0.0,0.0,1.0,1.0,1.0,0.006670881384752894,0.006670881384752894,0.0,0.0,0.03320367365624718,-10.846099436456571,5.078861744196001,0.07341940193149847,0.9048586505484671,10,101
3,treino_2024_pos_dencun,train,2024-04-01,2024-12-31,sender_tx_count_block_log,B/C,robust_scaler_train,3210970,0.0,baixo,0.0,baixo,baixo,0.0,0.0,0.0,0.0,0.0,,0.850543916635783,0.850543916635783,0.0,0.0,0.14945608336421703,0.0,4.890349128221754,0.12636887264301275,0.4061187940669514,3,8
3,treino_2024_pos_dencun,train,2024-04-01,2024-12-31,receiver_tx_count_block_log,B/C,robust_scaler_train,3210970,0.0,baixo,0.0,baixo,baixo,0.0,0.0,0.0,1.0,1.0,1.0,0.5684948784946605,0.5684948784946605,0.0,0.0,0.030224823028555232,0.0,5.193744809479722,0.5441918140458447,0.8233289137112377,6,27
3,treino_2024_pos_dencun,train,2024-04-01,2024-12-31,gas_price_rank_block,B/C,passthrough,3210970,0.0,baixo,0.0,baixo,baixo,0.45121951219512196,0.45121951219512196,0.0,0.507182320441989,0.507182320441989,1.0,0.024048184816426187,0.024048184816426187,0.0,0.0,0.0,0.0,1.0,0.46131707839815494,0.2968447320143557,10,99
3,treino_2024_pos_dencun,train,2024-04-01,2024-12-31,hour_sin,B/C,passthrough,3210970,0.0,baixo,0.0,baixo,baixo,0.0,0.0,0.0,1.4142135623730954,1.4142135623730954,1.0,0.03954661675443869,0.03954661675443869,0.0,0.0,0.0,-1.0,1.0,-0.019915926748595516,0.7064704908747367,10,27
3,treino_2024_pos_dencun,train,2024-04-01,2024-12-31,hour_cos,B/C,passthrough,3210970,0.0,baixo,0.0,baixo,baixo,-1.8369701987210297e-16,-1.8369701987210297e-16,0.0,1.4142135623730954,1.4142135623730954,1.0,0.0,0.0,0.0,0.0,0.0,-1.0,1.0,-0.026333125855118655,0.7069721910801241,10,26
3,treino_2024_pos_dencun,train,2024-04-01,2024-12-31,weekday_sin,B/C,passthrough,3210970,0.0,baixo,0.0,baixo,baixo,0.0,0.0,0.0,1.5636629649360598,1.5636629649360598,1.0,0.13526224162791928,0.13526224162791928,0.0,0.0,0.0,-0.9749279121818236,0.9749279121818236,0.01057382733405905,0.7113246529422382,10,14
3,treino_2024_pos_dencun,train,2024-04-01,2024-12-31,weekday_cos,B/C,passthrough,3210970,0.0,baixo,0.0,baixo,baixo,-0.22252093395631434,-0.22252093395631434,0.0,1.5244586697611526,1.5244586697611526,1.0,0.0,0.0,0.0,0.0,0.0,-0.9009688679024191,1.0,-0.01162748708985656,0.7026880852779819,8,10
3,treino_2024_pos_dencun,train,2024-04-01,2024-12-31,gas_limit_log,C,robust_scaler_train,3210970,0.0,baixo,0.0,baixo,baixo,0.0,0.0,0.0,1.0000000000000004,1.0000000000000004,1.0,0.00017876218089860697,0.00017876218089860697,0.0,0.0,0.0007820066833386796,-0.5883856225469472,2.4813584064188525,0.039945904490245515,0.5123658299835183,9,73
3,treino_2024_pos_dencun,train,2024-04-01,2024-12-31,transaction_fee_paid_log,C,robust_scaler_train,3210970,0.0,baixo,0.0,baixo,baixo,0.0,0.0,0.0,1.0,1.0,1.0,0.0,0.0,0.0,0.0,0.006683338679589034,-2.1528992943183263,5.3256264218126415,0.03417320910020026,0.7456892487739535,10,101
4,validacao_2025_pre_pectra,validation,2025-01-01,2025-04-30,gas_used_log,A/B/C,robust_scaler_train,1442555,0.023441908585292444,baixo,0.047805917494595895,baixo,baixo,0.0,-0.005810746968257608,-0.005810746968257608,1.0,0.9027562524237609,0.9027562524237609,3.0831804719446146e-05,2.9115007746671704e-05,-1.716796972774442e-06,3.4660723507942505e-06,0.0022855281081137287,-0.44609446388445456,3.6798325082498873,0.06554757604125568,0.5265676003474321,9,71
4,validacao_2025_pre_pectra,validation,2025-01-01,2025-04-30,gas_used_ratio,A/B/C,passthrough,1442555,0.01062312677382793,baixo,0.02674642199257371,baixo,baixo,0.7280278820756305,0.7521034113507725,0.024075529275142005,0.4706208630699257,0.485396351492668,1.0313957361056196,0.0,0.0,0.0,0.0,0.0,0.0007525666666666666,1.0,0.7009736344106188,0.2924533324626,9,75
4,validacao_2025_pre_pectra,validation,2025-01-01,2025-04-30,effective_gas_price_log,A/B/C,robust_scaler_train,1442555,1.351857094840667,alto,0.5009798662841813,alto,alto,0.0,-1.2207639330753774,-1.2207639330753774,1.0,1.5028292849350664,1.5028292849350664,1.5571618545174823e-06,0.0,-1.5571618545174823e-06,0.06907188980662782,0.22370516202155205,-2.983687296325887,6.538610291669831,-1.1434243812232976,1.0230112885518001,10,101
4,validacao_2025_pre_pectra,validation,2025-01-01,2025-04-30,max_fee_per_gas_log,A/B/C,conditional_robust_scaler_train,1442555,0.8714259573294001,alto,0.3602644066645032,alto,alto,0.0,-0.6907007507710128,-0.6907007507710128,0.7829188343284547,1.5400897055163627,1.9671128576659778,0.1574075746581251,0.16842269445532407,0.011015119797198963,0.022152361608396214,0.28611595398442347,-2.7723176426283223,5.226467734146305,-0.6376913320813016,1.1232499771561826,10,84
4,validacao_2025_pre_pectra,validation,2025-01-01,2025-04-30,max_priority_fee_log,A/B/C,conditional_robust_scaler_train,1442555,0.11803783537690528,moderado,0.09751809575688364,baixo,moderado,0.0,0.0,0.0,0.8154796764153621,0.9638138541849128,1.1818980681671791,0.23014571920634574,0.23596396671184114,0.005818247505495394,0.0,0.08552741489925861,-6.917596103832903,3.261157946628254,-0.4478189302899476,1.2998988092975892,8,57
4,validacao_2025_pre_pectra,validation,2025-01-01,2025-04-30,fee_cap_utilization,A/B/C,passthrough,1442555,0.061800213350304535,baixo,0.054862022870259874,baixo,baixo,0.7413346315067423,0.7576048689461266,0.016270237439384272,0.5218538753991288,0.7661542410774154,1.4681394106567451,0.15740695179338332,0.16842269445532407,0.011015742661940747,0.0,0.0,0.0,1.0,0.6001845642020818,0.3792601796855329,10,75
4,validacao_2025_pre_pectra,validation,2025-01-01,2025-04-30,transaction_value_log,A/B/C,robust_scaler_train,1442555,0.021786385714346778,baixo,0.047503433298905606,baixo,baixo,0.0,0.0,0.0,1.0,0.9829310544871569,0.9829310544871569,0.5198260961640875,0.5296720055734443,0.009845909409356812,0.0,0.0,0.0,1.3725970342102174,0.44360317733807936,0.4864674049411128,6,50
4,validacao_2025_pre_pectra,validation,2025-01-01,2025-04-30,nonce_log,A/B/C,robust_scaler_train,1442555,0.02511634841533249,baixo,0.06079635785499504,baixo,baixo,0.0,0.04909682052947659,0.04909682052947659,1.0,1.164560389146335,1.164560389146335,0.0005509238641282852,0.0004519758345435703,-9.894802958471496e-05,2.7728578806354003e-06,0.0,-0.6629378572783498,1.64081858835678,0.2090805427218064,0.6651999048175593,10,87
4,validacao_2025_pre_pectra,validation,2025-01-01,2025-04-30,receipt_status,A/B/C,passthrough,1442555,0.0,baixo,0.00017982449612313767,baixo,baixo,1.0,1.0,0.0,0.0,0.0,,0.01958567037374999,0.01940584587762685,-0.00017982449612313767,0.0,0.01940584587762685,0.0,1.0,0.9805941541223732,0.1379466281384491,2,2
4,validacao_2025_pre_pectra,validation,2025-01-01,2025-04-30,tx_type_0,A/B/C,passthrough,1442555,0.0006236724450971804,baixo,0.009063097855695812,baixo,baixo,0.0,0.0,0.0,0.0,0.0,,0.8484286679726064,0.8393655701169106,-0.009063097855695812,0.0,0.16063442988308937,0.0,1.0,0.16063442988308937,0.3671935501695212,3,2
4,validacao_2025_pre_pectra,validation,2025-01-01,2025-04-30,tx_type_1,A/B/C,passthrough,1442555,0.0005674456518807414,baixo,0.0019526448062450186,baixo,baixo,0.0,0.0,0.0,0.0,0.0,,0.9941643802340103,0.9922117354277653,-0.0019526448062450186,0.0,0.007788264572234681,0.0,1.0,0.007788264572234681,0.08790684196398277,2,2
4,validacao_2025_pre_pectra,validation,2025-01-01,2025-04-30,tx_type_3,A/B/C,passthrough,1442555,4.7810462758001834e-06,baixo,0.0001847849421272585,baixo,baixo,0.0,0.0,0.0,0.0,0.0,,0.9928984076462876,0.9927136227041603,-0.0001847849421272585,0.0,0.007286377295839673,0.0,1.0,0.007286377295839673,0.08504875669852181,2,2
4,validacao_2025_pre_pectra,validation,2025-01-01,2025-04-30,transaction_index_pct,A/B/C,passthrough,1442555,3.6756136313015864e-07,baixo,0.0001774314006961781,baixo,baixo,0.5,0.5,0.0,0.5031847133757963,0.5031055900621118,0.9998427549335637,0.006128677627009907,0.0059512462263137285,-0.0001774314006961781,0.0,0.0,0.0,1.0,0.4999996533927655,0.29040217312662175,10,101
4,validacao_2025_pre_pectra,validation,2025-01-01,2025-04-30,block_tx_count_log,B/C,robust_scaler_train,1442555,0.04112675295036855,baixo,0.08553628851705863,baixo,baixo,0.0,0.1385678879219617,0.1385678879219617,1.0,1.1708555504746136,1.1708555504746136,0.006670881384752894,0.0063637088360582435,-0.00030717254869465013,0.0,0.04322122899993414,-10.846099436456571,4.686688507166512,0.186557367427682,0.9755286216349097,10,101
4,validacao_2025_pre_pectra,validation,2025-01-01,2025-04-30,sender_tx_count_block_log,B/C,robust_scaler_train,1442555,0.011232874736472928,baixo,0.029565820400291987,baixo,baixo,0.0,0.0,0.0,0.0,0.0,,0.850543916635783,0.8215326278720742,-0.029011288763708842,0.00041592868209531006,0.1784673721279258,0.0,5.705447753975262,0.16989032546016486,0.492102162624783,3,8
4,validacao_2025_pre_pectra,validation,2025-01-01,2025-04-30,receiver_tx_count_block_log,B/C,robust_scaler_train,1442555,0.008972255671259295,baixo,0.023217302161689934,baixo,baixo,0.0,0.0,0.0,1.0,1.0,1.0,0.5684948784946605,0.5768327724072912,0.008337893912630734,0.0,0.03263861689848914,0.0,4.895030432660842,0.5555459966764036,0.8384370812792387,6,27
4,validacao_2025_pre_pectra,validation,2025-01-01,2025-04-30,gas_price_rank_block,B/C,passthrough,1442555,0.009406685209995559,baixo,0.024986455206707614,baixo,baixo,0.45121951219512196,0.4575757575757576,0.006356245380635617,0.507182320441989,0.4806990881458967,0.9477836051678354,0.024048184816426187,0.029139270253127264,0.005091085436701077,0.0,0.0,0.0,1.0,0.46532985343147654,0.2854493567018484,10,99
4,validacao_2025_pre_pectra,validation,2025-01-01,2025-04-30,hour_sin,B/C,passthrough,1442555,0.0009288779933096384,baixo,0.014670918968554436,baixo,baixo,0.0,0.0,0.0,1.4142135623730954,1.4142135623730954,1.0,0.03954661675443869,0.03761173750740873,-0.0019348792470299594,0.0,0.0,-1.0,1.0,-0.040370684059143826,0.7083458936445144,10,27
4,validacao_2025_pre_pectra,validation,2025-01-01,2025-04-30,hour_cos,B/C,passthrough,1442555,0.000843447205520892,baixo,0.012498720656667683,baixo,baixo,-1.8369701987210297e-16,-1.8369701987210297e-16,0.0,1.4142135623730954,1.4142135623730954,1.0,0.0,0.0,0.0,0.0,0.0,-1.0,1.0,-0.04125291321098236,0.7035020901764253,10,26
4,validacao_2025_pre_pectra,validation,2025-01-01,2025-04-30,weekday_sin,B/C,passthrough,1442555,0.001228411420004442,baixo,0.009708305354733437,baixo,baixo,0.0,0.0,0.0,1.5636629649360598,1.5636629649360598,1.0,0.13526224162791928,0.125978558876438,-0.009283682751481281,0.0,0.0,-0.9749279121818236,0.9749279121818236,0.01385123829882801,0.7139187398223841,10,14
4,validacao_2025_pre_pectra,validation,2025-01-01,2025-04-30,weekday_cos,B/C,passthrough,1442555,0.001525907146045032,baixo,0.01226121728376961,baixo,baixo,-0.22252093395631434,-0.22252093395631434,0.0,1.5244586697611526,1.5244586697611526,1.0,0.0,0.0,0.0,0.0,0.0,-0.9009688679024191,1.0,-0.029123995804731264,0.6994859980659627,8,10
4,validacao_2025_pre_pectra,validation,2025-01-01,2025-04-30,gas_limit_log,C,robust_scaler_train,1442555,0.010903308200070717,baixo,0.04245866263911202,baixo,baixo,0.0,-0.023205080240443453,-0.023205080240443453,1.0000000000000004,0.9934907266029551,0.9934907266029547,0.00017876218089860697,0.0,-0.00017876218089860697,7.625359171747351e-05,0.0017420479635091902,-0.5883856225469472,2.5508971710097255,0.017347857495143282,0.5259627325007452,9,73
4,validacao_2025_pre_pectra,validation,2025-01-01,2025-04-30,transaction_fee_paid_log,C,robust_scaler_train,1442555,0.8612633437412662,alto,0.39202522307122334,alto,alto,0.0,-0.7757208350084793,-0.7757208350084793,1.0,1.195148180839864,1.195148180839864,0.0,0.0,0.0,0.02916006668723203,0.06106318303288263,-2.4501305087231264,4.981695966327528,-0.7171770096252986,0.8640460723614815,10,101
5,transicao_pectra_2025,protocol_transition,2025-05-01,2025-05-31,gas_used_log,A/B/C,robust_scaler_train,423759,0.019227992836699674,baixo,0.05320926972199885,baixo,baixo,0.0,-0.016409248319659793,-0.016409248319659793,1.0,0.9109044227026952,0.9109044227026952,3.0831804719446146e-05,2.1238486970188243e-05,-9.593317749257903e-06,4.719663771152943e-06,0.001956300633142895,-0.44609446388445456,3.6489241129024164,0.06293181820974533,0.5232234601336088,9,71
5,transicao_pectra_2025,protocol_transition,2025-05-01,2025-05-31,gas_used_ratio,A/B/C,passthrough,423759,0.005249093124109375,baixo,0.02427330462428362,baixo,baixo,0.7280278820756305,0.7290526881264402,0.001024806050809679,0.4706208630699257,0.49940378802584506,1.0611594750988393,0.0,0.0,0.0,0.0,0.0,0.0016666666666666668,1.0,0.6913623590540321,0.2929017037529446,9,75
5,transicao_pectra_2025,protocol_transition,2025-05-01,2025-05-31,effective_gas_price_log,A/B/C,robust_scaler_train,423759,1.766781371664416,alto,0.5499424626444038,alto,alto,0.0,-1.2230569141077476,-1.2230569141077476,1.0,1.1689124731634615,1.1689124731634615,1.5571618545174823e-06,0.0,-1.5571618545174823e-06,0.07377070457500608,0.18316779112656015,-3.052388520835904,4.817886332225329,-1.2202728437611867,0.8625586109096304,10,101
5,transicao_pectra_2025,protocol_transition,2025-05-01,2025-05-31,max_fee_per_gas_log,A/B/C,conditional_robust_scaler_train,423759,1.0797044013222499,alto,0.3961389714960247,alto,alto,0.0,-0.8082849920567595,-0.8082849920567595,0.7829188343284547,1.4455896021979298,1.8464105585579356,0.1574075746581251,0.18230645248832472,0.024898877830199617,0.027525079113363965,0.24163026625983164,-2.830027070935834,3.7977370252381975,-0.713133511108788,1.0200435188881567,10,84
5,transicao_pectra_2025,protocol_transition,2025-05-01,2025-05-31,max_priority_fee_log,A/B/C,conditional_robust_scaler_train,423759,0.11687391802669482,moderado,0.12426293896330876,moderado,moderado,0.0,0.0,0.0,0.8154796764153621,0.8441787083830574,1.0351928230680731,0.23014571920634574,0.2516335936227903,0.021487874416444563,0.0,0.09276735125389667,-6.917596103832903,2.5975859660086407,-0.48359535575296414,1.3840672395537656,8,57
5,transicao_pectra_2025,protocol_transition,2025-05-01,2025-05-31,fee_cap_utilization,A/B/C,passthrough,423759,0.04644070166574174,baixo,0.04710742483067479,baixo,baixo,0.7413346315067423,0.7561008044444445,0.014766172937702216,0.5218538753991288,0.7638503319747757,1.4637245558262093,0.15740695179338332,0.18230645248832472,0.0248995006949414,0.0,0.0,0.0,1.0,0.5986464830630142,0.37806236665892673,10,75
5,transicao_pectra_2025,protocol_transition,2025-05-01,2025-05-31,transaction_value_log,A/B/C,robust_scaler_train,423759,0.04401200397724058,baixo,0.06946572747975144,baixo,baixo,0.0,0.0,0.0,1.0,0.9769297434947571,0.9769297434947571,0.5198260961640875,0.5296784257089525,0.009852329544865035,0.0,0.0,0.0,1.364937421842775,0.4372397225200452,0.4810882473753558,6,50
5,transicao_pectra_2025,protocol_transition,2025-05-01,2025-05-31,nonce_log,A/B/C,robust_scaler_train,423759,0.011789579322413266,baixo,0.03905731424800141,baixo,baixo,0.0,0.03859462145125551,0.03859462145125551,1.0,1.0942239637944686,1.0942239637944686,0.0005509238641282852,0.0004625270495729884,-8.839681455529683e-05,0.0,0.0,-0.6629378572783498,1.4926405200487718,0.18855140542714383,0.6455115372442967,10,87
5,transicao_pectra_2025,protocol_transition,2025-05-01,2025-05-31,receipt_status,A/B/C,passthrough,423759,0.0,baixo,0.000768370918163206,baixo,baixo,1.0,1.0,0.0,0.0,0.0,,0.01958567037374999,0.018817299455586783,-0.000768370918163206,0.0,0.018817299455586783,0.0,1.0,0.9811827005444133,0.1358795505841733,2,2
5,transicao_pectra_2025,protocol_transition,2025-05-01,2025-05-31,tx_type_0,A/B/C,passthrough,423759,0.0031840664371514237,baixo,0.02077662990379847,baixo,baixo,0.0,0.0,0.0,0.0,0.0,,0.8484286679726064,0.8276520380688079,-0.02077662990379847,0.0,0.17234796193119203,0.0,1.0,0.17234796193119203,0.3776830398182388,3,2
5,transicao_pectra_2025,protocol_transition,2025-05-01,2025-05-31,tx_type_1,A/B/C,passthrough,423759,0.0022205812126386937,baixo,0.004122870791143041,baixo,baixo,0.0,0.0,0.0,0.0,0.0,,0.9941643802340103,0.9900415094428673,-0.004122870791143041,0.0,0.00995849055713271,0.0,1.0,0.00995849055713271,0.09929422082551671,2,2
5,transicao_pectra_2025,protocol_transition,2025-05-01,2025-05-31,tx_type_3,A/B/C,passthrough,423759,2.8309673645555604e-05,baixo,0.0004397869407301025,baixo,baixo,0.0,0.0,0.0,0.0,0.0,,0.9928984076462876,0.9933381945870177,0.0004397869407301025,0.0,0.006661805412982379,0.0,1.0,0.006661805412982379,0.08134765748115376,2,2
5,transicao_pectra_2025,protocol_transition,2025-05-01,2025-05-31,transaction_index_pct,A/B/C,passthrough,423759,4.7194818635145575e-06,baixo,0.00092288848742821,baixo,baixo,0.5,0.5,0.0,0.5031847133757963,0.5026455026455026,0.9989284039916947,0.006128677627009907,0.005205789139581697,-0.00092288848742821,0.0,0.0,0.0,1.0,0.49999882008405233,0.2901839712102701,10,101
5,transicao_pectra_2025,protocol_transition,2025-05-01,2025-05-31,block_tx_count_log,B/C,robust_scaler_train,423759,0.267839610898099,alto,0.23165014743782414,alto,alto,0.0,0.4421477108615081,0.4421477108615081,1.0,1.0793342530548349,1.0793342530548349,0.006670881384752894,0.005215228467124002,-0.0014556529176288913,0.0,0.05926245814248193,-10.846099436456571,4.399256421237912,0.4838712172043938,0.9390094523576854,10,101
5,transicao_pectra_2025,protocol_transition,2025-05-01,2025-05-31,sender_tx_count_block_log,B/C,robust_scaler_train,423759,0.009652032252610599,baixo,0.02722908455780204,baixo,baixo,0.0,0.0,0.0,0.0,0.0,,0.850543916635783,0.8276709167238926,-0.0228729999118904,0.001897304836003483,0.1723290832761074,0.0,5.482720089545816,0.16981052595426166,0.5166089827538991,3,8
5,transicao_pectra_2025,protocol_transition,2025-05-01,2025-05-31,receiver_tx_count_block_log,B/C,robust_scaler_train,423759,0.016478680407098874,baixo,0.03929429799992823,baixo,baixo,0.0,0.0,0.0,1.0,1.1065895113302242,1.1065895113302242,0.5684948784946605,0.554397664710366,-0.014097213784294516,0.0,0.03563346147220472,0.0,4.818690400132026,0.6041544752233391,0.8942708508747057,6,27
5,transicao_pectra_2025,protocol_transition,2025-05-01,2025-05-31,gas_price_rank_block,B/C,passthrough,423759,0.010138248732486449,baixo,0.023153224585165222,baixo,baixo,0.45121951219512196,0.46,0.008780487804878057,0.507182320441989,0.4970120477131421,0.979947501482339,0.024048184816426187,0.028572844470559917,0.00452465965413373,0.0,0.0,0.0,1.0,0.4693169962839111,0.2892502903154662,10,99
5,transicao_pectra_2025,protocol_transition,2025-05-01,2025-05-31,hour_sin,B/C,passthrough,423759,0.0009288418420976119,baixo,0.007294212397979616,baixo,baixo,0.0,0.0,0.0,1.4142135623730954,1.4142135623730954,1.0,0.03954661675443869,0.03914489131794251,-0.00040172543649618503,0.0,0.0,-1.0,1.0,-0.027321089353811206,0.7092975741225493,10,27
5,transicao_pectra_2025,protocol_transition,2025-05-01,2025-05-31,hour_cos,B/C,passthrough,423759,0.0009453078537446709,baixo,0.007384075831255055,baixo,baixo,-1.8369701987210297e-16,-1.8369701987210297e-16,0.0,1.4142135623730954,1.4142135623730954,1.0,0.0,0.0,0.0,0.0,0.0,-1.0,1.0,-0.02670786012160296,0.7038746735185202,10,26
5,transicao_pectra_2025,protocol_transition,2025-05-01,2025-05-31,weekday_sin,B/C,passthrough,423759,0.016805021758598458,baixo,0.06375672532673343,baixo,baixo,0.0,0.0,0.0,1.5636629649360598,1.5636629649360598,1.0,0.13526224162791928,0.11697922639991128,-0.018283015228008,0.0,0.0,-0.9749279121818236,0.9749279121818236,-0.07179950595680111,0.7140150242018433,10,14
5,transicao_pectra_2025,protocol_transition,2025-05-01,2025-05-31,weekday_cos,B/C,passthrough,423759,0.016805496673320066,baixo,0.03119480259892038,baixo,baixo,-0.22252093395631434,-0.22252093395631434,0.0,1.5244586697611526,1.5244586697611524,0.9999999999999999,0.0,0.0,0.0,0.0,0.0,-0.9009688679024191,1.0,-0.031851731272808555,0.6957120012270038,8,10
5,transicao_pectra_2025,protocol_transition,2025-05-01,2025-05-31,gas_limit_log,C,robust_scaler_train,423759,0.01515818560397008,baixo,0.03823123805531148,baixo,baixo,0.0,-0.046663043290521185,-0.046663043290521185,1.0000000000000004,1.012869762046552,1.0128697620465517,0.00017876218089860697,0.0,-0.00017876218089860697,8.25941159951765e-05,0.0013521836704353182,-0.5883856225469472,2.5497002412172276,0.024211616369806416,0.5339246638467414,9,73
5,transicao_pectra_2025,protocol_transition,2025-05-01,2025-05-31,transaction_fee_paid_log,C,robust_scaler_train,423759,1.0206123008236676,alto,0.4188838675859814,alto,alto,0.0,-0.8274833638733649,-0.8274833638733649,1.0,1.078287530492879,1.078287530492879,0.0,0.0,0.0,0.02996278545116446,0.052383548196026516,-2.4954082980456804,4.38375263406549,-0.77048335243269,0.7919001131649691,10,101
6,teste_final_2025,test,2025-06-01,2025-11-30,gas_used_log,A/B/C,robust_scaler_train,2827717,0.04486195066549796,baixo,0.06622853918312438,baixo,baixo,0.0,-0.016707563530004525,-0.016707563530004525,1.0,0.8759662740999776,0.8759662740999776,3.0831804719446146e-05,1.6621182388478055e-05,-1.4210622330968091e-05,1.5560255853043284e-05,0.0024249244178254047,-0.44609446388445456,3.810603502648187,0.061765413925273724,0.5303596780202151,9,71
6,teste_final_2025,test,2025-06-01,2025-11-30,gas_used_ratio,A/B/C,passthrough,2827717,0.003458130238323221,baixo,0.019017889580612457,baixo,baixo,0.7280278820756305,0.7338181818181818,0.005790299742551297,0.4706208630699257,0.489936807985102,1.041043537231171,0.0,0.0,0.0,3.536421784782565e-07,0.0,0.0006401169590643274,1.0,0.6974323815037883,0.2867532417725847,9,75
6,teste_final_2025,test,2025-06-01,2025-11-30,effective_gas_price_log,A/B/C,robust_scaler_train,2827717,3.1111083418449312,alto,0.7044488573922693,alto,alto,0.0,-1.8397115093417349,-1.8397115093417349,1.0,1.6664093982754746,1.6664093982754746,1.5571618545174823e-06,0.0,-1.5571618545174823e-06,0.3258165509490518,0.4477590932897458,-5.065063543936576,7.034538915215518,-1.970202902964735,1.1258919644832825,10,101
6,teste_final_2025,test,2025-06-01,2025-11-30,max_fee_per_gas_log,A/B/C,conditional_robust_scaler_train,2827717,1.9353831832600819,alto,0.5327336409221869,alto,alto,0.0,-1.3184467951125065,-1.3184467951125065,0.7829188343284547,2.1486755943008067,2.744442335639842,0.1574075746581251,0.15783545524534456,0.0004278805872194591,0.20040053513134448,0.4558748276436433,-4.52068580053407,5.384479102476768,-1.1859766240810214,1.354017888328685,10,84
6,teste_final_2025,test,2025-06-01,2025-11-30,max_priority_fee_log,A/B/C,conditional_robust_scaler_train,2827717,0.291109851155464,alto,0.20093666351950729,alto,alto,0.0,-0.16094354432239166,-0.16094354432239166,0.8154796764153621,0.963486564062933,1.1814967214120784,0.23014571920634574,0.23599073033121773,0.005845011124871985,0.0,0.18226576421897947,-6.917596103832903,3.333698835609699,-0.9086834597969043,1.7332896338585058,8,57
6,teste_final_2025,test,2025-06-01,2025-11-30,fee_cap_utilization,A/B/C,passthrough,2827717,0.15580492854800165,moderado,0.11315803092846854,moderado,moderado,0.7413346315067423,0.7940355681038435,0.05270093659710118,0.5218538753991288,0.7700271986838393,1.4755609471998277,0.15740695179338332,0.15783545524534456,0.00042850345196124295,0.0,0.0,0.0,1.0,0.616367136311119,0.3862554839423921,10,75
6,teste_final_2025,test,2025-06-01,2025-11-30,transaction_value_log,A/B/C,robust_scaler_train,2827717,0.08207303784485248,baixo,0.10083240662567639,moderado,moderado,0.0,0.0,0.0,1.0,0.9576283340867968,0.9576283340867968,0.5198260961640875,0.5503467992023247,0.030520703038237174,2.121853070869539e-06,0.0,0.0,1.4060751942703968,0.4146494955554506,0.4750757414798149,6,50
6,teste_final_2025,test,2025-06-01,2025-11-30,nonce_log,A/B/C,robust_scaler_train,2827717,0.017653270101357907,baixo,0.042275220826896054,baixo,baixo,0.0,0.014657542642304172,0.014657542642304172,1.0,1.1040564291925967,1.1040564291925967,0.0005509238641282852,0.00045690569459390736,-9.401816953437788e-05,2.4754952493477954e-06,0.0,-0.6629378572783498,1.6408200990587816,0.17744855817828406,0.6462723477083008,10,87
6,teste_final_2025,test,2025-06-01,2025-11-30,receipt_status,A/B/C,passthrough,2827717,0.0,baixo,0.0047960008276108235,baixo,baixo,1.0,1.0,0.0,0.0,0.0,,0.01958567037374999,0.014789669546139165,-0.0047960008276108235,0.0,0.014789669546139165,0.0,1.0,0.9852103304538609,0.12071015025156004,2,2
6,teste_final_2025,test,2025-06-01,2025-11-30,tx_type_0,A/B/C,passthrough,2827717,2.706290782353186e-06,baixo,0.00058946220095768,baixo,baixo,0.0,0.0,0.0,0.0,0.0,,0.8484286679726064,0.8490181301735641,0.00058946220095768,0.0,0.15098186982643597,0.0,1.0,0.15098186982643597,0.35803126978277194,3,2
6,teste_final_2025,test,2025-06-01,2025-11-30,tx_type_1,A/B/C,passthrough,2827717,0.00016472305311091793,baixo,0.0010179656529188952,baixo,baixo,0.0,0.0,0.0,0.0,0.0,,0.9941643802340103,0.9931464145810914,-0.0010179656529188952,0.0,0.006853585418908611,0.0,1.0,0.006853585418908611,0.08250221932118544,2,2
6,teste_final_2025,test,2025-06-01,2025-11-30,tx_type_3,A/B/C,passthrough,2827717,2.952409850137235e-05,baixo,0.0004635211282943974,baixo,baixo,0.0,0.0,0.0,0.0,0.0,,0.9928984076462876,0.9924348865179932,-0.0004635211282943974,0.0,0.007565113482006862,0.0,1.0,0.007565113482006862,0.086648053614124,2,2
6,teste_final_2025,test,2025-06-01,2025-11-30,transaction_index_pct,A/B/C,passthrough,2827717,1.0532377606886121e-05,baixo,0.001501977005978877,baixo,baixo,0.5,0.5,0.0,0.5031847133757963,0.5023923444976077,0.9984252922294228,0.006128677627009907,0.00462670062103103,-0.001501977005978877,0.0,0.0,0.0,1.0,0.49999982317890845,0.29001559869364546,10,101
6,teste_final_2025,test,2025-06-01,2025-11-30,block_tx_count_log,B/C,robust_scaler_train,2827717,0.7135645905417146,alto,0.3745110869985491,alto,alto,0.0,0.7332803084775914,0.7332803084775914,1.0,1.0818768112388288,1.0818768112388288,0.006670881384752894,0.005110129479010806,-0.0015607519057420872,0.0005315241942528195,0.09096985306521127,-10.846099436456571,5.30104955448553,0.771702858005056,0.9359299167612639,10,101
6,teste_final_2025,test,2025-06-01,2025-11-30,sender_tx_count_block_log,B/C,robust_scaler_train,2827717,0.00640262399682198,baixo,0.02046701919669247,baixo,baixo,0.0,0.0,0.0,0.0,0.0,,0.850543916635783,0.8390532008684037,-0.011490715767379256,0.00017682108923912823,0.16094679913159626,0.0,5.523458920524919,0.15699301332929058,0.47718174326604845,3,8
6,teste_final_2025,test,2025-06-01,2025-11-30,receiver_tx_count_block_log,B/C,robust_scaler_train,2827717,0.0836661610541822,baixo,0.0975484526804099,baixo,baixo,0.0,0.0,0.0,1.0,1.4302461952399894,1.4302461952399894,0.5684948784946605,0.5319287609049986,-0.036566117589661884,0.0,0.0723484705152602,0.0,5.038975446628472,0.7201580878445307,0.9968462241266084,6,27
6,teste_final_2025,test,2025-06-01,2025-11-30,gas_price_rank_block,B/C,passthrough,2827717,0.011505287396061416,baixo,0.023507503892916448,baixo,baixo,0.45121951219512196,0.4688995215311005,0.01768000933597852,0.507182320441989,0.4908995154834632,0.967895558850837,0.024048184816426187,0.038023960672160614,0.013975775855734427,0.0,0.0,0.0,1.0,0.46767419368720814,0.2877485810937324,10,99
6,teste_final_2025,test,2025-06-01,2025-11-30,hour_sin,B/C,passthrough,2827717,0.0003422721237342561,baixo,0.005539217582838152,baixo,baixo,0.0,0.0,0.0,1.4142135623730954,1.4142135623730954,1.0,0.03954661675443869,0.03837795649281735,-0.0011686602616213446,0.0,0.0,-1.0,1.0,-0.028526217413194235,0.7062008009898939,10,27
6,teste_final_2025,test,2025-06-01,2025-11-30,hour_cos,B/C,passthrough,2827717,0.0007314983928856617,baixo,0.012064525648245006,baixo,baixo,-1.8369701987210297e-16,-1.8369701987210297e-16,0.0,1.4142135623730954,1.4142135623730954,1.0,0.0,0.0,0.0,0.0,0.0,-1.0,1.0,-0.0404252731022945,0.706280987760913,10,26
6,teste_final_2025,test,2025-06-01,2025-11-30,weekday_sin,B/C,passthrough,2827717,0.00027625010502334513,baixo,0.002706954172235987,baixo,baixo,0.0,0.0,0.0,1.5636629649360598,1.5636629649360598,1.0,0.13526224162791928,0.13284391613446467,-0.0024183254934546095,0.0,0.0,-0.9749279121818236,0.9749279121818236,0.009652712513974501,0.7105997612934359,10,14
6,teste_final_2025,test,2025-06-01,2025-11-30,weekday_cos,B/C,passthrough,2827717,0.0005685568017396835,baixo,0.010480293752350711,baixo,baixo,-0.22252093395631434,-0.22252093395631434,0.0,1.5244586697611526,1.5244586697611526,1.0,0.0,0.0,0.0,0.0,0.0,-0.9009688679024191,1.0,-0.025196465015818105,0.7030791533862898,8,10
6,teste_final_2025,test,2025-06-01,2025-11-30,gas_limit_log,C,robust_scaler_train,2827717,0.025808488371025628,baixo,0.05315764904557818,baixo,baixo,0.0,-0.05235745574484949,-0.05235745574484949,1.0000000000000004,0.9833662811347035,0.983366281134703,0.00017876218089860697,0.0,-0.00017876218089860697,5.941188598434709e-05,0.00236303703659171,-0.5883856225469472,2.716313410356271,0.012634811454201726,0.5303925980516255,9,73
6,teste_final_2025,test,2025-06-01,2025-11-30,transaction_fee_paid_log,C,robust_scaler_train,2827717,2.0251984211707206,alto,0.5872613921180017,alto,alto,0.0,-1.2660339415669595,-1.2660339415669595,1.0,1.1980381805099167,1.1980381805099167,0.0,0.0,0.0,0.1757665282629061,0.22404045383608048,-3.8218690319982587,5.403940101343674,-1.2659132119742793,0.9080508093131436,10,101
7,estresse_fusaka_2025,future_stress,2025-12-01,2025-12-31,gas_used_log,A/B/C,robust_scaler_train,512462,0.12941353194411576,moderado,0.09689338294983257,baixo,moderado,0.0,-0.06642798111744608,-0.06642798111744608,1.0,0.7279033984562763,0.7279033984562763,3.0831804719446146e-05,3.9027283974226384e-06,-2.692907632202351e-05,1.5610913589690554e-05,0.010412479364323598,-0.44609446388445456,3.9468277222810726,0.06565275713475519,0.5595964822107302,9,71
7,estresse_fusaka_2025,future_stress,2025-12-01,2025-12-31,gas_used_ratio,A/B/C,passthrough,512462,0.01125862573694381,baixo,0.031693352441617084,baixo,baixo,0.7280278820756305,0.7360696725371748,0.008041790461544296,0.4706208630699257,0.47124479100756644,1.0013257549475618,0.0,0.0,0.0,0.0,0.0,0.0011134683337423042,1.0,0.7038479660584538,0.27617602686781983,9,75
7,estresse_fusaka_2025,future_stress,2025-12-01,2025-12-31,effective_gas_price_log,A/B/C,robust_scaler_train,512462,5.615047767073094,alto,0.8723540638758016,alto,alto,0.0,-3.8227407978101313,-3.8227407978101313,1.0,2.6635633967957357,2.6635633967957357,1.5571618545174823e-06,0.0,-1.5571618545174823e-06,0.6881661469533351,0.752896800152987,-5.77870960422238,4.036534411126264,-3.451766484056912,1.4112796155137166,10,101
7,estresse_fusaka_2025,future_stress,2025-12-01,2025-12-31,max_fee_per_gas_log,A/B/C,conditional_robust_scaler_train,512462,3.086168604227602,alto,0.6592537809154033,alto,alto,0.0,-2.314024977726029,-2.314024977726029,0.7829188343284547,3.4692654357424737,4.431194248530528,0.1574075746581251,0.16635574930433866,0.008948174646213558,0.48215282303858625,0.6600489402141037,-5.1155027387552225,3.4438171651611595,-2.0752597715043337,1.8724624606576654,10,84
7,estresse_fusaka_2025,future_stress,2025-12-01,2025-12-31,max_priority_fee_log,A/B/C,conditional_robust_scaler_train,512462,0.7508223695577667,alto,0.33680474162742946,alto,alto,0.0,-0.8075217295087496,-0.8075217295087496,0.8154796764153621,2.194563541803117,2.6911321094473517,0.23014571920634574,0.21720634895855692,-0.012939370247788823,0.0,0.3433425307632566,-6.917596103832903,2.2962690470455267,-1.7230442074685712,2.3035746679673266,8,57
7,estresse_fusaka_2025,future_stress,2025-12-01,2025-12-31,fee_cap_utilization,A/B/C,passthrough,512462,0.2694020199354088,alto,0.13845466777970972,moderado,alto,0.7413346315067423,0.7882498498883439,0.04691521838160162,0.5218538753991288,0.9440083572926117,1.8089515126635922,0.15740695179338332,0.16635574930433866,0.008948797510955342,0.0,0.0,0.0,1.0,0.6012454276154838,0.40361453930116803,10,75
7,estresse_fusaka_2025,future_stress,2025-12-01,2025-12-31,transaction_value_log,A/B/C,robust_scaler_train,512462,0.20089813201609547,moderado,0.17531831855063928,moderado,moderado,0.0,0.0,0.0,1.0,0.8914015566180108,0.8914015566180108,0.5198260961640875,0.596844253817844,0.07701815765375652,0.0,0.0,0.0,1.3683292043651707,0.3566360152074543,0.45187740844500107,6,50
7,estresse_fusaka_2025,future_stress,2025-12-01,2025-12-31,nonce_log,A/B/C,robust_scaler_train,512462,0.06442245184381083,baixo,0.053141703975239235,baixo,baixo,0.0,-0.004992595298617146,-0.004992595298617146,1.0,1.1194323887823356,1.1194323887823356,0.0005509238641282852,0.0004293001237164902,-0.00012162374041179504,0.0,0.0,-0.6629378572783498,1.5081555590245306,0.14297797646019553,0.6465326266577092,10,87
7,estresse_fusaka_2025,future_stress,2025-12-01,2025-12-31,receipt_status,A/B/C,passthrough,512462,0.0,baixo,0.006648125736293944,baixo,baixo,1.0,1.0,0.0,0.0,0.0,,0.01958567037374999,0.012937544637456045,-0.006648125736293944,0.0,0.012937544637456045,0.0,1.0,0.987062455362544,0.11300526313185794,2,2
7,estresse_fusaka_2025,future_stress,2025-12-01,2025-12-31,tx_type_0,A/B/C,passthrough,512462,0.001110036608614538,baixo,0.012138367423492502,baixo,baixo,0.0,0.0,0.0,0.0,0.0,,0.8484286679726064,0.8362903005491139,-0.012138367423492502,0.0,0.16370969945088612,0.0,1.0,0.16370969945088612,0.3700122983308867,3,2
7,estresse_fusaka_2025,future_stress,2025-12-01,2025-12-31,tx_type_1,A/B/C,passthrough,512462,0.002532887625028505,baixo,0.00318956991253716,baixo,baixo,0.0,0.0,0.0,0.0,0.0,,0.9941643802340103,0.9973539501465475,0.00318956991253716,0.0,0.002646049853452549,0.0,1.0,0.002646049853452549,0.05137171812758412,2,2
7,estresse_fusaka_2025,future_stress,2025-12-01,2025-12-31,tx_type_3,A/B/C,passthrough,512462,0.00010346360046211171,baixo,0.0008794872190168723,baixo,baixo,0.0,0.0,0.0,0.0,0.0,,0.9928984076462876,0.9920189204272707,-0.0008794872190168723,0.0,0.007981079572729295,0.0,1.0,0.007981079572729295,0.08897975832350236,2,2
7,estresse_fusaka_2025,future_stress,2025-12-01,2025-12-31,transaction_index_pct,A/B/C,passthrough,512462,1.592019123090147e-05,baixo,0.0018181141120566027,baixo,baixo,0.5,0.5,0.0,0.5031847133757963,0.5021834061135371,0.9980100602509532,0.006128677627009907,0.004310563514953304,-0.0018181141120566027,0.0,0.0,0.0,1.0,0.49999999999999434,0.2899242684019784,10,101
7,estresse_fusaka_2025,future_stress,2025-12-01,2025-12-31,block_tx_count_log,B/C,robust_scaler_train,512462,1.0731798161844595,alto,0.45592229153726127,alto,alto,0.0,1.002796718064531,1.002796718064531,1.0,1.2013997202509015,1.2013997202509015,0.006670881384752894,0.004312514879152015,-0.0023583665056008786,0.0,0.1470333410086992,-9.156110548226502,4.344677803992167,0.9905248248657434,1.0329728766487076,10,101
7,estresse_fusaka_2025,future_stress,2025-12-01,2025-12-31,sender_tx_count_block_log,B/C,robust_scaler_train,512462,0.004355726916851276,baixo,0.01034818109203739,baixo,baixo,0.0,0.0,0.0,0.0,0.0,,0.850543916635783,0.8545843399120325,0.0040404232762495385,0.0005522360682353033,0.1454156600879675,0.0,4.955827057601261,0.14412251617366667,0.476707893959693,3,8
7,estresse_fusaka_2025,future_stress,2025-12-01,2025-12-31,receiver_tx_count_block_log,B/C,robust_scaler_train,512462,0.300154287891784,alto,0.20452869135841223,alto,alto,0.0,0.3236566839097652,0.3236566839097652,1.0,2.106589511330224,2.106589511330224,0.5684948784946605,0.47786762725821624,-0.09062725123644427,0.0,0.16291744558620933,0.0,4.6884569523137305,0.9785483933299947,1.1941715358970875,6,27
7,estresse_fusaka_2025,future_stress,2025-12-01,2025-12-31,gas_price_rank_block,B/C,passthrough,512462,0.027934984339810273,baixo,0.02519725912681159,baixo,baixo,0.45121951219512196,0.46629213483146065,0.015072622636338684,0.507182320441989,0.5197806149973027,1.0248397746678843,0.024048184816426187,0.03412350574286484,0.01007532092643865,0.0,0.0,0.0,1.0,0.4658312695644013,0.2975992455309637,10,99
7,estresse_fusaka_2025,future_stress,2025-12-01,2025-12-31,hour_sin,B/C,passthrough,512462,0.004501265473248166,baixo,0.026513134701227292,baixo,baixo,0.0,0.0,0.0,1.4142135623730954,1.4142135623730954,1.0,0.03954661675443869,0.03856285929493309,-0.000983757459505602,0.0,0.0,-1.0,1.0,-0.05547994760610567,0.7018051518509131,10,27
7,estresse_fusaka_2025,future_stress,2025-12-01,2025-12-31,hour_cos,B/C,passthrough,512462,0.0037638683110372355,baixo,0.025848065668058418,baixo,baixo,-1.8369701987210297e-16,-1.8369701987210297e-16,0.0,1.4142135623730954,1.4142135623730954,1.0,0.0,0.0,0.0,0.0,0.0,-1.0,1.0,-0.05721185841576477,0.7078984718730528,10,26
7,estresse_fusaka_2025,future_stress,2025-12-01,2025-12-31,weekday_sin,B/C,passthrough,512462,0.0322654205503636,baixo,0.08769771315853497,baixo,baixo,0.0,0.43388373911755823,0.43388373911755823,1.5636629649360598,1.2157152215855878,0.7774790660436853,0.13526224162791928,0.10437847098906845,-0.030883770638850824,0.0,0.0,-0.9749279121818236,0.9749279121818236,0.1156453300028936,0.7131947161592304,10,14
7,estresse_fusaka_2025,future_stress,2025-12-01,2025-12-31,weekday_cos,B/C,passthrough,512462,0.03227420576943504,baixo,0.030883770638850838,baixo,baixo,-0.22252093395631434,-0.22252093395631434,0.0,1.5244586697611526,1.5244586697611526,1.0,0.0,0.0,0.0,0.0,0.0,-0.9009688679024191,1.0,-0.05385668579106803,0.6892610764415532,8,10
7,estresse_fusaka_2025,future_stress,2025-12-01,2025-12-31,gas_limit_log,C,robust_scaler_train,512462,0.08562996023777707,baixo,0.08918686079205884,baixo,baixo,0.0,-0.0836527112773161,-0.0836527112773161,1.0000000000000004,0.945393048770043,0.9453930487700426,0.00017876218089860697,0.0,-0.00017876218089860697,2.536773458324715e-05,0.005011103262290668,-0.5883856225469472,2.7525895879479565,0.005244260199470838,0.5413446704234167,9,73
7,estresse_fusaka_2025,future_stress,2025-12-01,2025-12-31,transaction_fee_paid_log,C,robust_scaler_train,512462,3.868782675259186,alto,0.7819341021754156,alto,alto,0.0,-2.3754369089280205,-2.3754369089280205,1.0,1.8098022654364365,1.8098022654364365,0.0,0.0,0.0,0.554638197563917,0.6007411281226706,-4.288199444778658,4.687436212744308,-2.2383912849939356,1.0635281265041185,10,101
