split_order,split,role,feature,type4_rows,type4_share_split,rows,psi,psi_level,ks_approx,ks_level,drift_level,reference_median,current_median,median_shift,reference_iqr,current_iqr,iqr_ratio,reference_zero_share,current_zero_share,zero_share_delta,outside_training_range_share,outside_training_robust_fence_share,current_min,current_max,current_mean,current_std,psi_bins,ks_grid_points
5,transicao_pectra_2025,protocol_transition,gas_used_log,749,0.0017675140822967772,749,4.637138446993151,alto,0.3900164124859466,alto,alto,0.0,-0.02145214332147331,-0.02145214332147331,1.0,0.3742206219709311,0.3742206219709311,3.0831804719446146e-05,0.0,-3.0831804719446146e-05,0.0,0.00801068090787717,-0.1312904392341081,2.8271826423997237,0.22538302766347051,0.4708962855921277,9,71
5,transicao_pectra_2025,protocol_transition,gas_used_ratio,749,0.0017675140822967772,749,2.4626704076462045,alto,0.5672496350783918,alto,alto,0.7280278820756305,0.3891826086956522,-0.33884527337997833,0.4706208630699257,0.4295589631380874,0.9127495120722321,0.0,0.0,0.0,0.0,0.0,0.0073688,0.9917697246520446,0.36454992752326715,0.23959115861978397,9,75
5,transicao_pectra_2025,protocol_transition,effective_gas_price_log,749,0.0017675140822967772,749,3.566833049491444,alto,0.7545425220008779,alto,alto,0.0,-1.770433974022709,-1.770433974022709,1.0,1.2751355206150594,1.2751355206150594,1.5571618545174823e-06,0.0,-1.5571618545174823e-06,0.2389853137516689,0.3871829105473965,-2.869339017950574,1.572320395153915,-1.7542863373816304,0.7656617954227478,10,101
5,transicao_pectra_2025,protocol_transition,max_fee_per_gas_log,749,0.0017675140822967772,749,5.393589308975911,alto,0.7811992352501628,alto,alto,0.0,-1.6332608976838379,-1.6332608976838379,0.7829188343284547,1.114714789466139,1.4237935538008624,0.1574075746581251,0.0,-0.1574075746581251,0.14018691588785046,0.5340453938584779,-2.629165165636727,1.1581425635814369,-1.5945700371526568,0.6763651630370261,10,84
5,transicao_pectra_2025,protocol_transition,max_priority_fee_log,749,0.0017675140822967772,749,3.037089248938667,alto,0.6154644450614234,alto,alto,0.0,-3.3126023883954714,-3.3126023883954714,0.8154796764153621,6.45483967637971,7.915390000586547,0.23014571920634574,0.00801068090787717,-0.22213503829846856,0.0,0.6862483311081442,-6.917596103832903,1.3376806840634379,-3.447026261116272,2.651672787368942,8,57
5,transicao_pectra_2025,protocol_transition,fee_cap_utilization,749,0.0017675140822967772,749,3.400955332279718,alto,0.39785336361076906,alto,alto,0.7413346315067423,0.838176924994264,0.09684229348752171,0.5218538753991288,0.11820372086626918,0.2265073163936238,0.15740695179338332,0.0,-0.15740695179338332,0.0,0.0,0.1816209671818379,1.0,0.8293271273737133,0.10862137281966142,10,75
5,transicao_pectra_2025,protocol_transition,transaction_value_log,749,0.0017675140822967772,749,4.3610057065243515,alto,0.4734983364126816,alto,alto,0.0,0.0,0.0,1.0,0.0,0.0,0.5198260961640875,0.9933244325767691,0.4734983364126816,0.0,0.0,0.0,0.9557093258907785,0.006195595610704449,0.07563579407797866,6,50
5,transicao_pectra_2025,protocol_transition,nonce_log,749,0.0017675140822967772,749,2.1484995922729775,alto,0.2552295912910004,alto,alto,0.0,0.28059557322670553,0.28059557322670553,1.0,0.4639452831106539,0.4639452831106539,0.0005509238641282852,0.0026702269692923898,0.0021193031051641043,0.0,0.0,-0.6629378572783498,1.118562390973906,0.20505198646189787,0.33125940409050986,10,87
5,transicao_pectra_2025,protocol_transition,receipt_status,749,0.0017675140822967772,749,0.0,baixo,0.0035643085579956484,baixo,baixo,1.0,1.0,0.0,0.0,0.0,,0.01958567037374999,0.01602136181575434,-0.0035643085579956484,0.0,0.01602136181575434,0.0,1.0,0.9839786381842457,0.125641368799285,2,2
5,transicao_pectra_2025,protocol_transition,tx_type_0,749,0.0017675140822967772,749,1.8329676083186568,alto,0.1515713320273936,moderado,alto,0.0,0.0,0.0,0.0,0.0,,0.8484286679726064,1.0,0.1515713320273936,0.0,0.0,0.0,0.0,0.0,0.0,3,2
5,transicao_pectra_2025,protocol_transition,tx_type_1,749,0.0017675140822967772,749,0.05063043504841681,baixo,0.005835619765989675,baixo,baixo,0.0,0.0,0.0,0.0,0.0,,0.9941643802340103,1.0,0.005835619765989675,0.0,0.0,0.0,0.0,0.0,0.0,2,2
5,transicao_pectra_2025,protocol_transition,tx_type_3,749,0.0017675140822967772,749,0.06301919320167541,baixo,0.007101592353712438,baixo,baixo,0.0,0.0,0.0,0.0,0.0,,0.9928984076462876,1.0,0.007101592353712438,0.0,0.0,0.0,0.0,0.0,0.0,2,2
5,transicao_pectra_2025,protocol_transition,transaction_index_pct,749,0.0017675140822967772,749,1.2289578119738072,alto,0.46281622355418905,alto,alto,0.5,0.9278350515463918,0.4278350515463918,0.5031847133757963,0.5644257703081232,1.1217069106123458,0.006128677627009907,0.0013351134846461949,-0.004793564142363711,0.0,0.0,0.0,1.0,0.7283979300628217,0.3183439524827495,10,101
5,transicao_pectra_2025,protocol_transition,block_tx_count_log,749,0.0017675140822967772,749,0.11889892146484045,moderado,0.1533227432744506,moderado,moderado,0.0,0.24401734234899194,0.24401734234899194,1.0,1.0715886059590338,1.0715886059590338,0.006670881384752894,0.004005340453938585,-0.0026655409308143085,0.0,0.04539385847797063,-2.3961549953062278,4.399256421237912,0.26012185474499416,0.8977153787772576,10,101
5,transicao_pectra_2025,protocol_transition,sender_tx_count_block_log,749,0.0017675140822967772,749,0.07062839214189064,baixo,0.09620479781068281,baixo,baixo,0.0,0.0,0.0,0.0,0.0,,0.850543916635783,0.7543391188251002,-0.09620479781068281,0.0,0.24566088117489987,0.0,2.0149030205422647,0.19271566493853493,0.4123799443558891,3,8
5,transicao_pectra_2025,protocol_transition,receiver_tx_count_block_log,749,0.0017675140822967772,749,2.361535317559914,alto,0.24952977350222205,alto,alto,0.0,0.0,0.0,1.0,0.3236566839097652,0.3236566839097652,0.5684948784946605,0.6955941255006676,0.12709924700600705,0.0,0.0,0.0,1.2847106379326627,0.1497522099023596,0.2647845113836332,6,27
5,transicao_pectra_2025,protocol_transition,gas_price_rank_block,749,0.0017675140822967772,749,1.9803547046659988,alto,0.5515223440065087,alto,alto,0.45121951219512196,0.0374331550802139,-0.4137863571149081,0.507182320441989,0.36591648153514283,0.7214693154451073,0.024048184816426187,0.03337783711615487,0.009329652299728684,0.0,0.0,0.0,1.0,0.17224701305986317,0.2326219676858986,10,99
5,transicao_pectra_2025,protocol_transition,hour_sin,749,0.0017675140822967772,749,0.022506171326822744,baixo,0.048491309537901595,baixo,baixo,0.0,-0.2588190451025208,-0.2588190451025208,1.4142135623730954,1.4142135623730954,1.0,0.03954661675443869,0.028037383177570093,-0.011509233576868599,0.0,0.0,-1.0,1.0,-0.04723556856047542,0.7337228695314615,10,27
5,transicao_pectra_2025,protocol_transition,hour_cos,749,0.0017675140822967772,749,0.031112262873453495,baixo,0.03738478421185734,baixo,baixo,-1.8369701987210297e-16,-1.8369701987210297e-16,0.0,1.4142135623730954,1.414213562373095,0.9999999999999997,0.0,0.0,0.0,0.0,0.0,-1.0,1.0,-0.036081975315959997,0.6778272772882853,10,26
5,transicao_pectra_2025,protocol_transition,weekday_sin,749,0.0017675140822967772,749,0.24759622179151272,moderado,0.11531307437624971,moderado,moderado,0.0,0.0,0.0,1.5636629649360598,1.2157152215855878,0.7774790660436853,0.13526224162791928,0.21228304405874499,0.07702080243082571,0.0,0.0,-0.9749279121818236,0.9749279121818236,0.08804938978515277,0.6668347088527489,10,14
5,transicao_pectra_2025,protocol_transition,weekday_cos,749,0.0017675140822967772,749,0.2501383129209194,alto,0.19147961781368716,moderado,alto,-0.22252093395631434,0.6234898018587334,0.8460107358150477,1.5244586697611526,0.8460107358150482,0.5549581320873713,0.0,0.0,0.0,0.0,0.0,-0.9009688679024191,1.0,0.22640875478725203,0.7053905690935987,8,10
5,transicao_pectra_2025,protocol_transition,gas_limit_log,749,0.0017675140822967772,749,4.460400380261314,alto,0.48457276383044234,alto,alto,0.0,0.28476622913055777,0.28476622913055777,1.0000000000000004,0.8196563023144968,0.8196563023144965,0.00017876218089860697,0.0,-0.00017876218089860697,0.0,0.010680907877169559,-0.25654281584678285,2.1884519858286917,0.6005372685666865,0.5871752784818159,9,73
5,transicao_pectra_2025,protocol_transition,transaction_fee_paid_log,749,0.0017675140822967772,749,1.4538529721184783,alto,0.5082376190570299,alto,alto,0.0,-1.0655355734697765,-1.0655355734697765,1.0,1.2141121854216361,1.2141121854216361,0.0,0.0,0.0,0.0,0.017356475300400534,-2.0540615704248415,1.9561625704500267,-0.9572821966182891,0.7872575094808155,10,101
6,teste_final_2025,test,gas_used_log,13598,0.0048088263429473315,13598,4.37431955142185,alto,0.3900164124859466,alto,alto,0.0,0.613132066611911,0.613132066611911,1.0,0.7728154720526993,0.7728154720526993,3.0831804719446146e-05,0.0,-3.0831804719446146e-05,0.0,0.012207677599647008,-0.1312904392341081,3.52605969967422,0.5305511622373107,0.489845214801476,9,71
6,teste_final_2025,test,gas_used_ratio,13598,0.0048088263429473315,13598,2.427032080187045,alto,0.49180361828834457,alto,alto,0.7280278820756305,0.47198390703200493,-0.2560439750436256,0.4706208630699257,0.41565092078546007,0.883196971069474,0.0,0.0,0.0,0.0,0.0,0.0018715,1.0,0.4015813035499916,0.2393652011962897,9,75
6,teste_final_2025,test,effective_gas_price_log,13598,0.0048088263429473315,13598,4.252929233381077,alto,0.7970711622779711,alto,alto,0.0,-2.73366525151646,-2.73366525151646,1.0,1.7586555657496792,1.7586555657496792,1.5571618545174823e-06,0.0,-1.5571618545174823e-06,0.5511839976467128,0.6673040152963671,-4.922807457472588,2.5098583849775222,-2.5395211576132097,1.083655499644167,10,101
6,teste_final_2025,test,max_fee_per_gas_log,13598,0.0048088263429473315,13598,4.706995974918872,alto,0.8213834976277727,alto,alto,0.0,-2.3802826160824573,-2.3802826160824573,0.7829188343284547,1.3969732345281693,1.7843142523533966,0.1574075746581251,0.0,-0.1574075746581251,0.4936755405206648,0.7548904250625091,-4.357941298061371,2.1376185748871883,-2.2259101676797695,0.8957672517264178,10,84
6,teste_final_2025,test,max_priority_fee_log,13598,0.0048088263429473315,13598,1.2260900766978962,alto,0.49665966841316794,alto,alto,0.0,-0.9999999968288212,-0.9999999968288212,0.8154796764153621,2.9260844507480046,3.588175812805434,0.23014571920634574,0.03213707898220326,-0.1980086402241425,0.0,0.35269892631269306,-6.917596103832903,1.6876238493769251,-1.8669123977465762,2.019225696611939,8,57
6,teste_final_2025,test,fee_cap_utilization,13598,0.0048088263429473315,13598,2.348253249622657,alto,0.3335668255583874,alto,alto,0.7413346315067423,0.8367346177199471,0.09539998621320478,0.5218538753991288,0.17057656770131313,0.3268665343739209,0.15740695179338332,0.0,-0.15740695179338332,0.0,0.0,0.01266306174,1.0,0.8160863989965845,0.17560304563604082,10,75
6,teste_final_2025,test,transaction_value_log,13598,0.0048088263429473315,13598,1.3192813053625876,alto,0.43687422373311513,alto,alto,0.0,0.0,0.0,1.0,0.0,0.0,0.5198260961640875,0.9541844388880718,0.4343583427239843,0.0,0.0,0.0,1.1619214145315484,0.04161764922616461,0.19840274556592707,6,50
6,teste_final_2025,test,nonce_log,13598,0.0048088263429473315,13598,2.2429731649066027,alto,0.31630564288572766,alto,alto,0.0,0.36295422781368214,0.36295422781368214,1.0,0.36657859022528494,0.36657859022528494,0.0005509238641282852,0.0003677011325194882,-0.00018322273160879707,0.0,0.0,-0.6629378572783498,1.1417360499587006,0.25233565310276423,0.366693221824579,10,87
6,teste_final_2025,test,receipt_status,13598,0.0048088263429473315,13598,0.0,baixo,0.016596121066167646,baixo,baixo,1.0,1.0,0.0,0.0,0.0,,0.01958567037374999,0.036181791439917635,0.016596121066167646,0.0,0.036181791439917635,0.0,1.0,0.9638182085600824,0.1867491208566563,2,2
6,teste_final_2025,test,tx_type_0,13598,0.0048088263429473315,13598,1.8329676083186568,alto,0.1515713320273936,moderado,alto,0.0,0.0,0.0,0.0,0.0,,0.8484286679726064,1.0,0.1515713320273936,0.0,0.0,0.0,0.0,0.0,0.0,3,2
6,teste_final_2025,test,tx_type_1,13598,0.0048088263429473315,13598,0.05063043504841681,baixo,0.005835619765989675,baixo,baixo,0.0,0.0,0.0,0.0,0.0,,0.9941643802340103,1.0,0.005835619765989675,0.0,0.0,0.0,0.0,0.0,0.0,2,2
6,teste_final_2025,test,tx_type_3,13598,0.0048088263429473315,13598,0.06301919320167541,baixo,0.007101592353712438,baixo,baixo,0.0,0.0,0.0,0.0,0.0,,0.9928984076462876,1.0,0.007101592353712438,0.0,0.0,0.0,0.0,0.0,0.0,2,2
6,teste_final_2025,test,transaction_index_pct,13598,0.0048088263429473315,13598,0.12692773277800007,moderado,0.13512202230625037,moderado,moderado,0.5,0.5878583128583128,0.0878583128583128,0.5031847133757963,0.5489598278335726,1.090970797086973,0.006128677627009907,0.001617884983085748,-0.004510792643924158,0.0,0.0,0.0,1.0,0.5776880514144556,0.30326431901007045,10,101
6,teste_final_2025,test,block_tx_count_log,13598,0.0048088263429473315,13598,0.6992927687970697,alto,0.37029465642656934,alto,alto,0.0,0.6906916520288614,0.6906916520288614,1.0,1.0273842119802248,1.0273842119802248,0.006670881384752894,0.006250919252831299,-0.0004199621319215946,0.0,0.06795116928960142,-3.4818849687673477,4.993938366013559,0.7372193597569726,0.8558435769373808,10,101
6,teste_final_2025,test,sender_tx_count_block_log,13598,0.0048088263429473315,13598,0.03153713357810246,baixo,0.04672038693827196,baixo,baixo,0.0,0.0,0.0,0.0,0.0,,0.850543916635783,0.897264303574055,0.04672038693827196,0.0,0.10273569642594499,0.0,4.460144413937834,0.18076896072626963,0.7106879496650103,3,8
6,teste_final_2025,test,receiver_tx_count_block_log,13598,0.0048088263429473315,13598,0.6539080921291867,alto,0.24478211999177046,alto,alto,0.0,0.0,0.0,1.0,0.0,0.0,0.5684948784946605,0.7995293425503751,0.2310344640557146,0.0,0.0,0.0,1.9495683515474496,0.1171071065854429,0.28665074625606685,6,27
6,teste_final_2025,test,gas_price_rank_block,13598,0.0048088263429473315,13598,0.30675883542129057,alto,0.18448515984970465,moderado,alto,0.45121951219512196,0.2831858407079646,-0.16803367148715737,0.507182320441989,0.4663907958209195,0.9195722662700047,0.024048184816426187,0.009266068539491102,-0.014782116276935086,0.0,0.0,0.0,1.0,0.32361402296158187,0.26811530142031664,10,99
6,teste_final_2025,test,hour_sin,13598,0.0048088263429473315,13598,0.006272289135251542,baixo,0.021413106285176453,baixo,baixo,0.0,0.0,0.0,1.4142135623730954,1.4142135623730954,1.0,0.03954661675443869,0.04007942344462421,0.0005328066901855166,0.0,0.0,-1.0,1.0,-0.043347226833460636,0.7001817059062406,10,27
6,teste_final_2025,test,hour_cos,13598,0.0048088263429473315,13598,0.008185533697953145,baixo,0.028152213162629613,baixo,baixo,-1.8369701987210297e-16,6.123233995736766e-17,2.4492935982947064e-16,1.4142135623730954,1.4142135623730954,1.0,0.0,0.0,0.0,0.0,0.0,-1.0,1.0,0.012148038500689743,0.7125955503589064,10,26
6,teste_final_2025,test,weekday_sin,13598,0.0048088263429473315,13598,0.011797820006430818,baixo,0.04048296169874299,baixo,baixo,0.0,0.0,0.0,1.5636629649360598,1.5636629649360598,1.0,0.13526224162791928,0.15259596999558758,0.017333728367668305,0.0,0.0,-0.9749279121818236,0.9749279121818236,-0.03761744973494354,0.6992369921875843,10,14
6,teste_final_2025,test,weekday_cos,13598,0.0048088263429473315,13598,0.012936733992672646,baixo,0.02128655691617376,baixo,baixo,-0.22252093395631434,-0.22252093395631434,0.0,1.5244586697611526,1.5244586697611526,1.0,0.0,0.0,0.0,0.0,0.0,-0.9009688679024191,1.0,0.014717399812377912,0.7137992574997537,8,10
6,teste_final_2025,test,gas_limit_log,13598,0.0048088263429473315,13598,4.636049097092502,alto,0.5373950494610464,alto,alto,0.0,0.6486532786558812,0.6486532786558812,1.0000000000000004,0.44918140456043276,0.44918140456043254,0.00017876218089860697,0.0,-0.00017876218089860697,0.0,0.03235769966171496,-0.25704775537569907,2.4813584064188525,0.6879550077308468,0.45795765109455155,9,73
6,teste_final_2025,test,transaction_fee_paid_log,13598,0.0048088263429473315,13598,1.7341813446839962,alto,0.5351514963409538,alto,alto,0.0,-1.2396914689252096,-1.2396914689252096,1.0,1.3978789177390651,1.3978789177390651,0.0,0.0,0.0,0.14803647595234593,0.21642888660097073,-3.3482131735584413,2.7697442632124414,-1.1645717201361223,0.9140616982214556,10,101
7,estresse_fusaka_2025,future_stress,gas_used_log,3195,0.006234608614882665,3195,4.383339761167633,alto,0.3900164124859466,alto,alto,0.0,0.46493909867850475,0.46493909867850475,1.0,0.7772972238137937,0.7772972238137937,3.0831804719446146e-05,0.0,-3.0831804719446146e-05,0.0,0.0009389671361502347,-0.1312904392341081,2.290428716927086,0.4478460920325426,0.44092193136887053,9,71
7,estresse_fusaka_2025,future_stress,gas_used_ratio,3195,0.006234608614882665,3195,2.109527362318967,alto,0.5168438402500488,alto,alto,0.7280278820756305,0.46845665874998715,-0.25957122332564336,0.4706208630699257,0.41958750385647653,0.8915616301399147,0.0,0.0,0.0,0.0,0.0,0.0024562666666666667,0.9930555555555556,0.3784096279100653,0.26926652930260875,9,75
7,estresse_fusaka_2025,future_stress,effective_gas_price_log,3195,0.006234608614882665,3195,9.616143048006434,alto,0.9258362179695766,alto,alto,0.0,-4.129462386947024,-4.129462386947024,1.0,1.2973061587428787,1.2973061587428787,1.5571618545174823e-06,0.0,-1.5571618545174823e-06,0.9042253521126761,0.936150234741784,-5.340141015192743,2.034628752083454,-4.004198501181088,1.0167833831960038,10,101
7,estresse_fusaka_2025,future_stress,max_fee_per_gas_log,3195,0.006234608614882665,3195,9.130405424091414,alto,0.9443483054177589,alto,alto,0.0,-3.6509748024131063,-3.6509748024131063,0.7829188343284547,1.0399821000726117,1.3283396113016646,0.1574075746581251,0.0,-0.1574075746581251,0.8823161189358373,0.9471048513302034,-4.751752476851534,1.7661901491318768,-3.4817002039198015,0.8562682168035007,10,84
7,estresse_fusaka_2025,future_stress,max_priority_fee_log,3195,0.006234608614882665,3195,2.8268185944832935,alto,0.6588105170545947,alto,alto,0.0,-1.1470706463064761,-1.1470706463064761,0.8154796764153621,5.102636442354562,6.257220860223559,0.23014571920634574,0.003129890453834116,-0.22701582875251164,0.0,0.438810641627543,-6.917596103832903,1.5242634642254231,-2.747333688666368,2.473217206978575,8,57
7,estresse_fusaka_2025,future_stress,fee_cap_utilization,3195,0.006234608614882665,3195,2.477283809383439,alto,0.38467069972074364,alto,alto,0.7413346315067423,0.8985380809805745,0.15720344947383225,0.5218538753991288,0.16191882927211243,0.3102761843979261,0.15740695179338332,0.0,-0.15740695179338332,0.0,0.0,0.0025263063,1.0,0.8461546045611505,0.16945595320373452,10,75
7,estresse_fusaka_2025,future_stress,transaction_value_log,3195,0.006234608614882665,3195,2.0836118624139393,alto,0.46640238583904237,alto,alto,0.0,0.0,0.0,1.0,0.0,0.0,0.5198260961640875,0.9862284820031298,0.46640238583904237,0.0,0.0,0.0,1.0774637245076066,0.01149956716776852,0.10350827134878386,6,50
7,estresse_fusaka_2025,future_stress,nonce_log,3195,0.006234608614882665,3195,2.7365703749241033,alto,0.4457378367272955,alto,alto,0.0,0.49528446383554336,0.49528446383554336,1.0,0.23237040043519053,0.23237040043519053,0.0005509238641282852,0.00031298904538341156,-0.00023793481874487369,0.0,0.0,-0.6629378572783498,1.1463715480921288,0.40155726330757,0.32645573633911096,10,87
7,estresse_fusaka_2025,future_stress,receipt_status,3195,0.006234608614882665,3195,0.0,baixo,0.01327817939150823,baixo,baixo,1.0,1.0,0.0,0.0,0.0,,0.01958567037374999,0.03286384976525822,0.01327817939150823,0.0,0.03286384976525822,0.0,1.0,0.9671361502347418,0.1783080711718819,2,2
7,estresse_fusaka_2025,future_stress,tx_type_0,3195,0.006234608614882665,3195,1.8329676083186568,alto,0.1515713320273936,moderado,alto,0.0,0.0,0.0,0.0,0.0,,0.8484286679726064,1.0,0.1515713320273936,0.0,0.0,0.0,0.0,0.0,0.0,3,2
7,estresse_fusaka_2025,future_stress,tx_type_1,3195,0.006234608614882665,3195,0.05063043504841681,baixo,0.005835619765989675,baixo,baixo,0.0,0.0,0.0,0.0,0.0,,0.9941643802340103,1.0,0.005835619765989675,0.0,0.0,0.0,0.0,0.0,0.0,2,2
7,estresse_fusaka_2025,future_stress,tx_type_3,3195,0.006234608614882665,3195,0.06301919320167541,baixo,0.007101592353712438,baixo,baixo,0.0,0.0,0.0,0.0,0.0,,0.9928984076462876,1.0,0.007101592353712438,0.0,0.0,0.0,0.0,0.0,0.0,2,2
7,estresse_fusaka_2025,future_stress,transaction_index_pct,3195,0.006234608614882665,3195,0.1148545202592161,moderado,0.09682597972542129,baixo,moderado,0.5,0.5333333333333333,0.033333333333333326,0.5031847133757963,0.527352226140299,1.0480291076459103,0.006128677627009907,0.003755868544600939,-0.0023728090824089677,0.0,0.0,0.0,1.0,0.5572781619447208,0.287974856550926,10,101
7,estresse_fusaka_2025,future_stress,block_tx_count_log,3195,0.006234608614882665,3195,0.8617213971829926,alto,0.4188907419358645,alto,alto,0.0,0.846702553721017,0.846702553721017,1.0,1.191537390673463,1.191537390673463,0.006670881384752894,0.009076682316118936,0.002405800931366042,0.0,0.1189358372456964,-9.156110548226502,4.344677803992167,0.871875147698329,0.9795888530747431,10,101
7,estresse_fusaka_2025,future_stress,sender_tx_count_block_log,3195,0.006234608614882665,3195,0.03251911829960811,baixo,0.05098974937652967,baixo,baixo,0.0,0.0,0.0,0.0,0.0,,0.850543916635783,0.8538341158059468,0.003290199170163821,0.0,0.1461658841940532,0.0,3.2188758248682006,0.19894683526396142,0.5871373088699587,3,8
7,estresse_fusaka_2025,future_stress,receiver_tx_count_block_log,3195,0.006234608614882665,3195,1.6328512755048346,alto,0.25325221197521997,alto,alto,0.0,0.0,0.0,1.0,0.0,0.0,0.5684948784946605,0.7605633802816901,0.1920685017870296,0.0,0.0,0.0,1.7970612599687639,0.11794704128758905,0.2386288830937301,6,27
7,estresse_fusaka_2025,future_stress,gas_price_rank_block,3195,0.006234608614882665,3195,0.21109494251783525,moderado,0.12775614882398723,moderado,moderado,0.45121951219512196,0.3661417322834646,-0.08507777991165738,0.507182320441989,0.5067052512704686,0.9990593734199871,0.024048184816426187,0.01971830985915493,-0.004329874957271256,0.0,0.0,0.0,1.0,0.36992751900045606,0.27536052166837266,10,99
7,estresse_fusaka_2025,future_stress,hour_sin,3195,0.006234608614882665,3195,0.04798683319246945,baixo,0.09424080447065608,baixo,baixo,0.0,-0.25881904510252157,-0.25881904510252157,1.4142135623730954,1.3660254037844384,0.9659258262890679,0.03954661675443869,0.03192488262910798,-0.007621734125330709,0.0,0.0,-1.0,1.0,-0.15767503714105632,0.6912269141119771,10,27
7,estresse_fusaka_2025,future_stress,hour_cos,3195,0.006234608614882665,3195,0.021616923138013836,baixo,0.033183437375382874,baixo,baixo,-1.8369701987210297e-16,-1.8369701987210297e-16,0.0,1.4142135623730954,1.4142135623730954,1.0,0.0,0.0,0.0,0.0,0.0,-1.0,1.0,-0.026997653992399475,0.7049256255794609,10,26
7,estresse_fusaka_2025,future_stress,weekday_sin,3195,0.006234608614882665,3195,0.02029766743455146,baixo,0.028555061557532346,baixo,baixo,0.0,0.0,0.0,1.5636629649360598,1.5636629649360598,1.0,0.13526224162791928,0.09765258215962441,-0.037609659468294865,0.0,0.0,-0.9749279121818236,0.9749279121818236,-0.00859643475538623,0.7170776781657333,10,14
7,estresse_fusaka_2025,future_stress,weekday_cos,3195,0.006234608614882665,3195,0.02574632602296259,baixo,0.037609659468294865,baixo,baixo,-0.22252093395631434,-0.22252093395631434,0.0,1.5244586697611526,1.5244586697611524,0.9999999999999999,0.0,0.0,0.0,0.0,0.0,-0.9009688679024191,1.0,-0.03993400500251124,0.6960197875378404,8,10
7,estresse_fusaka_2025,future_stress,gas_limit_log,3195,0.006234608614882665,3195,4.661505743936781,alto,0.6071355896564742,alto,alto,0.0,0.6568983738920942,0.6568983738920942,1.0000000000000004,0.3813996938000792,0.38139969380007904,0.00017876218089860697,0.0,-0.00017876218089860697,0.0,0.08763693270735524,-0.25704775537569907,2.1884519858286917,0.7594464765890757,0.559998193026219,9,73
7,estresse_fusaka_2025,future_stress,transaction_fee_paid_log,3195,0.006234608614882665,3195,4.349003933258322,alto,0.8292327408334914,alto,alto,0.0,-2.185298447074814,-2.185298447074814,1.0,1.3455253005853016,1.3455253005853016,0.0,0.0,0.0,0.5054773082942097,0.5837245696400626,-3.6831342322198983,1.439207899941799,-2.213947177526993,0.9232699460788336,10,101
