configuration,epoch,train_loss,internal_validation_loss,improved,learning_rate
a_completa,1,0.5297405190037017,0.4860438261445439,1,0.001
a_completa,2,0.4422907840338825,0.38470862637473974,1,0.001
a_completa,3,0.320496743598983,0.2608714770781362,1,0.001
a_completa,4,0.2254156478865919,0.1974827608733091,1,0.001
a_completa,5,0.1872573813885443,0.17615973246026953,1,0.001
a_completa,6,0.16819268532142054,0.15812093454101322,1,0.001
a_completa,7,0.14949904798884145,0.13858333830985137,1,0.001
a_completa,8,0.12990390113289868,0.12130811646124376,1,0.001
a_completa,9,0.11720123376374517,0.11324741015170206,1,0.001
a_completa,10,0.11052037676042505,0.10663971554574968,1,0.001
a_completa,11,0.10263489324211876,0.09726174545951446,1,0.001
a_completa,12,0.09299758893293751,0.08868829191770845,1,0.001
a_completa,13,0.086273046620009,0.08358152366658649,1,0.001
a_completa,14,0.08195944598343896,0.07989344189681395,1,0.001
a_completa,15,0.07850874942214456,0.0766693632288941,1,0.001
a_completa,16,0.07543142031765718,0.07345054178913776,1,0.001
a_completa,17,0.07110275799005156,0.06745718094994936,1,0.001
a_completa,18,0.06378378989623444,0.059384953862834135,1,0.001
a_completa,19,0.056651882400824465,0.054086570877317906,1,0.001
a_completa,20,0.052990091925350494,0.051653529066406675,1,0.001
a_completa,21,0.051103586181896955,0.05022373596835001,1,0.001
a_completa,22,0.0499254452584554,0.04926013383129699,1,0.001
a_completa,23,0.048941271943652775,0.04809681697146171,1,0.001
a_completa,24,0.04737445735572403,0.04615207627966648,1,0.001
a_completa,25,0.045052938316837515,0.043369998672403515,1,0.001
a_completa,26,0.04187588549481403,0.03994562343057539,1,0.001
a_completa,27,0.038621812258303356,0.03707802693014926,1,0.001
a_completa,28,0.0361575909611663,0.035078268555448586,1,0.001
a_completa,29,0.034588453891922194,0.03390059856147303,1,0.001
a_completa,30,0.03364240840642854,0.03315640928574143,1,0.001
a_completa,31,0.032997510630319325,0.03261679122283822,1,0.001
a_completa,32,0.03253716192863212,0.0322085981058484,1,0.001
a_completa,33,0.03217175536755672,0.03190148366098254,1,0.001
a_completa,34,0.031895119538293645,0.03165575216291749,1,0.001
a_completa,35,0.031667868164978574,0.031466661925429976,1,0.001
a_completa,36,0.03147644840728291,0.03128716682829814,1,0.001
a_completa,37,0.031302011396550644,0.031094601132392177,1,0.001
a_completa,38,0.031107464838531492,0.03087844534487551,1,0.001
a_completa,39,0.030894145940613463,0.030669061328665714,1,0.001
a_completa,40,0.03067500638587333,0.030442553187639443,1,0.001
a_completa,41,0.03047553250217048,0.03025909947987841,1,0.001
a_completa,42,0.030289137548126507,0.03008669145241963,1,0.001
a_completa,43,0.030141085910601672,0.02994417025374973,1,0.001
a_completa,44,0.029997511631001752,0.029838077742333935,1,0.001
a_completa,45,0.029854159787812227,0.029654524406780115,1,0.001
a_completa,46,0.029642622135349267,0.029497458795069972,1,0.001
a_completa,47,0.02947203486380019,0.029297950942090905,1,0.001
a_completa,48,0.029320389251011304,0.02916982609322937,1,0.001
a_completa,49,0.02921313692752698,0.029060957609672325,1,0.001
a_completa,50,0.02911887409200515,0.028989055010609353,1,0.001
a_completa,51,0.02904789381079538,0.02903242967854598,0,0.001
a_completa,52,0.02897859148124581,0.028841737610131188,1,0.001
a_completa,53,0.028897941625834953,0.028771490606900228,1,0.001
a_completa,54,0.028837775567450038,0.02872015343051388,1,0.001
a_completa,55,0.02877756598342637,0.02864718208644215,1,0.001
a_completa,56,0.02873611623914651,0.028582056878062267,1,0.001
a_completa,57,0.028688804216371898,0.028552663434015933,1,0.001
a_completa,58,0.028608763954398396,0.028492853418518153,1,0.001
a_completa,59,0.02856513478455693,0.028443438369138586,1,0.001
a_completa,60,0.02852432763592852,0.028400575625643843,1,0.001
a_completa,61,0.028475487175557247,0.028372095592081596,1,0.001
a_completa,62,0.028446790764447734,0.028326561646382007,1,0.001
a_completa,63,0.028405542824784493,0.02828317810211291,1,0.001
a_completa,64,0.028361754715320348,0.02824281107711005,1,0.001
a_completa,65,0.028332531675005577,0.02823112715892432,1,0.001
a_completa,66,0.028301263774405026,0.028171832966378794,1,0.001
a_completa,67,0.02825718550611691,0.028137670765467585,1,0.001
a_completa,68,0.028218461317325364,0.02810970541561118,1,0.001
a_completa,69,0.028191277172370764,0.02808401572947841,1,0.001
a_completa,70,0.028159988712939257,0.028053685159593347,1,0.001
a_completa,71,0.02813501963674503,0.028055598423458856,0,0.001
a_completa,72,0.028118230071271618,0.028003488138561978,1,0.001
a_completa,73,0.02808684376731452,0.027975487493506753,1,0.001
a_completa,74,0.02806446262582497,0.02794993912385763,1,0.001
a_completa,75,0.028055057457432298,0.027924407222007546,1,0.001
a_completa,76,0.028019051802176783,0.027902532534043643,1,0.001
a_completa,77,0.028001773374424804,0.027882522897242547,1,0.001
a_completa,78,0.027981892251817318,0.027865965037759455,1,0.001
a_completa,79,0.027959732302047863,0.027840827704808297,1,0.001
a_completa,80,0.027935382462851065,0.027828634774495063,1,0.001
a_completa,81,0.027927016894480503,0.027857020735430803,0,0.001
a_completa,82,0.027905637638681015,0.027787467034820223,1,0.001
a_completa,83,0.027891762747319186,0.027802066244776543,0,0.001
a_completa,84,0.027878222701039526,0.027767200312649214,1,0.001
a_completa,85,0.0278481181385756,0.02774713048334217,1,0.001
a_completa,86,0.027830082736310803,0.027755877722115966,0,0.001
a_completa,87,0.027827975908373107,0.027722235846974055,1,0.001
a_completa,88,0.02781192365462415,0.027716181605732287,0,0.001
a_completa,89,0.027787210576011735,0.027703334733178743,1,0.001
a_completa,90,0.02778018934490618,0.027739891049885276,0,0.001
a_completa,91,0.027775225364802078,0.027663516187321036,1,0.001
a_completa,92,0.02774739987236041,0.027645764202940598,1,0.001
a_completa,93,0.027731303544186892,0.027631889144632025,1,0.001
a_completa,94,0.02773312992850865,0.027654187095280686,0,0.001
a_completa,95,0.02772364081056253,0.027608763762819292,1,0.001
a_completa,96,0.02769766894112928,0.027595310053827433,1,0.001
a_completa,97,0.02768606525429924,0.027588087732832972,0,0.001
a_completa,98,0.027712598349303917,0.027627772727479568,0,0.001
a_completa,99,0.02767373456565384,0.027570458574028046,1,0.001
a_completa,100,0.027654754580528164,0.02753805836394957,1,0.001
a_completa,101,0.02763832730784604,0.027553078884066665,0,0.001
a_completa,102,0.027637861029790486,0.027580664184464233,0,0.001
a_completa,103,0.027622523329206547,0.027532021427655033,0,0.001
a_completa,104,0.027620951943901195,0.027499089930226667,1,0.001
a_completa,105,0.02759616182042541,0.027497150353239054,0,0.001
a_completa,106,0.02759048485159238,0.027532264388212917,0,0.001
a_completa,107,0.027591251949851157,0.02747826721263494,1,0.001
a_completa,108,0.02757201551624965,0.02747821454026214,0,0.001
a_completa,109,0.027561131018093578,0.027466718945584667,1,0.001
a_completa,110,0.027554180150207084,0.0274827771344917,0,0.001
a_completa,111,0.02755092818840072,0.027455498148016844,1,0.001
a_completa,112,0.027536707518973833,0.027426954449953772,1,0.001
a_completa,113,0.027518288615514575,0.027438437315911196,0,0.001
a_completa,114,0.02750749604863723,0.027414195928328798,1,0.001
a_completa,115,0.027509995629447156,0.027441221593282487,0,0.001
a_completa,116,0.027495913968433688,0.027397155645387902,1,0.001
a_completa,117,0.02750519204990703,0.027389825163134995,0,0.001
a_completa,118,0.02747217423442658,0.0273999047450108,0,0.001
a_completa,119,0.02747975454544701,0.027380558889096258,1,0.001
a_completa,120,0.027486594707865183,0.027402975709868622,0,0.001
a_completa,121,0.02746841149276865,0.027354353958834638,1,0.001
a_completa,122,0.02744891312121226,0.027356936049337106,0,0.001
a_completa,123,0.027439792388584995,0.027331269827195245,1,0.001
a_completa,124,0.027418078989656224,0.02731832836074812,1,0.001
a_completa,125,0.027407170876133993,0.02740123834806973,0,0.001
a_completa,126,0.027429898720823895,0.02735934648196937,0,0.001
a_completa,127,0.027407733444345505,0.027292661444414956,1,0.001
a_completa,128,0.027391432729105457,0.027301430514098536,0,0.001
a_completa,129,0.02738332143874382,0.027282848784037732,0,0.001
a_completa,130,0.027370627725692417,0.027301913524089113,0,0.001
a_completa,131,0.027379408873060715,0.027263821059604343,1,0.001
a_completa,132,0.027350387138172994,0.027277251210584625,0,0.001
a_completa,133,0.02735406647346543,0.02725135228237301,1,0.001
a_completa,134,0.02733425566881209,0.027240763550001313,1,0.001
a_completa,135,0.027346010098859917,0.027252382524302145,0,0.001
a_completa,136,0.027335115722382158,0.0272162293382859,1,0.001
a_completa,137,0.027324385491580283,0.027250757376349247,0,0.001
a_completa,138,0.027313596683051163,0.027201338310562224,1,0.001
a_completa,139,0.027288345835873334,0.02719598516865414,0,0.001
a_completa,140,0.02728298664104158,0.02718163621338077,1,0.001
a_completa,141,0.02726479228905413,0.027161123440383905,1,0.001
a_completa,142,0.02725828344472768,0.027167261627899692,0,0.001
a_completa,143,0.027261909186947115,0.027202662894766867,0,0.001
a_completa,144,0.02723824418904542,0.027128105473507576,1,0.001
a_completa,145,0.027211126461649953,0.027122949137113807,0,0.001
a_completa,146,0.027194943764310864,0.027082740389485833,1,0.001
a_completa,147,0.02715615492973391,0.027067704983632083,1,0.001
a_completa,148,0.027126894159834,0.027025917027464475,1,0.001
a_completa,149,0.02708849892391175,0.026991485207483085,1,0.001
a_completa,150,0.02706537485833157,0.026985989708471506,0,0.001
a_completa,151,0.027023896108932008,0.026937965109306756,1,0.001
a_completa,152,0.02699185520680204,0.026900233902776894,1,0.001
a_completa,153,0.026985846305330772,0.026853482211136027,1,0.001
a_completa,154,0.026930490270518515,0.026832210243996332,1,0.001
a_completa,155,0.0269029380860671,0.026798510664079043,1,0.001
a_completa,156,0.02688304442406868,0.026770631486624938,1,0.001
a_completa,157,0.026862851521607143,0.02677620619418106,0,0.001
a_completa,158,0.026827947403043152,0.026730445961856898,1,0.001
a_completa,159,0.026804244183223396,0.026697481075770125,1,0.001
a_completa,160,0.02678818075375179,0.026731208433125642,0,0.001
a_completa,161,0.02675508662073712,0.026654651237766894,1,0.001
a_completa,162,0.026722004486930927,0.02663140516604221,1,0.001
a_completa,163,0.026704268757510086,0.02659806686542707,1,0.001
a_completa,164,0.026680820989218555,0.026699767261808515,0,0.001
a_completa,165,0.026698381843845452,0.02656380225552019,1,0.001
a_completa,166,0.026625519256796716,0.026511670624649684,1,0.001
a_completa,167,0.026594399154798987,0.026538265627803426,0,0.001
a_completa,168,0.026574491159189736,0.026478059294220976,1,0.001
a_completa,169,0.026552808348328658,0.026476314380703147,0,0.001
a_completa,170,0.02656179207835724,0.026502957194071336,0,0.001
a_completa,171,0.02653098831636586,0.026408045914735778,1,0.001
a_completa,172,0.026484332809895334,0.026422267587130295,0,0.001
a_completa,173,0.026474426460525707,0.026386911715414622,1,0.001
a_completa,174,0.02647393205428945,0.026365170465956538,1,0.001
a_completa,175,0.026448034157337003,0.02641815639576435,0,0.001
a_completa,176,0.02642576242165182,0.02631860715803126,1,0.001
a_completa,177,0.026390945848974792,0.026311182355935738,0,0.001
a_completa,178,0.02638536232066572,0.026281388672607122,1,0.001
a_completa,179,0.02635658828661001,0.026253723671460352,1,0.001
a_completa,180,0.026346260398982562,0.026269520633726073,0,0.001
a_completa,181,0.02634618086383688,0.026206779167277074,1,0.001
a_completa,182,0.026294757299431457,0.026218444106654262,0,0.001
a_completa,183,0.026317219561182274,0.026233170337736332,0,0.001
a_completa,184,0.0262863784620572,0.026185244491684488,1,0.001
a_completa,185,0.026261899260244265,0.02615436091179578,1,0.001
a_completa,186,0.02622971661031718,0.026134227321148017,1,0.001
a_completa,187,0.0262133831510009,0.026107851432544304,1,0.001
a_completa,188,0.026212810779449227,0.02610117030917524,0,0.001
a_completa,189,0.026213121553785197,0.026099751676957227,0,0.001
a_completa,190,0.026216004571058854,0.02609299798086743,1,0.001
a_completa,191,0.026175422169877897,0.026078137468933768,1,0.001
a_completa,192,0.026142395033359845,0.02603968221471953,1,0.001
a_completa,193,0.026135222341412225,0.02606009208561692,0,0.001
a_completa,194,0.026162155482132198,0.026118880031378227,0,0.001
a_completa,195,0.026109744966289344,0.026000379342168776,1,0.001
a_completa,196,0.026106920101594506,0.02600236450562091,0,0.001
a_completa,197,0.02609804460294412,0.026075588000526624,0,0.001
a_completa,198,0.026105764345519932,0.025978046526839407,1,0.001
a_completa,199,0.026072636042967844,0.025964335142841393,1,0.001
a_completa,200,0.0260625056231676,0.025963666968867236,0,0.001
b_completa,1,0.5085830497619878,0.461749316215227,1,0.001
b_completa,2,0.41757485207206135,0.36878866218346135,1,0.001
b_completa,3,0.34419745508106353,0.31999075841059377,1,0.001
b_completa,4,0.3050695502715018,0.290960823676041,1,0.001
b_completa,5,0.2826326988970415,0.2726421977141284,1,0.001
b_completa,6,0.2645053447588789,0.2550775166605873,1,0.001
b_completa,7,0.24833060503210996,0.2419807938235765,1,0.001
b_completa,8,0.23941193846465053,0.23651766444174802,1,0.001
b_completa,9,0.2344527349355998,0.23154279170755232,1,0.001
b_completa,10,0.22887859586111914,0.22449277702022763,1,0.001
b_completa,11,0.21536581118481948,0.2061839023559806,1,0.001
b_completa,12,0.20182806937156392,0.19763228949187517,1,0.001
b_completa,13,0.19537818219697764,0.1930274621501958,1,0.001
b_completa,14,0.1918815724531849,0.1903765781910909,1,0.001
b_completa,15,0.18960919567878784,0.1884304198752764,1,0.001
b_completa,16,0.1877988284192775,0.1867006138264718,1,0.001
b_completa,17,0.18609336921741793,0.18499694741600856,1,0.001
b_completa,18,0.1843379636707934,0.1832328463150854,1,0.001
b_completa,19,0.18256169569718195,0.18147027475074146,1,0.001
b_completa,20,0.18074441663335802,0.1795356500109587,1,0.001
b_completa,21,0.17851141148969368,0.17682233908713615,1,0.001
b_completa,22,0.17493617160841637,0.17215257410509016,1,0.001
b_completa,23,0.16863467690395004,0.1648798733994212,1,0.001
b_completa,24,0.1628356115275104,0.16078811347284666,1,0.001
b_completa,25,0.15962000705260415,0.1582507161515038,1,0.001
b_completa,26,0.15734469463796158,0.1562055036410137,1,0.001
b_completa,27,0.15550670225225224,0.1544780110663873,1,0.001
b_completa,28,0.15386041628184413,0.1529481353068416,1,0.001
b_completa,29,0.15239967426539483,0.15154821005416516,1,0.001
b_completa,30,0.1510921203270009,0.15028078102461678,1,0.001
b_completa,31,0.14979059809863096,0.14894463027294913,1,0.001
b_completa,32,0.14855498775240994,0.1477677936620087,1,0.001
b_completa,33,0.14739412091519744,0.1466831025455765,1,0.001
b_completa,34,0.14631620250462934,0.14565240862932385,1,0.001
b_completa,35,0.14533699341248107,0.14479364240795872,1,0.001
b_completa,36,0.14447192536731437,0.1439101446118993,1,0.001
b_completa,37,0.14369236104581512,0.14315200117461216,1,0.001
b_completa,38,0.14297553126398632,0.14247151859841553,1,0.001
b_completa,39,0.14235054851498302,0.14186998722185687,1,0.001
b_completa,40,0.14177830839165578,0.1413541777849568,1,0.001
b_completa,41,0.14125786778774158,0.14082798187092882,1,0.001
b_completa,42,0.1407714771196141,0.14031371460455316,1,0.001
b_completa,43,0.14027939741900444,0.1398329653908743,1,0.001
b_completa,44,0.13980867315196938,0.13941770026374825,1,0.001
b_completa,45,0.13936965452956146,0.1390044690893671,1,0.001
b_completa,46,0.13895084862485058,0.13851069159350962,1,0.001
b_completa,47,0.1385099003452395,0.138124649117001,1,0.001
b_completa,48,0.1380794658246587,0.13767436187852783,1,0.001
b_completa,49,0.13767340096146474,0.13732377055173783,1,0.001
b_completa,50,0.13731323388927116,0.13700957325038965,1,0.001
b_completa,51,0.13698220452490462,0.13659588482628715,1,0.001
b_completa,52,0.13664054092828126,0.13635015143799376,1,0.001
b_completa,53,0.1363337150791394,0.13599856935125856,1,0.001
b_completa,54,0.13603795484549108,0.13573788722007674,1,0.001
b_completa,55,0.1357744366547843,0.1354626205572242,1,0.001
b_completa,56,0.1355159993145061,0.13522283464709442,1,0.001
b_completa,57,0.1352457844232919,0.13498659490722795,1,0.001
b_completa,58,0.13501392374577995,0.13474528812123276,1,0.001
b_completa,59,0.13479992559716678,0.13458618213881757,1,0.001
b_completa,60,0.1345962133785756,0.13436331307802235,1,0.001
b_completa,61,0.13440211227157417,0.13416079472051223,1,0.001
b_completa,62,0.1342174406769343,0.13400085978269954,1,0.001
b_completa,63,0.13405608865205887,0.13386323983801032,1,0.001
b_completa,64,0.13391526980478388,0.13367648017148367,1,0.001
b_completa,65,0.13373627678150496,0.13354388297280956,1,0.001
b_completa,66,0.13360625169705348,0.13340668805288622,1,0.001
b_completa,67,0.13347380998267505,0.13322458690222289,1,0.001
b_completa,68,0.13331704257076177,0.1331695014284709,1,0.001
b_completa,69,0.1332083262670117,0.13298544769419135,1,0.001
b_completa,70,0.13306830023391444,0.1329061413272788,1,0.001
b_completa,71,0.13293759853073664,0.13273926115874457,1,0.001
b_completa,72,0.13282149002362495,0.1326137198414169,1,0.001
b_completa,73,0.13269531030956896,0.13250259519583607,1,0.001
b_completa,74,0.13258497668673036,0.1324348080933027,1,0.001
b_completa,75,0.1324859094813256,0.13227611058184466,1,0.001
b_completa,76,0.13236783418345893,0.13215510470816882,1,0.001
b_completa,77,0.13225770547482768,0.13206472999718868,1,0.001
b_completa,78,0.13213895766472145,0.13193644156656384,1,0.001
b_completa,79,0.13200831954149791,0.13189192156063848,1,0.001
b_completa,80,0.13189528002417722,0.13171067816994367,1,0.001
b_completa,81,0.13179465442424898,0.13160987705953012,1,0.001
b_completa,82,0.13168620723570018,0.13154487245580085,1,0.001
b_completa,83,0.1315913633915715,0.13142510864018064,1,0.001
b_completa,84,0.13147763961515713,0.13127192965631687,1,0.001
b_completa,85,0.13134467950069206,0.13119247517470123,1,0.001
b_completa,86,0.13123621509153757,0.13106472992343898,1,0.001
b_completa,87,0.13113611020950072,0.13096539940695626,1,0.001
b_completa,88,0.13103257729955617,0.13084827245858494,1,0.001
b_completa,89,0.13091102524234255,0.13074127282579026,1,0.001
b_completa,90,0.1307941114762939,0.13066442456203345,1,0.001
b_completa,91,0.13068261321231922,0.1305422144764029,1,0.001
b_completa,92,0.1305666432342891,0.1304091974268374,1,0.001
b_completa,93,0.13043067341842418,0.1303238584197388,1,0.001
b_completa,94,0.1302922303389662,0.13017242051198313,1,0.001
b_completa,95,0.13017191156297372,0.13003757703564245,1,0.001
b_completa,96,0.1300790355761833,0.1298836810698387,1,0.001
b_completa,97,0.12991898043503194,0.1297825605786607,1,0.001
b_completa,98,0.12977555093590665,0.12959536072637398,1,0.001
b_completa,99,0.12963081486593833,0.12942827776678026,1,0.001
b_completa,100,0.1294874335600905,0.1292879407638026,1,0.001
b_completa,101,0.12932580590099008,0.12916414586848837,1,0.001
b_completa,102,0.12918511621367426,0.12901690354521445,1,0.001
b_completa,103,0.12905597412325112,0.12892857808083677,1,0.001
b_completa,104,0.12892910292467494,0.1287945127096584,1,0.001
b_completa,105,0.12883592762987142,0.12864918217807367,1,0.001
b_completa,106,0.1286867906206256,0.1284950891254245,1,0.001
b_completa,107,0.12861149248871165,0.12844723697191268,1,0.001
b_completa,108,0.1284878112865761,0.12828124994407394,1,0.001
b_completa,109,0.12836355784893433,0.12823896077368713,1,0.001
b_completa,110,0.1282481901370142,0.12806778025696486,1,0.001
b_completa,111,0.1281482132446077,0.12799687581250144,1,0.001
b_completa,112,0.12805476871571328,0.12785987273909413,1,0.001
b_completa,113,0.128009510483226,0.1281338696414872,0,0.001
b_completa,114,0.1279476592202234,0.12770006690394856,1,0.001
b_completa,115,0.12778631613275596,0.1276930710009628,0,0.001
b_completa,116,0.12771108859639596,0.12755006859073173,1,0.001
b_completa,117,0.12762019647059708,0.12745664135434812,1,0.001
b_completa,118,0.12753375021719673,0.12751722573623664,0,0.001
b_completa,119,0.12746160661568484,0.1272500955878944,1,0.001
b_completa,120,0.12735629244722552,0.12721177420166574,1,0.001
b_completa,121,0.12726243255981126,0.12709550255976917,1,0.001
b_completa,122,0.12718302299783804,0.12700393122860837,1,0.001
b_completa,123,0.12709395085822364,0.12694306923191978,1,0.001
b_completa,124,0.12706886230705053,0.1268989019125343,1,0.001
b_completa,125,0.12697268560123792,0.1267946573715671,1,0.001
b_completa,126,0.12689734392292773,0.12677173746723033,1,0.001
b_completa,127,0.12678914288085935,0.12661692993119625,1,0.001
b_completa,128,0.1267158401533322,0.12654468644065603,1,0.001
b_completa,129,0.1266184625690032,0.12646999150975796,1,0.001
b_completa,130,0.12654808855174807,0.1264280767986554,1,0.001
b_completa,131,0.12647743665655978,0.12624757614186294,1,0.001
b_completa,132,0.1263834832445797,0.12632908971955753,0,0.001
b_completa,133,0.1263015971668081,0.12610758612951792,1,0.001
b_completa,134,0.12619631369027864,0.1260501469698879,1,0.001
b_completa,135,0.12612695146974384,0.12594167387325828,1,0.001
b_completa,136,0.1260710128363944,0.12585433745090682,1,0.001
b_completa,137,0.12596247870807775,0.12580013280306948,1,0.001
b_completa,138,0.12591617292183363,0.12578273600584325,1,0.001
b_completa,139,0.12584776953156626,0.12565314562778757,1,0.001
b_completa,140,0.12573822907567106,0.12558952251354946,1,0.001
b_completa,141,0.125680052857039,0.12564961086117252,0,0.001
b_completa,142,0.12567944426019415,0.1254949621850435,1,0.001
b_completa,143,0.12555639070104346,0.1254206542145348,1,0.001
b_completa,144,0.12548510978732955,0.12536995691800581,1,0.001
b_completa,145,0.12541675001141378,0.12523017862313754,1,0.001
b_completa,146,0.1253492199888671,0.1251470694383726,1,0.001
b_completa,147,0.12529165547819499,0.1251390912807382,0,0.001
b_completa,148,0.1252426133691412,0.12510802178424815,1,0.001
b_completa,149,0.12520092045814857,0.12505681828601936,1,0.001
b_completa,150,0.1251460050421475,0.12498307602456288,1,0.001
b_completa,151,0.12505332877245295,0.12493463146922655,1,0.001
b_completa,152,0.12502416718124557,0.12484351743642166,1,0.001
b_completa,153,0.12495423379010688,0.12477704331897825,1,0.001
b_completa,154,0.1248830868982011,0.12475993361648932,1,0.001
b_completa,155,0.1248551214634211,0.12466219198675754,1,0.001
b_completa,156,0.12480053436406884,0.12456899750388327,1,0.001
b_completa,157,0.12473525428700007,0.1245334311721012,1,0.001
b_completa,158,0.12467620753609937,0.12453205820273369,0,0.001
b_completa,159,0.12461528439945097,0.12445578510183913,1,0.001
b_completa,160,0.1245715422029874,0.12436721433184565,1,0.001
b_completa,161,0.12450494174068738,0.1243029824606893,1,0.001
b_completa,162,0.12449798292990735,0.12426012209115826,1,0.001
b_completa,163,0.12445072029483462,0.12427489142215765,0,0.001
b_completa,164,0.12440369389798872,0.1241963662699807,1,0.001
b_completa,165,0.12432320417533456,0.1241227845175266,1,0.001
b_completa,166,0.12429757332112874,0.12412392065334746,0,0.001
b_completa,167,0.12427459571884232,0.12406814467686259,1,0.001
b_completa,168,0.12420905819433077,0.12403308598767246,1,0.001
b_completa,169,0.12416045692050871,0.12399810418715057,1,0.001
b_completa,170,0.12413743394529395,0.12395198377575976,1,0.001
b_completa,171,0.12408726399669602,0.12386965182180205,1,0.001
b_completa,172,0.12405381336074577,0.1238705652214675,0,0.001
b_completa,173,0.12410459542580417,0.12385497569839034,1,0.001
b_completa,174,0.12400456743883456,0.12382060266193337,1,0.001
b_completa,175,0.12393450395672384,0.12379999007963999,1,0.001
b_completa,176,0.12389551581239591,0.12384241425680632,0,0.001
b_completa,177,0.12389799540335421,0.12368880028064068,1,0.001
b_completa,178,0.12381276869405966,0.12369095666077129,0,0.001
b_completa,179,0.12386818053167799,0.12362617484540535,1,0.001
b_completa,180,0.12377589879780379,0.12359103052316134,1,0.001
b_completa,181,0.12371663579302479,0.1235802164853317,1,0.001
b_completa,182,0.12368285045643106,0.12351173747595087,1,0.001
b_completa,183,0.1236910747378219,0.12349175979226443,1,0.001
b_completa,184,0.12363231946922495,0.12344804815654833,1,0.001
b_completa,185,0.1235945528941261,0.1234696128572229,0,0.001
b_completa,186,0.12359980163326124,0.12351977732274144,0,0.001
b_completa,187,0.1235832470392862,0.12337478641365088,1,0.001
b_completa,188,0.12351797870638766,0.12335774992615613,1,0.001
b_completa,189,0.12353375607346137,0.12332254688668595,1,0.001
b_completa,190,0.1234970077007677,0.12336666692101064,0,0.001
b_completa,191,0.12347426422177434,0.12331324558128402,0,0.001
b_completa,192,0.12341021693293443,0.12327497530387058,1,0.001
b_completa,193,0.12339640072869994,0.12320707004200693,1,0.001
b_completa,194,0.12334861767516177,0.12328540726456119,0,0.001
b_completa,195,0.12337797740366882,0.12318539303571645,1,0.001
b_completa,196,0.12329738185084883,0.12311058008252809,1,0.001
b_completa,197,0.12331141649746864,0.1231577369052811,0,0.001
b_completa,198,0.12329888679155522,0.12310405299902592,0,0.001
b_completa,199,0.1232510948417953,0.12304662497316401,1,0.001
b_completa,200,0.12322497490164382,0.12315496821911467,0,0.001
c_completa,1,0.47452189778646875,0.4257306562173429,1,0.001
c_completa,2,0.3951567255329764,0.3625333919870734,1,0.001
c_completa,3,0.33687550388242354,0.31134326933753403,1,0.001
c_completa,4,0.2970775125828759,0.2829282817570651,1,0.001
c_completa,5,0.2764065989102283,0.2697488620117629,1,0.001
c_completa,6,0.26457355729907184,0.2563024301051859,1,0.001
c_completa,7,0.24785094331584073,0.23888007229062835,1,0.001
c_completa,8,0.234142197503613,0.22911420489306328,1,0.001
c_completa,9,0.22624016379382314,0.22294369720791585,1,0.001
c_completa,10,0.2214236775358691,0.21950167836530765,1,0.001
c_completa,11,0.21867265905787184,0.21721711757007864,1,0.001
c_completa,12,0.21632270646423826,0.21464754186021115,1,0.001
c_completa,13,0.21282057424619039,0.20946617698846487,1,0.001
c_completa,14,0.20434878486184568,0.19705451197726553,1,0.001
c_completa,15,0.19204734407753113,0.18762881759348368,1,0.001
c_completa,16,0.18618260377727258,0.1845387580107322,1,0.001
c_completa,17,0.1838515248740489,0.18263281413627175,1,0.001
c_completa,18,0.18190663671076118,0.1805450369464998,1,0.001
c_completa,19,0.17965728707992878,0.17807767210849443,1,0.001
c_completa,20,0.17708164731082443,0.17575318492268008,1,0.001
c_completa,21,0.175174070530739,0.1742792966850883,1,0.001
c_completa,22,0.17391194952699984,0.17318257793506675,1,0.001
c_completa,23,0.17287842185546062,0.1721784414365758,1,0.001
c_completa,24,0.17188599963613024,0.17119203437291927,1,0.001
c_completa,25,0.17086200698176904,0.17016782561166374,1,0.001
c_completa,26,0.1697940344918745,0.1690098314846421,1,0.001
c_completa,27,0.168515355966219,0.16748865249954434,1,0.001
c_completa,28,0.1664838723445718,0.1647792124821683,1,0.001
c_completa,29,0.16307995421097285,0.16061383922001676,1,0.001
c_completa,30,0.15807307073247134,0.15489819215423875,1,0.001
c_completa,31,0.1528483208441836,0.15061984511211704,1,0.001
c_completa,32,0.14958069554438638,0.14825210432565428,1,0.001
c_completa,33,0.14774144116022808,0.14681123830817877,1,0.001
c_completa,34,0.14650733203862593,0.14574151531444682,1,0.001
c_completa,35,0.14555225707996577,0.14489511622400544,1,0.001
c_completa,36,0.1447574917322204,0.1441611893293581,1,0.001
c_completa,37,0.1440854867486573,0.14349315326007797,1,0.001
c_completa,38,0.14344925936617955,0.14304085434228977,1,0.001
c_completa,39,0.1429104144548262,0.14234540101434134,1,0.001
c_completa,40,0.14235912045574742,0.14190198165459358,1,0.001
c_completa,41,0.14186018924917168,0.14139273220237134,1,0.001
c_completa,42,0.14141360486301283,0.1409841929658786,1,0.001
c_completa,43,0.14100482347276727,0.14052846646776831,1,0.001
c_completa,44,0.1405783847953092,0.1401071077883859,1,0.001
c_completa,45,0.1401567153049338,0.13971342919282678,1,0.001
c_completa,46,0.13973440306245719,0.1392541653358506,1,0.001
c_completa,47,0.13924378753540048,0.13883216627904615,1,0.001
c_completa,48,0.13879484704982115,0.13839720720068813,1,0.001
c_completa,49,0.13829855136337013,0.13787664886455342,1,0.001
c_completa,50,0.1378348760586703,0.13743874075860693,1,0.001
c_completa,51,0.1373789549786274,0.13698409333002176,1,0.001
c_completa,52,0.13692992880124288,0.13656583565585287,1,0.001
c_completa,53,0.136520922584014,0.1361514900668138,1,0.001
c_completa,54,0.13612078616456919,0.1357424645328094,1,0.001
c_completa,55,0.13572164811398327,0.13536039781662246,1,0.001
c_completa,56,0.13534434808094076,0.13504072154694324,1,0.001
c_completa,57,0.1349967944956121,0.1346781166880854,1,0.001
c_completa,58,0.1346534347826342,0.13430494130256954,1,0.001
c_completa,59,0.13431209576835473,0.13398801523439036,1,0.001
c_completa,60,0.13401803750722716,0.1337137264507451,1,0.001
c_completa,61,0.13374120912009962,0.13343901556560625,1,0.001
c_completa,62,0.13347432478893348,0.13320425345859754,1,0.001
c_completa,63,0.13327706370026005,0.13300044093168528,1,0.001
c_completa,64,0.13301033234512002,0.13273691792735162,1,0.001
c_completa,65,0.13277992544698447,0.13251361761201672,1,0.001
c_completa,66,0.13256827337584612,0.13238551469608506,1,0.001
c_completa,67,0.13238460515646178,0.13214458714345192,1,0.001
c_completa,68,0.13217427214930758,0.13193801653619167,1,0.001
c_completa,69,0.13199434654326314,0.13174817725048596,1,0.001
c_completa,70,0.1318366791379279,0.13177034476361543,0,0.001
c_completa,71,0.1316617233151118,0.13142127076180984,1,0.001
c_completa,72,0.13149419110009514,0.13127248985922021,1,0.001
c_completa,73,0.13133448461571293,0.131214043118903,1,0.001
c_completa,74,0.13118710221034072,0.13093930015828575,1,0.001
c_completa,75,0.13103877618357707,0.13078236733938547,1,0.001
c_completa,76,0.1308783894883007,0.13065887347957608,1,0.001
c_completa,77,0.1307352363097192,0.13053685151160957,1,0.001
c_completa,78,0.1305971750187691,0.13040669869775262,1,0.001
c_completa,79,0.13046422236091498,0.13029445422636027,1,0.001
c_completa,80,0.13035880899326796,0.1302571192590231,1,0.001
c_completa,81,0.13022346682864838,0.13001870785644537,1,0.001
c_completa,82,0.13009061198642308,0.1298631782938869,1,0.001
c_completa,83,0.12990266888608526,0.12968588404545683,1,0.001
c_completa,84,0.12975810911278393,0.12959704713549994,1,0.001
c_completa,85,0.12960285103204133,0.12944324671626828,1,0.001
c_completa,86,0.12947525225625148,0.12929478598814273,1,0.001
c_completa,87,0.12932091858231312,0.12910811639178624,1,0.001
c_completa,88,0.12916980154967497,0.12905772613156352,1,0.001
c_completa,89,0.12909421694611556,0.12882020794444304,1,0.001
c_completa,90,0.1288713654339722,0.12871150808083537,1,0.001
c_completa,91,0.12873660139071522,0.128562249889083,1,0.001
c_completa,92,0.1286542033660549,0.12847876994181856,1,0.001
c_completa,93,0.12845143368146605,0.1282433979122396,1,0.001
c_completa,94,0.12829856737620535,0.12810907555419024,1,0.001
c_completa,95,0.12815497370355605,0.12796670755854067,1,0.001
c_completa,96,0.1279857412578295,0.12774918153452067,1,0.001
c_completa,97,0.12778354591037214,0.12763366568523532,1,0.001
c_completa,98,0.12756196460156097,0.12733010471173628,1,0.001
c_completa,99,0.1273487533313764,0.12711296067352623,1,0.001
c_completa,100,0.1271466438868608,0.12690522998596734,1,0.001
c_completa,101,0.12689306728949493,0.1266749172980668,1,0.001
c_completa,102,0.12678523446350473,0.12656872637833658,1,0.001
c_completa,103,0.1265679926921982,0.12633568563660283,1,0.001
c_completa,104,0.12638526989414356,0.12637149545110898,0,0.001
c_completa,105,0.1262394211004455,0.12608402427929402,1,0.001
c_completa,106,0.1260966308275073,0.12594163542437625,1,0.001
c_completa,107,0.12597966804310526,0.12584593791895393,1,0.001
c_completa,108,0.1258585822460553,0.12572437123961688,1,0.001
c_completa,109,0.12574678520213328,0.1255869221125114,1,0.001
c_completa,110,0.12565862229051888,0.12559437911034338,0,0.001
c_completa,111,0.1255881375416122,0.1254803432642946,1,0.001
c_completa,112,0.12547135700181067,0.12535335763055822,1,0.001
c_completa,113,0.12541853220903687,0.1252413401040917,1,0.001
c_completa,114,0.1253153675884988,0.12517532357743813,1,0.001
c_completa,115,0.1252341413378964,0.12513396618283706,1,0.001
c_completa,116,0.12523019494592683,0.12503578694715897,1,0.001
c_completa,117,0.12513036966483143,0.12503241216159663,0,0.001
c_completa,118,0.12505607244882416,0.12497352365939707,1,0.001
c_completa,119,0.12497964200574614,0.12496988239217628,0,0.001
c_completa,120,0.12491153222584951,0.12478440999736463,1,0.001
c_completa,121,0.12484530672193372,0.1247991727865725,0,0.001
c_completa,122,0.12480872463810519,0.1249066199916429,0,0.001
c_completa,123,0.12480203292365258,0.12468841709482319,1,0.001
c_completa,124,0.1247212148495289,0.12459032393647676,1,0.001
c_completa,125,0.12463219782843717,0.12457354822285305,1,0.001
c_completa,126,0.12457728987629688,0.12451333267139972,1,0.001
c_completa,127,0.12456517063904249,0.1244384726496394,1,0.001
c_completa,128,0.12447664859859853,0.1243974022584002,1,0.001
c_completa,129,0.1244524038425386,0.12434032423600877,1,0.001
c_completa,130,0.12445410559605938,0.12425091799551032,1,0.001
c_completa,131,0.12432292398045261,0.12426459352671733,0,0.001
c_completa,132,0.12427613727869911,0.12422234159022981,1,0.001
c_completa,133,0.12425870847467947,0.1241731726806616,1,0.001
c_completa,134,0.12422243921738675,0.1241857732401779,0,0.001
c_completa,135,0.12415460116622495,0.12404443046399762,1,0.001
c_completa,136,0.12413512489894547,0.12399453144140876,1,0.001
c_completa,137,0.12406906336266625,0.12393426919570268,1,0.001
c_completa,138,0.1239750158189513,0.12392197177810671,1,0.001
c_completa,139,0.12401380511145552,0.12389479236558666,1,0.001
c_completa,140,0.12390862101368837,0.1237959124941522,1,0.001
c_completa,141,0.12386925359755532,0.12376239125421994,1,0.001
c_completa,142,0.12380763216870605,0.12367863064727354,1,0.001
c_completa,143,0.12373403513676512,0.12358706370517454,1,0.001
c_completa,144,0.12367132980012428,0.12358050689766185,0,0.001
c_completa,145,0.1236218452673103,0.12349918553486242,1,0.001
c_completa,146,0.12358825782201768,0.12344694018091358,1,0.001
c_completa,147,0.12350530611065981,0.1234219374952498,1,0.001
c_completa,148,0.12348205939231362,0.1233490055330736,1,0.001
c_completa,149,0.12339973795145308,0.12326200015675455,1,0.001
c_completa,150,0.12334666698426182,0.12320267859786756,1,0.001
c_completa,151,0.12327919357727476,0.12312499034757429,1,0.001
c_completa,152,0.12321718018611783,0.12308945102176562,1,0.001
c_completa,153,0.12321147575106442,0.12306775270241571,1,0.001
c_completa,154,0.12315837101759036,0.12300625438165834,1,0.001
c_completa,155,0.12308919260291262,0.1229151031600154,1,0.001
c_completa,156,0.12299594845359002,0.1228556372834957,1,0.001
c_completa,157,0.12295381126190592,0.12282860640150903,1,0.001
c_completa,158,0.1228859669173308,0.1227959858103976,1,0.001
c_completa,159,0.122856721578982,0.12270747945351432,1,0.001
c_completa,160,0.12277949626961988,0.12263081693402629,1,0.001
c_completa,161,0.12273666741546008,0.12260974441244518,1,0.001
c_completa,162,0.1226718154795652,0.12255913802960391,1,0.001
c_completa,163,0.12261770426863075,0.12253172365211666,1,0.001
c_completa,164,0.12263127514762184,0.12249718924531942,1,0.001
c_completa,165,0.12259647910486289,0.1224781492266809,1,0.001
c_completa,166,0.12253166929652315,0.12240356770122239,1,0.001
c_completa,167,0.12247283115872865,0.12244530151803266,0,0.001
c_completa,168,0.12240483253797747,0.12233398365683529,1,0.001
c_completa,169,0.12233351572076126,0.12219315795686995,1,0.001
c_completa,170,0.12230749064190459,0.12220201255667082,0,0.001
c_completa,171,0.1222477680019071,0.12214461254165715,1,0.001
c_completa,172,0.12220477792341904,0.12216316553375262,0,0.001
c_completa,173,0.12211307469146838,0.12206554304212199,1,0.001
c_completa,174,0.1220675235098514,0.12207487000753074,0,0.001
c_completa,175,0.12203566673846451,0.12201894982256253,1,0.001
c_completa,176,0.12200942780752329,0.12189172904649123,1,0.001
c_completa,177,0.12202761017674002,0.12193119696497061,0,0.001
c_completa,178,0.12195925295829299,0.12184654866523671,1,0.001
c_completa,179,0.12187741172582488,0.12186851221694436,0,0.001
c_completa,180,0.12187363431179182,0.12182933732399875,1,0.001
c_completa,181,0.12181682412602582,0.1217223633168001,1,0.001
c_completa,182,0.12180765600631124,0.12170655695395317,1,0.001
c_completa,183,0.12180217364681677,0.12168439603185312,1,0.001
c_completa,184,0.12174866332733073,0.12166557734233174,1,0.001
c_completa,185,0.12175115044681796,0.1217440170524894,0,0.001
c_completa,186,0.12169505597606169,0.12169920266736013,0,0.001
c_completa,187,0.1216430833784826,0.12157712944520836,1,0.001
c_completa,188,0.12160446966817288,0.12156370124779041,1,0.001
c_completa,189,0.12159546355827211,0.12154632881384231,1,0.001
c_completa,190,0.12154121960845214,0.12149024696728326,1,0.001
c_completa,191,0.12153493900417145,0.12150992939147066,0,0.001
c_completa,192,0.12149873242370304,0.12143847828795197,1,0.001
c_completa,193,0.12148361182404835,0.12145859093748693,0,0.001
c_completa,194,0.12144405333466685,0.12133384659024721,1,0.001
c_completa,195,0.12140467448488342,0.12142725101279095,0,0.001
c_completa,196,0.1213818692037224,0.12136326474859452,0,0.001
c_completa,197,0.12140362902518492,0.12131741581358221,1,0.001
c_completa,198,0.12136473718890932,0.12124678628488543,1,0.001
c_completa,199,0.12130888831629048,0.12136248613682978,0,0.001
c_completa,200,0.12132237228556228,0.12130255348262023,0,0.001
b_sem_taxas_absolutas,1,0.38045052510719407,0.3437806354738169,1,0.001
b_sem_taxas_absolutas,2,0.31871772471360144,0.2947556920373706,1,0.001
b_sem_taxas_absolutas,3,0.28221875039565314,0.26978103280141325,1,0.001
b_sem_taxas_absolutas,4,0.25585165086225925,0.2393640888459479,1,0.001
b_sem_taxas_absolutas,5,0.22869676251847387,0.21835245009504203,1,0.001
b_sem_taxas_absolutas,6,0.21255502963149198,0.20732688840198465,1,0.001
b_sem_taxas_absolutas,7,0.20535436353508624,0.2031727446000928,1,0.001
b_sem_taxas_absolutas,8,0.20245761570943885,0.2011187231801543,1,0.001
b_sem_taxas_absolutas,9,0.2006377319917404,0.19938940109746453,1,0.001
b_sem_taxas_absolutas,10,0.1987338689837571,0.19719296197775596,1,0.001
b_sem_taxas_absolutas,11,0.19594956244117953,0.1935069429847207,1,0.001
b_sem_taxas_absolutas,12,0.190313026856833,0.1847135635517241,1,0.001
b_sem_taxas_absolutas,13,0.17711524665190165,0.1683744792970205,1,0.001
b_sem_taxas_absolutas,14,0.16484119132312958,0.1617463458917451,1,0.001
b_sem_taxas_absolutas,15,0.16045335161420032,0.1587365960969912,1,0.001
b_sem_taxas_absolutas,16,0.1579117272310789,0.15655788588906333,1,0.001
b_sem_taxas_absolutas,17,0.15591861275443392,0.15467176820765974,1,0.001
b_sem_taxas_absolutas,18,0.15389404265217047,0.15223539370135014,1,0.001
b_sem_taxas_absolutas,19,0.15010750427335495,0.14594337883345165,1,0.001
b_sem_taxas_absolutas,20,0.1397323254877602,0.13206607887886626,1,0.001
b_sem_taxas_absolutas,21,0.12892106116850796,0.12633342124534053,1,0.001
b_sem_taxas_absolutas,22,0.1254544068744263,0.1241633256377322,1,0.001
b_sem_taxas_absolutas,23,0.12372347646700517,0.12272500523151955,1,0.001
b_sem_taxas_absolutas,24,0.12252534123303668,0.12183681193898711,1,0.001
b_sem_taxas_absolutas,25,0.12172269474177948,0.12113523240913282,1,0.001
b_sem_taxas_absolutas,26,0.12108586024999843,0.12051766117590959,1,0.001
b_sem_taxas_absolutas,27,0.12049535366511686,0.11994363936572801,1,0.001
b_sem_taxas_absolutas,28,0.1198956922634776,0.11933553364016694,1,0.001
b_sem_taxas_absolutas,29,0.11928767114922664,0.11879375332178148,1,0.001
b_sem_taxas_absolutas,30,0.11872415471023239,0.11820640710385087,1,0.001
b_sem_taxas_absolutas,31,0.11818112484404056,0.11779382477362407,1,0.001
b_sem_taxas_absolutas,32,0.11770477013684748,0.11723938540807176,1,0.001
b_sem_taxas_absolutas,33,0.11728071020654095,0.11690871587316506,1,0.001
b_sem_taxas_absolutas,34,0.11688937804978185,0.1164764876520895,1,0.001
b_sem_taxas_absolutas,35,0.11650494202161589,0.11611477990242516,1,0.001
b_sem_taxas_absolutas,36,0.11610753886171395,0.11571488698523148,1,0.001
b_sem_taxas_absolutas,37,0.11573483740776512,0.11536051861802894,1,0.001
b_sem_taxas_absolutas,38,0.11539163675254352,0.11507336187374625,1,0.001
b_sem_taxas_absolutas,39,0.11509628228735128,0.11479193311982533,1,0.001
b_sem_taxas_absolutas,40,0.11483751910411291,0.11458408281067353,1,0.001
b_sem_taxas_absolutas,41,0.1146019186174502,0.11428083168048019,1,0.001
b_sem_taxas_absolutas,42,0.11434447057002829,0.11407428807622327,1,0.001
b_sem_taxas_absolutas,43,0.11412517113821878,0.11390017690566613,1,0.001
b_sem_taxas_absolutas,44,0.113909742224795,0.11362048751290438,1,0.001
b_sem_taxas_absolutas,45,0.11366898636938845,0.11340482015780882,1,0.001
b_sem_taxas_absolutas,46,0.1134494985241216,0.11319437548649745,1,0.001
b_sem_taxas_absolutas,47,0.11322920257830649,0.11298478990569082,1,0.001
b_sem_taxas_absolutas,48,0.11302671025917269,0.11277460906916599,1,0.001
b_sem_taxas_absolutas,49,0.11280402830510022,0.11258640090479392,1,0.001
b_sem_taxas_absolutas,50,0.11257497677814339,0.1123258996975585,1,0.001
b_sem_taxas_absolutas,51,0.11231702959239226,0.11202781251554599,1,0.001
b_sem_taxas_absolutas,52,0.11202741470541762,0.11178994073548651,1,0.001
b_sem_taxas_absolutas,53,0.11175195660326562,0.11145345585453485,1,0.001
b_sem_taxas_absolutas,54,0.11145258323794559,0.11118312290326277,1,0.001
b_sem_taxas_absolutas,55,0.11111068004334174,0.11070748210185714,1,0.001
b_sem_taxas_absolutas,56,0.1105908144302022,0.1100974203497416,1,0.001
b_sem_taxas_absolutas,57,0.10989751435510164,0.1093411432051738,1,0.001
b_sem_taxas_absolutas,58,0.1090939218929084,0.10854035585733242,1,0.001
b_sem_taxas_absolutas,59,0.10835886008020734,0.10784816143174211,1,0.001
b_sem_taxas_absolutas,60,0.10768240019161554,0.10718524583508948,1,0.001
b_sem_taxas_absolutas,61,0.10700439018292957,0.10647522114033532,1,0.001
b_sem_taxas_absolutas,62,0.10632067999244178,0.10582914593440305,1,0.001
b_sem_taxas_absolutas,63,0.10564770236565645,0.10517810590714241,1,0.001
b_sem_taxas_absolutas,64,0.10502101607173041,0.10460644679411138,1,0.001
b_sem_taxas_absolutas,65,0.10437238772235564,0.10389593007394067,1,0.001
b_sem_taxas_absolutas,66,0.10374351169259989,0.10331523216567493,1,0.001
b_sem_taxas_absolutas,67,0.10308702475631895,0.10261432305934123,1,0.001
b_sem_taxas_absolutas,68,0.10245579959152448,0.1020120918051548,1,0.001
b_sem_taxas_absolutas,69,0.10184115497443753,0.10139935775162567,1,0.001
b_sem_taxas_absolutas,70,0.10125658644747984,0.10083743415150898,1,0.001
b_sem_taxas_absolutas,71,0.10067727319468113,0.10026544215057337,1,0.001
b_sem_taxas_absolutas,72,0.1000982115851349,0.0996667219842741,1,0.001
b_sem_taxas_absolutas,73,0.09951885325757827,0.09911194203049713,1,0.001
b_sem_taxas_absolutas,74,0.09889811952863582,0.09850941856640386,1,0.001
b_sem_taxas_absolutas,75,0.09829340638364588,0.09805608756229675,1,0.001
b_sem_taxas_absolutas,76,0.09774709655889688,0.0974268962434053,1,0.001
b_sem_taxas_absolutas,77,0.09726396548017345,0.09704099449921433,1,0.001
b_sem_taxas_absolutas,78,0.0968459166228196,0.09646060470271481,1,0.001
b_sem_taxas_absolutas,79,0.09637365733150847,0.0960266557024388,1,0.001
b_sem_taxas_absolutas,80,0.09593698719079517,0.09563698469291709,1,0.001
b_sem_taxas_absolutas,81,0.09553673517205669,0.09521005091552713,1,0.001
b_sem_taxas_absolutas,82,0.09514104356030663,0.09478189959699015,1,0.001
b_sem_taxas_absolutas,83,0.09473298514089654,0.09452298868772055,1,0.001
b_sem_taxas_absolutas,84,0.09432474085866052,0.09403732168332431,1,0.001
b_sem_taxas_absolutas,85,0.09398328229997081,0.09370732963337258,1,0.001
b_sem_taxas_absolutas,86,0.09370527517083027,0.09340213237652249,1,0.001
b_sem_taxas_absolutas,87,0.09333819773263709,0.09313651588659083,1,0.001
b_sem_taxas_absolutas,88,0.09306895496649244,0.09281037149086166,1,0.001
b_sem_taxas_absolutas,89,0.09279233554800834,0.0925342616654909,1,0.001
b_sem_taxas_absolutas,90,0.0923747827060555,0.0918542079716917,1,0.001
b_sem_taxas_absolutas,91,0.09129789898960865,0.09062766642045365,1,0.001
b_sem_taxas_absolutas,92,0.09030781355152584,0.08982267995741333,1,0.001
b_sem_taxas_absolutas,93,0.08969650463165599,0.0893842900308655,1,0.001
b_sem_taxas_absolutas,94,0.08930013597332218,0.08920137627161477,1,0.001
b_sem_taxas_absolutas,95,0.08905642373607729,0.08876713266907943,1,0.001
b_sem_taxas_absolutas,96,0.08866940115083313,0.08845778126568382,1,0.001
b_sem_taxas_absolutas,97,0.08851021596850381,0.08825278933738927,1,0.001
b_sem_taxas_absolutas,98,0.08824845837126999,0.08805846440234438,1,0.001
b_sem_taxas_absolutas,99,0.08807295120913526,0.08786399938275453,1,0.001
b_sem_taxas_absolutas,100,0.0879095333662836,0.08768887343955602,1,0.001
b_sem_taxas_absolutas,101,0.08778182425423531,0.0875749065968073,1,0.001
b_sem_taxas_absolutas,102,0.08762451718887605,0.08747080372780747,1,0.001
b_sem_taxas_absolutas,103,0.08753761449491784,0.08736063938376995,1,0.001
b_sem_taxas_absolutas,104,0.08742396617440336,0.08733993590734943,1,0.001
b_sem_taxas_absolutas,105,0.08730935461493464,0.08713938368807006,1,0.001
b_sem_taxas_absolutas,106,0.08716257405451307,0.08700297679636385,1,0.001
b_sem_taxas_absolutas,107,0.0870559219841657,0.0869310797192455,1,0.001
b_sem_taxas_absolutas,108,0.08704387580113089,0.08681928692566687,1,0.001
b_sem_taxas_absolutas,109,0.08690983628962044,0.08680214174332553,1,0.001
b_sem_taxas_absolutas,110,0.08683176631909181,0.08678894441364368,1,0.001
b_sem_taxas_absolutas,111,0.08674494027467153,0.08663267120484368,1,0.001
b_sem_taxas_absolutas,112,0.08662801384975188,0.08645134889909407,1,0.001
b_sem_taxas_absolutas,113,0.08641228442608136,0.08624787361121043,1,0.001
b_sem_taxas_absolutas,114,0.08624303134841922,0.08603085107440323,1,0.001
b_sem_taxas_absolutas,115,0.08604763748663109,0.08586503495139347,1,0.001
b_sem_taxas_absolutas,116,0.08592669733992091,0.08570904148935615,1,0.001
b_sem_taxas_absolutas,117,0.08577647756182828,0.08561512762091252,1,0.001
b_sem_taxas_absolutas,118,0.08567001773345459,0.08546610855957681,1,0.001
b_sem_taxas_absolutas,119,0.08560974136874443,0.08550757466148476,0,0.001
b_sem_taxas_absolutas,120,0.08548070255135867,0.08527758784156551,1,0.001
b_sem_taxas_absolutas,121,0.0853602951570351,0.08520470375293777,1,0.001
b_sem_taxas_absolutas,122,0.08526473146070651,0.08506175746705555,1,0.001
b_sem_taxas_absolutas,123,0.08523383956613555,0.08513888530496408,0,0.001
b_sem_taxas_absolutas,124,0.0851029647944289,0.08505399143268107,0,0.001
b_sem_taxas_absolutas,125,0.08508561077510865,0.08490826250503786,1,0.001
b_sem_taxas_absolutas,126,0.08491522925990384,0.08472967845789024,1,0.001
b_sem_taxas_absolutas,127,0.08485702510070703,0.0847278023868596,0,0.001
b_sem_taxas_absolutas,128,0.08478904632958734,0.08457745300123254,1,0.001
b_sem_taxas_absolutas,129,0.08468626004721178,0.08458854209184562,0,0.001
b_sem_taxas_absolutas,130,0.08467776636624509,0.08444056905940622,1,0.001
b_sem_taxas_absolutas,131,0.08453246611767203,0.08445646369027553,0,0.001
b_sem_taxas_absolutas,132,0.08444537094473942,0.0843268670735359,1,0.001
b_sem_taxas_absolutas,133,0.08443282481081647,0.08412158604251783,1,0.001
b_sem_taxas_absolutas,134,0.08419127972030553,0.08408357736652894,1,0.001
b_sem_taxas_absolutas,135,0.0841381166913293,0.0838734061487216,1,0.001
b_sem_taxas_absolutas,136,0.08395876765379058,0.08387986744822644,0,0.001
b_sem_taxas_absolutas,137,0.08392678720974438,0.08375372838019889,1,0.001
b_sem_taxas_absolutas,138,0.08381954441671328,0.08399046543384252,0,0.001
b_sem_taxas_absolutas,139,0.08389133683713225,0.08355074485198188,1,0.001
b_sem_taxas_absolutas,140,0.08361823517542027,0.08347659850271312,1,0.001
b_sem_taxas_absolutas,141,0.08358271337097355,0.08342964152756029,1,0.001
b_sem_taxas_absolutas,142,0.08352706112314066,0.08340170625481395,1,0.001
b_sem_taxas_absolutas,143,0.08349376248222842,0.08333296606819211,1,0.001
b_sem_taxas_absolutas,144,0.08340440719117569,0.08325303715367419,1,0.001
b_sem_taxas_absolutas,145,0.08333544175092225,0.08322244304990002,1,0.001
b_sem_taxas_absolutas,146,0.08331398268600153,0.08321404698172215,0,0.001
b_sem_taxas_absolutas,147,0.08322281334033935,0.0831315400761488,1,0.001
b_sem_taxas_absolutas,148,0.08321171464852488,0.08296160426848434,1,0.001
b_sem_taxas_absolutas,149,0.08303703393331698,0.0829403666435807,1,0.001
b_sem_taxas_absolutas,150,0.08308239868284323,0.08295337762628231,0,0.001
b_sem_taxas_absolutas,151,0.08300459430827407,0.08287123552983497,1,0.001
b_sem_taxas_absolutas,152,0.08294116890610534,0.08290326839470075,0,0.001
b_sem_taxas_absolutas,153,0.08299457643642473,0.08288454111064249,0,0.001
b_sem_taxas_absolutas,154,0.08290462543774976,0.0827080981509745,1,0.001
b_sem_taxas_absolutas,155,0.08284842913472196,0.08273897453624064,0,0.001
b_sem_taxas_absolutas,156,0.08290933630226717,0.08270396347143959,0,0.001
b_sem_taxas_absolutas,157,0.08280113293471109,0.0826744103816546,1,0.001
b_sem_taxas_absolutas,158,0.08292178703502931,0.08260056472440894,1,0.001
b_sem_taxas_absolutas,159,0.08268024115424516,0.08270799411750622,0,0.001
b_sem_taxas_absolutas,160,0.08271710804399005,0.08279448458572398,0,0.001
b_sem_taxas_absolutas,161,0.08264988532716058,0.08267194533155067,0,0.001
b_sem_taxas_absolutas,162,0.08262518522122164,0.08261091441845873,0,0.001
b_sem_taxas_absolutas,163,0.08261482674569666,0.08246317102642846,1,0.001
b_sem_taxas_absolutas,164,0.08254433861061009,0.08239365215922025,1,0.001
b_sem_taxas_absolutas,165,0.08253111384389016,0.0824100734381741,0,0.001
b_sem_taxas_absolutas,166,0.0825502994732987,0.0825548000918911,0,0.001
b_sem_taxas_absolutas,167,0.08255176670918518,0.0823188711741244,1,0.001
b_sem_taxas_absolutas,168,0.08239121707996071,0.08228369105885006,1,0.001
b_sem_taxas_absolutas,169,0.08253142691619766,0.08242811916673032,0,0.001
b_sem_taxas_absolutas,170,0.08239660669324629,0.08234728963005239,0,0.001
b_sem_taxas_absolutas,171,0.08239678843619186,0.08227795939423413,0,0.001
b_sem_taxas_absolutas,172,0.08252653374925917,0.08219319407232804,1,0.001
b_sem_taxas_absolutas,173,0.0822836710215021,0.08223447073137254,0,0.001
b_sem_taxas_absolutas,174,0.08229368254230573,0.08213466331782011,1,0.001
b_sem_taxas_absolutas,175,0.08232398575895931,0.08218605567759457,0,0.001
b_sem_taxas_absolutas,176,0.08229984729709951,0.08215338004947445,0,0.001
b_sem_taxas_absolutas,177,0.08218749453289505,0.08205788131025225,1,0.001
b_sem_taxas_absolutas,178,0.08227528429622406,0.08206907103768638,0,0.001
b_sem_taxas_absolutas,179,0.08226517777342979,0.08215785634821283,0,0.001
b_sem_taxas_absolutas,180,0.08217441204520845,0.08220470386389349,0,0.001
b_sem_taxas_absolutas,181,0.08208307465742834,0.08198778220000315,1,0.001
b_sem_taxas_absolutas,182,0.08211673412332685,0.08221965094701095,0,0.001
b_sem_taxas_absolutas,183,0.08205153390585858,0.08189947013479963,1,0.001
b_sem_taxas_absolutas,184,0.08190767990731572,0.08183191698581525,1,0.001
b_sem_taxas_absolutas,185,0.08194307418820573,0.08215279564692418,0,0.001
b_sem_taxas_absolutas,186,0.08204606549108394,0.08172139995528425,1,0.001
b_sem_taxas_absolutas,187,0.08190051005073895,0.08176055194897783,0,0.001
b_sem_taxas_absolutas,188,0.08189854834594286,0.08247271564670021,0,0.001
b_sem_taxas_absolutas,189,0.0820078013815373,0.0820144985203876,0,0.001
b_sem_taxas_absolutas,190,0.08186099427305864,0.08179898988342359,0,0.001
b_sem_taxas_absolutas,191,0.08186506904210576,0.08164310578771952,1,0.001
b_sem_taxas_absolutas,192,0.08170601652761796,0.08159512059269669,1,0.001
b_sem_taxas_absolutas,193,0.08165911154924553,0.08155224154748789,1,0.001
b_sem_taxas_absolutas,194,0.08176752992350104,0.0820296157935032,0,0.001
b_sem_taxas_absolutas,195,0.08172579333147245,0.08146050048724368,1,0.001
b_sem_taxas_absolutas,196,0.08156459175544527,0.08142887603105682,1,0.001
b_sem_taxas_absolutas,197,0.08151841325206002,0.08140533984151264,1,0.001
b_sem_taxas_absolutas,198,0.08159363655355593,0.08161266214712308,0,0.001
b_sem_taxas_absolutas,199,0.08158069261386433,0.08138613160111455,1,0.001
b_sem_taxas_absolutas,200,0.08143689855517976,0.08138692131402324,0,0.001
c_sem_taxas_absolutas,1,0.3857354986201306,0.3489506740936305,1,0.001
c_sem_taxas_absolutas,2,0.3205866868221559,0.28998533763939316,1,0.001
c_sem_taxas_absolutas,3,0.27015006695211885,0.25467831097347887,1,0.001
c_sem_taxas_absolutas,4,0.24483601862977283,0.2316808877251686,1,0.001
c_sem_taxas_absolutas,5,0.2181707136562304,0.20628878494756728,1,0.001
c_sem_taxas_absolutas,6,0.2020034138035522,0.19776773692149502,1,0.001
c_sem_taxas_absolutas,7,0.19536101633009834,0.19219310318987784,1,0.001
c_sem_taxas_absolutas,8,0.18983699053417158,0.18626798949156637,1,0.001
c_sem_taxas_absolutas,9,0.18256904092947282,0.177906206164347,1,0.001
c_sem_taxas_absolutas,10,0.1728186272987807,0.16564046903382576,1,0.001
c_sem_taxas_absolutas,11,0.16230579248409466,0.1594267927093419,1,0.001
c_sem_taxas_absolutas,12,0.15848902815281182,0.1571825266294359,1,0.001
c_sem_taxas_absolutas,13,0.1568022435056202,0.15601280897350572,1,0.001
c_sem_taxas_absolutas,14,0.15576651422602603,0.15506422313195714,1,0.001
c_sem_taxas_absolutas,15,0.15494578502024547,0.15432568149952727,1,0.001
c_sem_taxas_absolutas,16,0.15426387146847806,0.1536991297374511,1,0.001
c_sem_taxas_absolutas,17,0.15362722647152605,0.1530767334572134,1,0.001
c_sem_taxas_absolutas,18,0.15301594738775776,0.15247556060427206,1,0.001
c_sem_taxas_absolutas,19,0.15241575656941317,0.15189081902687138,1,0.001
c_sem_taxas_absolutas,20,0.15185249603637713,0.15136844362583923,1,0.001
c_sem_taxas_absolutas,21,0.15134538024798805,0.15098156239193106,1,0.001
c_sem_taxas_absolutas,22,0.1508871925509239,0.1504565620504912,1,0.001
c_sem_taxas_absolutas,23,0.15042160011231118,0.14999957739377415,1,0.001
c_sem_taxas_absolutas,24,0.14998484545653598,0.1496054563547525,1,0.001
c_sem_taxas_absolutas,25,0.1495405101945948,0.14915459609663334,1,0.001
c_sem_taxas_absolutas,26,0.14908512147183928,0.14867457732934009,1,0.001
c_sem_taxas_absolutas,27,0.14858785707476305,0.14812874139300475,1,0.001
c_sem_taxas_absolutas,28,0.14796937210579716,0.1474333933068943,1,0.001
c_sem_taxas_absolutas,29,0.1471229136304071,0.14636882133255075,1,0.001
c_sem_taxas_absolutas,30,0.14552549330745004,0.1438903240042545,1,0.001
c_sem_taxas_absolutas,31,0.14099284614253707,0.13641301088898672,1,0.001
c_sem_taxas_absolutas,32,0.13268197915410487,0.12953688044058898,1,0.001
c_sem_taxas_absolutas,33,0.12811813998344382,0.12673175639058953,1,0.001
c_sem_taxas_absolutas,34,0.12598633110072363,0.12506659571493203,1,0.001
c_sem_taxas_absolutas,35,0.12471551542351729,0.12402320076193582,1,0.001
c_sem_taxas_absolutas,36,0.12379517414900228,0.12325368694674484,1,0.001
c_sem_taxas_absolutas,37,0.12310926340839304,0.12266204604214583,1,0.001
c_sem_taxas_absolutas,38,0.12256905944105437,0.12215550343156306,1,0.001
c_sem_taxas_absolutas,39,0.1220885389909623,0.12171167594197307,1,0.001
c_sem_taxas_absolutas,40,0.12171356766751616,0.12132143843563967,1,0.001
c_sem_taxas_absolutas,41,0.12129823573234151,0.12097443274347384,1,0.001
c_sem_taxas_absolutas,42,0.12095411822400243,0.12068565844138222,1,0.001
c_sem_taxas_absolutas,43,0.12069367282020343,0.12034733626921053,1,0.001
c_sem_taxas_absolutas,44,0.12032036799247563,0.12007648041531965,1,0.001
c_sem_taxas_absolutas,45,0.12003709438578967,0.11977773243384084,1,0.001
c_sem_taxas_absolutas,46,0.11973992546571181,0.1194683489496532,1,0.001
c_sem_taxas_absolutas,47,0.11944233133077456,0.11918190682164201,1,0.001
c_sem_taxas_absolutas,48,0.1191230126732217,0.11884857394737962,1,0.001
c_sem_taxas_absolutas,49,0.11881124914280514,0.11853472026609758,1,0.001
c_sem_taxas_absolutas,50,0.1184799667871338,0.11820566128926362,1,0.001
c_sem_taxas_absolutas,51,0.1181164135820188,0.11785167917179624,1,0.001
c_sem_taxas_absolutas,52,0.1177339288182484,0.11743572099532783,1,0.001
c_sem_taxas_absolutas,53,0.11736873417840242,0.1170909781162601,1,0.001
c_sem_taxas_absolutas,54,0.11699484412775617,0.11671242201514222,1,0.001
c_sem_taxas_absolutas,55,0.11661352202668405,0.11633646472402022,1,0.001
c_sem_taxas_absolutas,56,0.1162473561096767,0.1159685882032726,1,0.001
c_sem_taxas_absolutas,57,0.1158995233785385,0.11564041838443559,1,0.001
c_sem_taxas_absolutas,58,0.11552048738779555,0.11527565497786713,1,0.001
c_sem_taxas_absolutas,59,0.11510988632848801,0.11483316039771907,1,0.001
c_sem_taxas_absolutas,60,0.11469705015454935,0.11443952144804194,1,0.001
c_sem_taxas_absolutas,61,0.11429389482580035,0.11401664919983774,1,0.001
c_sem_taxas_absolutas,62,0.11387945093618147,0.11361840677190925,1,0.001
c_sem_taxas_absolutas,63,0.11348159111123017,0.11321956297891501,1,0.001
c_sem_taxas_absolutas,64,0.11306242285051324,0.11279481402021438,1,0.001
c_sem_taxas_absolutas,65,0.11266921438166987,0.11244878648191593,1,0.001
c_sem_taxas_absolutas,66,0.1122614168046147,0.11203036480659169,1,0.001
c_sem_taxas_absolutas,67,0.11188419703422554,0.11161346849112026,1,0.001
c_sem_taxas_absolutas,68,0.11149214481885836,0.1112539292822032,1,0.001
c_sem_taxas_absolutas,69,0.11112614380962457,0.11091136294139352,1,0.001
c_sem_taxas_absolutas,70,0.11075956598540956,0.11050567223565502,1,0.001
c_sem_taxas_absolutas,71,0.11038419388555641,0.11012926039920513,1,0.001
c_sem_taxas_absolutas,72,0.11001830612341879,0.1099906314714776,1,0.001
c_sem_taxas_absolutas,73,0.10971340029776026,0.1094386849563055,1,0.001
c_sem_taxas_absolutas,74,0.10932802552785666,0.10912301458560537,1,0.001
c_sem_taxas_absolutas,75,0.10901488010699728,0.10887903427917649,1,0.001
c_sem_taxas_absolutas,76,0.10873727956424722,0.10851190962644318,1,0.001
c_sem_taxas_absolutas,77,0.10844332854581519,0.10831915472389719,1,0.001
c_sem_taxas_absolutas,78,0.10817677163735642,0.10802605585389961,1,0.001
c_sem_taxas_absolutas,79,0.10793024961691242,0.10773135749847934,1,0.001
c_sem_taxas_absolutas,80,0.10767877260587065,0.10757722422278387,1,0.001
c_sem_taxas_absolutas,81,0.1074364667528304,0.10725198353978431,1,0.001
c_sem_taxas_absolutas,82,0.10720305172565572,0.1070323746845961,1,0.001
c_sem_taxas_absolutas,83,0.10698360085125566,0.10683955058834195,1,0.001
c_sem_taxas_absolutas,84,0.10682837676523453,0.10664676587934335,1,0.001
c_sem_taxas_absolutas,85,0.10654728441719664,0.10637017819947928,1,0.001
c_sem_taxas_absolutas,86,0.106302471688223,0.10608781355119423,1,0.001
c_sem_taxas_absolutas,87,0.10602652722964043,0.10584508950697165,1,0.001
c_sem_taxas_absolutas,88,0.1057610549329835,0.10557052495870539,1,0.001
c_sem_taxas_absolutas,89,0.10548143879237507,0.1052615958401112,1,0.001
c_sem_taxas_absolutas,90,0.10526779737029757,0.10490267422264371,1,0.001
c_sem_taxas_absolutas,91,0.10483329618775257,0.10452827408861952,1,0.001
c_sem_taxas_absolutas,92,0.10441236812401379,0.10415675185761793,1,0.001
c_sem_taxas_absolutas,93,0.10403829943489307,0.10371556068656,1,0.001
c_sem_taxas_absolutas,94,0.10367374632122126,0.10340933696277302,1,0.001
c_sem_taxas_absolutas,95,0.10321062778430354,0.10295103664502007,1,0.001
c_sem_taxas_absolutas,96,0.10279645211957973,0.10253912965653195,1,0.001
c_sem_taxas_absolutas,97,0.10243249153260343,0.10225299651997882,1,0.001
c_sem_taxas_absolutas,98,0.10210980969759302,0.10178267401183422,1,0.001
c_sem_taxas_absolutas,99,0.1017033870823091,0.10143382339161311,1,0.001
c_sem_taxas_absolutas,100,0.10139285105867028,0.1011379012012071,1,0.001
c_sem_taxas_absolutas,101,0.10106630862704766,0.10094959630978385,1,0.001
c_sem_taxas_absolutas,102,0.10084271016111188,0.10057212454223441,1,0.001
c_sem_taxas_absolutas,103,0.10050813342892258,0.10026991505482243,1,0.001
c_sem_taxas_absolutas,104,0.10025467307746284,0.10010950764225249,1,0.001
c_sem_taxas_absolutas,105,0.10003510931221027,0.09983524411227403,1,0.001
c_sem_taxas_absolutas,106,0.09981206024182139,0.09954666085884545,1,0.001
c_sem_taxas_absolutas,107,0.09953136994442728,0.09939522245223731,1,0.001
c_sem_taxas_absolutas,108,0.09933907035367302,0.09921180645739484,1,0.001
c_sem_taxas_absolutas,109,0.09914096217312515,0.0990070278298692,1,0.001
c_sem_taxas_absolutas,110,0.09895559664259575,0.09879858606977315,1,0.001
c_sem_taxas_absolutas,111,0.0987429397929175,0.09860272803599114,1,0.001
c_sem_taxas_absolutas,112,0.0986256618421135,0.09867644075435497,0,0.001
c_sem_taxas_absolutas,113,0.09840204672160387,0.09822286754705867,1,0.001
c_sem_taxas_absolutas,114,0.09823741579228912,0.0982268531058555,0,0.001
c_sem_taxas_absolutas,115,0.09822087842835066,0.09799374423343642,1,0.001
c_sem_taxas_absolutas,116,0.09794974820699746,0.09779169886027927,1,0.001
c_sem_taxas_absolutas,117,0.0978366114482809,0.0977053169670387,1,0.001
c_sem_taxas_absolutas,118,0.09770592364607916,0.09751201220038168,1,0.001
c_sem_taxas_absolutas,119,0.0975695516692274,0.09749174081730803,1,0.001
c_sem_taxas_absolutas,120,0.09739100949389089,0.09741596118508897,1,0.001
c_sem_taxas_absolutas,121,0.09729380422878459,0.09714833152633877,1,0.001
c_sem_taxas_absolutas,122,0.0972395405887078,0.09699557725225305,1,0.001
c_sem_taxas_absolutas,123,0.09703904315006402,0.09688327205388488,1,0.001
c_sem_taxas_absolutas,124,0.0969877899352209,0.0968762468065446,0,0.001
c_sem_taxas_absolutas,125,0.09686609634301027,0.09663865967545543,1,0.001
c_sem_taxas_absolutas,126,0.09666824894543179,0.09650638854823432,1,0.001
c_sem_taxas_absolutas,127,0.09663351692932066,0.0963945602896535,1,0.001
c_sem_taxas_absolutas,128,0.09645392925250644,0.09636457760744338,1,0.001
c_sem_taxas_absolutas,129,0.09639552957778338,0.09643180875668203,0,0.001
c_sem_taxas_absolutas,130,0.09631729414047745,0.0961856446928,1,0.001
c_sem_taxas_absolutas,131,0.09625126259824357,0.09609246576243292,1,0.001
c_sem_taxas_absolutas,132,0.09609178052806955,0.09599217325321835,1,0.001
c_sem_taxas_absolutas,133,0.09610927956861766,0.09591079478790249,1,0.001
c_sem_taxas_absolutas,134,0.09593657324464266,0.09575008394863539,1,0.001
c_sem_taxas_absolutas,135,0.09582400456600677,0.09568243300665336,1,0.001
c_sem_taxas_absolutas,136,0.09576109450293696,0.09567034099076809,1,0.001
c_sem_taxas_absolutas,137,0.09567621540209459,0.09546161500228874,1,0.001
c_sem_taxas_absolutas,138,0.09557543358127495,0.09540928962044427,1,0.001
c_sem_taxas_absolutas,139,0.0954666186980955,0.09531992274462434,1,0.001
c_sem_taxas_absolutas,140,0.0954687846278461,0.09520615320467617,1,0.001
c_sem_taxas_absolutas,141,0.09528498178720096,0.09511475095540622,1,0.001
c_sem_taxas_absolutas,142,0.09518806468060251,0.09503234613524968,1,0.001
c_sem_taxas_absolutas,143,0.095122898671787,0.09495399176626883,1,0.001
c_sem_taxas_absolutas,144,0.0950771361790926,0.0949103031294871,1,0.001
c_sem_taxas_absolutas,145,0.0949704681658646,0.0948754237637806,1,0.001
c_sem_taxas_absolutas,146,0.09491206806954391,0.09475309427132896,1,0.001
c_sem_taxas_absolutas,147,0.09499974387070359,0.09498391762772287,0,0.001
c_sem_taxas_absolutas,148,0.094789420221119,0.09461852623687152,1,0.001
c_sem_taxas_absolutas,149,0.09466435502149088,0.0946291268411153,0,0.001
c_sem_taxas_absolutas,150,0.09476862700917203,0.09459552295251945,1,0.001
c_sem_taxas_absolutas,151,0.09463109834963311,0.09437211692078817,1,0.001
c_sem_taxas_absolutas,152,0.09451830607669318,0.09435369081755839,1,0.001
c_sem_taxas_absolutas,153,0.09438874129268188,0.09427636451600042,1,0.001
c_sem_taxas_absolutas,154,0.09431189472250613,0.0943118819474087,0,0.001
c_sem_taxas_absolutas,155,0.09446887416553813,0.09418347569972868,1,0.001
c_sem_taxas_absolutas,156,0.09424770660191895,0.09412305244851125,1,0.001
c_sem_taxas_absolutas,157,0.09417015346267665,0.09400384851140921,1,0.001
c_sem_taxas_absolutas,158,0.09408958558874246,0.0939965189778206,0,0.001
c_sem_taxas_absolutas,159,0.09420589792414188,0.09397473315628047,1,0.001
c_sem_taxas_absolutas,160,0.0940322227266143,0.09385518597280491,1,0.001
c_sem_taxas_absolutas,161,0.09394453385641757,0.09381609893562477,1,0.001
c_sem_taxas_absolutas,162,0.09388466349493416,0.0937163923487214,1,0.001
c_sem_taxas_absolutas,163,0.0937656955646915,0.0936254017161562,1,0.001
c_sem_taxas_absolutas,164,0.0938200399497558,0.09369119033927689,0,0.001
c_sem_taxas_absolutas,165,0.09373480365804955,0.09358413005424494,1,0.001
c_sem_taxas_absolutas,166,0.0937484767330093,0.09371684897976729,0,0.001
c_sem_taxas_absolutas,167,0.09361219921243233,0.09341189684343854,1,0.001
c_sem_taxas_absolutas,168,0.09349012920356328,0.09340308342886436,0,0.001
c_sem_taxas_absolutas,169,0.0935157360252262,0.09353179434597564,0,0.001
c_sem_taxas_absolutas,170,0.09365815328506788,0.09328525107838566,1,0.001
c_sem_taxas_absolutas,171,0.09332495952389126,0.09329782724378637,0,0.001
c_sem_taxas_absolutas,172,0.09330115138421458,0.09314598316846374,1,0.001
c_sem_taxas_absolutas,173,0.09329140986430601,0.09313304077144526,1,0.001
c_sem_taxas_absolutas,174,0.09323457292781821,0.0933289268397895,0,0.001
c_sem_taxas_absolutas,175,0.09338863679815848,0.09304092686716021,1,0.001
c_sem_taxas_absolutas,176,0.0932963021687903,0.09300206393938937,1,0.001
c_sem_taxas_absolutas,177,0.09309790744016716,0.09297407388886406,1,0.001
c_sem_taxas_absolutas,178,0.09299789603481437,0.09286065981514464,1,0.001
c_sem_taxas_absolutas,179,0.09302940870210966,0.09303596963820915,0,0.001
c_sem_taxas_absolutas,180,0.09290694660428811,0.09277443165717256,1,0.001
c_sem_taxas_absolutas,181,0.09288541345035076,0.09299928290994816,0,0.001
c_sem_taxas_absolutas,182,0.09287670553520459,0.0927730900431158,0,0.001
c_sem_taxas_absolutas,183,0.0928512382621137,0.09313565848191462,0,0.001
c_sem_taxas_absolutas,184,0.09285565705093342,0.09257717047383134,1,0.001
c_sem_taxas_absolutas,185,0.09263357359272124,0.0926492724941356,0,0.001
c_sem_taxas_absolutas,186,0.092620148581474,0.09290908223824448,0,0.001
c_sem_taxas_absolutas,187,0.09271859367578832,0.09246762562541704,1,0.001
c_sem_taxas_absolutas,188,0.09257886393358139,0.09255955518831809,0,0.001
c_sem_taxas_absolutas,189,0.09251688629332235,0.09249389502902518,0,0.001
c_sem_taxas_absolutas,190,0.09240154778080174,0.09225576463374133,1,0.001
c_sem_taxas_absolutas,191,0.09244528571408263,0.09229737219228798,0,0.001
c_sem_taxas_absolutas,192,0.09240875154253954,0.09228737485730681,0,0.001
c_sem_taxas_absolutas,193,0.09238547730974317,0.09214153868519942,1,0.001
c_sem_taxas_absolutas,194,0.09233228852840235,0.09208969550658234,1,0.001
c_sem_taxas_absolutas,195,0.09214209370272197,0.09214882944194747,0,0.001
c_sem_taxas_absolutas,196,0.09208568989644068,0.09197267109683897,1,0.001
c_sem_taxas_absolutas,197,0.09206875675343469,0.09221944620086558,0,0.001
c_sem_taxas_absolutas,198,0.09216488050699494,0.09236489766381228,0,0.001
c_sem_taxas_absolutas,199,0.09200042268606234,0.09185358319302149,1,0.001
c_sem_taxas_absolutas,200,0.09188577534059139,0.09181162480349722,1,0.001
