split_order,split,role,configuration,matrix,rows,anomalies_q990,anomaly_rate_q990,anomalies_q995,anomaly_rate_q995,anomalies_q999,anomaly_rate_q999,score_path,score_size_bytes
1,estresse_pre_dencun_2024,historical_stress,a_completa,A,832676,4661,0.005597615399026752,2102,0.002524391239809962,365,0.0004383457671411209,E:\Mestrado\src\03-machine-learning\02-ae\resultados\escores\a_completa\01_estresse_pre_dencun_2024.parquet,6464650
2,transicao_dencun_2024,protocol_transition,a_completa,A,244311,1056,0.00432235961540823,491,0.002009733495421819,60,0.0002455886145118312,E:\Mestrado\src\03-machine-learning\02-ae\resultados\escores\a_completa\02_transicao_dencun_2024.parquet,1903117
3,treino_2024_pos_dencun,train,a_completa,A,3210970,14917,0.004645636676767456,7753,0.002414535171614808,1645,0.0005123062501362517,E:\Mestrado\src\03-machine-learning\02-ae\resultados\escores\a_completa\03_treino_2024_pos_dencun.parquet,24865370
4,validacao_2025_pre_pectra,validation,a_completa,A,1442555,14426,0.010000311946511572,7213,0.005000155973255786,1443,0.0010003084804392206,E:\Mestrado\src\03-machine-learning\02-ae\resultados\escores\a_completa\04_validacao_2025_pre_pectra.parquet,11298197
5,transicao_pectra_2025,protocol_transition,a_completa,A,423759,5992,0.014140112658374218,2452,0.005786307783433508,589,0.0013899409806045417,E:\Mestrado\src\03-machine-learning\02-ae\resultados\escores\a_completa\05_transicao_pectra_2025.parquet,3381429
6,teste_final_2025,test,a_completa,A,2827717,81282,0.028744743551069644,51622,0.018255716537404557,10392,0.0036750495187460415,E:\Mestrado\src\03-machine-learning\02-ae\resultados\escores\a_completa\06_teste_final_2025.parquet,22077294
7,estresse_fusaka_2025,future_stress,a_completa,A,512462,53557,0.10450921239038212,37332,0.07284832826629097,6912,0.013487829341492638,E:\Mestrado\src\03-machine-learning\02-ae\resultados\escores\a_completa\07_estresse_fusaka_2025.parquet,4044455
1,estresse_pre_dencun_2024,historical_stress,b_completa,B,832676,9319,0.011191627956131796,6029,0.0072405113153255285,2515,0.0030203824776984084,E:\Mestrado\src\03-machine-learning\02-ae\resultados\escores\b_completa\01_estresse_pre_dencun_2024.parquet,6388196
2,transicao_dencun_2024,protocol_transition,b_completa,B,244311,1086,0.004445153922664145,370,0.0015144631228229592,20,8.186287150394374e-05,E:\Mestrado\src\03-machine-learning\02-ae\resultados\escores\b_completa\02_transicao_dencun_2024.parquet,1880698
3,treino_2024_pos_dencun,train,b_completa,B,3210970,11718,0.0036493645222471713,6770,0.002108397151016671,700,0.0002180026596324475,E:\Mestrado\src\03-machine-learning\02-ae\resultados\escores\b_completa\03_treino_2024_pos_dencun.parquet,24551204
4,validacao_2025_pre_pectra,validation,b_completa,B,1442555,14426,0.010000311946511572,7213,0.005000155973255786,1443,0.0010003084804392206,E:\Mestrado\src\03-machine-learning\02-ae\resultados\escores\b_completa\04_validacao_2025_pre_pectra.parquet,11152216
5,transicao_pectra_2025,protocol_transition,b_completa,B,423759,4063,0.009587996951097204,1958,0.004620550831958731,825,0.001946861305600589,E:\Mestrado\src\03-machine-learning\02-ae\resultados\escores\b_completa\05_transicao_pectra_2025.parquet,3332847
6,teste_final_2025,test,b_completa,B,2827717,99137,0.03505902464779891,47525,0.01680684453217914,5771,0.0020408690119980183,E:\Mestrado\src\03-machine-learning\02-ae\resultados\escores\b_completa\06_teste_final_2025.parquet,21781575
7,estresse_fusaka_2025,future_stress,b_completa,B,512462,150486,0.2936529928072716,77088,0.15042676335025817,7551,0.01473475106446917,E:\Mestrado\src\03-machine-learning\02-ae\resultados\escores\b_completa\07_estresse_fusaka_2025.parquet,4029369
1,estresse_pre_dencun_2024,historical_stress,c_completa,C,832676,11187,0.013434997526048547,7611,0.009140409955372799,852,0.0010232071057650275,E:\Mestrado\src\03-machine-learning\02-ae\resultados\escores\c_completa\01_estresse_pre_dencun_2024.parquet,6384518
2,transicao_dencun_2024,protocol_transition,c_completa,C,244311,1338,0.005476626103613836,530,0.002169366094854509,7,2.865200502638031e-05,E:\Mestrado\src\03-machine-learning\02-ae\resultados\escores\c_completa\02_transicao_dencun_2024.parquet,1878916
3,treino_2024_pos_dencun,train,c_completa,C,3210970,12657,0.003941799518525554,6314,0.0019663839898846768,500,0.00015571618545174822,E:\Mestrado\src\03-machine-learning\02-ae\resultados\escores\c_completa\03_treino_2024_pos_dencun.parquet,24480276
4,validacao_2025_pre_pectra,validation,c_completa,C,1442555,14426,0.010000311946511572,7213,0.005000155973255786,1443,0.0010003084804392206,E:\Mestrado\src\03-machine-learning\02-ae\resultados\escores\c_completa\04_validacao_2025_pre_pectra.parquet,11137058
5,transicao_pectra_2025,protocol_transition,c_completa,C,423759,3725,0.008790373773772356,2306,0.005441772328139343,1075,0.0025368192769947067,E:\Mestrado\src\03-machine-learning\02-ae\resultados\escores\c_completa\05_transicao_pectra_2025.parquet,3329145
6,teste_final_2025,test,c_completa,C,2827717,53566,0.018943196932366287,26423,0.009344287281930971,4117,0.001455944848794982,E:\Mestrado\src\03-machine-learning\02-ae\resultados\escores\c_completa\06_teste_final_2025.parquet,21723065
7,estresse_fusaka_2025,future_stress,c_completa,C,512462,52651,0.10274127642634966,24130,0.04708641811490413,1588,0.0030987663475535747,E:\Mestrado\src\03-machine-learning\02-ae\resultados\escores\c_completa\07_estresse_fusaka_2025.parquet,3968306
1,estresse_pre_dencun_2024,historical_stress,b_sem_taxas_absolutas,B,832676,12622,0.015158356911932132,8079,0.009702453295159221,2392,0.002872665958908387,E:\Mestrado\src\03-machine-learning\02-ae\resultados\escores\b_sem_taxas_absolutas\01_estresse_pre_dencun_2024.parquet,6416732
2,transicao_dencun_2024,protocol_transition,b_sem_taxas_absolutas,B,244311,970,0.003970349267941271,370,0.0015144631228229592,0,0.0,E:\Mestrado\src\03-machine-learning\02-ae\resultados\escores\b_sem_taxas_absolutas\02_transicao_dencun_2024.parquet,1888082
3,treino_2024_pos_dencun,train,b_sem_taxas_absolutas,B,3210970,10290,0.0032046390965969787,4681,0.0014578149281992668,1058,0.00032949544841589926,E:\Mestrado\src\03-machine-learning\02-ae\resultados\escores\b_sem_taxas_absolutas\03_treino_2024_pos_dencun.parquet,24636414
4,validacao_2025_pre_pectra,validation,b_sem_taxas_absolutas,B,1442555,14426,0.010000311946511572,7213,0.005000155973255786,1443,0.0010003084804392206,E:\Mestrado\src\03-machine-learning\02-ae\resultados\escores\b_sem_taxas_absolutas\04_validacao_2025_pre_pectra.parquet,11175067
5,transicao_pectra_2025,protocol_transition,b_sem_taxas_absolutas,B,423759,2925,0.006902508265311179,1757,0.00414622462295786,1231,0.0029049530511446363,E:\Mestrado\src\03-machine-learning\02-ae\resultados\escores\b_sem_taxas_absolutas\05_transicao_pectra_2025.parquet,3338517
6,teste_final_2025,test,b_sem_taxas_absolutas,B,2827717,26400,0.009336153511825972,8562,0.003027884332130832,1458,0.0005156102962212979,E:\Mestrado\src\03-machine-learning\02-ae\resultados\escores\b_sem_taxas_absolutas\06_teste_final_2025.parquet,21696568
7,estresse_fusaka_2025,future_stress,b_sem_taxas_absolutas,B,512462,4231,0.00825622192474759,1522,0.0029699763104386275,597,0.0011649644266306576,E:\Mestrado\src\03-machine-learning\02-ae\resultados\escores\b_sem_taxas_absolutas\07_estresse_fusaka_2025.parquet,3931356
1,estresse_pre_dencun_2024,historical_stress,c_sem_taxas_absolutas,C,832676,11852,0.014233627485360452,6939,0.00833337336491024,781,0.0009379398469512752,E:\Mestrado\src\03-machine-learning\02-ae\resultados\escores\c_sem_taxas_absolutas\01_estresse_pre_dencun_2024.parquet,6412792
2,transicao_dencun_2024,protocol_transition,c_sem_taxas_absolutas,C,244311,1527,0.006250230239326105,356,0.0014571591127701985,22,9.004915865433811e-05,E:\Mestrado\src\03-machine-learning\02-ae\resultados\escores\c_sem_taxas_absolutas\02_transicao_dencun_2024.parquet,1888145
3,treino_2024_pos_dencun,train,c_sem_taxas_absolutas,C,3210970,17070,0.005316150571322684,6789,0.0021143143660638376,1247,0.00038835616651666007,E:\Mestrado\src\03-machine-learning\02-ae\resultados\escores\c_sem_taxas_absolutas\03_treino_2024_pos_dencun.parquet,24638006
4,validacao_2025_pre_pectra,validation,c_sem_taxas_absolutas,C,1442555,14426,0.010000311946511572,7213,0.005000155973255786,1443,0.0010003084804392206,E:\Mestrado\src\03-machine-learning\02-ae\resultados\escores\c_sem_taxas_absolutas\04_validacao_2025_pre_pectra.parquet,11178892
5,transicao_pectra_2025,protocol_transition,c_sem_taxas_absolutas,C,423759,6579,0.015525333975207606,4342,0.010246390047173039,1264,0.00298282750336866,E:\Mestrado\src\03-machine-learning\02-ae\resultados\escores\c_sem_taxas_absolutas\05_transicao_pectra_2025.parquet,3348932
6,teste_final_2025,test,c_sem_taxas_absolutas,C,2827717,37799,0.013367320704299617,16091,0.005690456293893626,2494,0.0008819835931247717,E:\Mestrado\src\03-machine-learning\02-ae\resultados\escores\c_sem_taxas_absolutas\06_teste_final_2025.parquet,21722527
7,estresse_fusaka_2025,future_stress,c_sem_taxas_absolutas,C,512462,8141,0.01588605594170885,3750,0.007317615745167446,1121,0.0021874792667553886,E:\Mestrado\src\03-machine-learning\02-ae\resultados\escores\c_sem_taxas_absolutas\07_estresse_fusaka_2025.parquet,3941118
