split_order,split,role,configuration,matrix,rows,score_min,score_q250,score_median,score_mean,score_q750,score_q950,score_q990,score_q995,score_q999,score_max,score_std
1,estresse_pre_dencun_2024,historical_stress,a_completa,A,832676,5.144775059306994e-05,0.010508286068215966,0.018982774578034878,0.031145136803388596,0.0359770692884922,0.10370291024446487,0.16377758979797363,0.1989540308713913,0.3489875636994802,2.442453622817993,0.03766515478491783
2,transicao_dencun_2024,protocol_transition,a_completa,A,244311,6.773399945814162e-05,0.009835179895162582,0.01779499463737011,0.027300583198666573,0.031210915185511112,0.08829179406166077,0.1457839488983154,0.18198929578065884,0.3078498479723932,1.93244469165802,0.03273334726691246
3,treino_2024_pos_dencun,train,a_completa,A,3210970,2.0036131900269538e-05,0.00820138887502253,0.015792464837431908,0.026034606620669365,0.028950484935194254,0.09176507629454123,0.15106286868453028,0.18636039212345962,0.38158600446581403,5.074019432067871,0.04085632413625717
4,validacao_2025_pre_pectra,validation,a_completa,A,1442555,4.395459473016672e-05,0.008631031028926373,0.016625545918941498,0.028820032253861427,0.031221414916217327,0.10128775238990784,0.1916519451141355,0.25761392295360486,0.5019700056314464,3.9929895401000977,0.04717465117573738
5,transicao_pectra_2025,protocol_transition,a_completa,A,423759,3.432031371630728e-05,0.008119389414787292,0.016084011644124985,0.028902847319841385,0.030667954124510288,0.10352288857102386,0.2167306083440777,0.2623275372385986,0.5849213339090756,4.238356113433838,0.0518423393368721
6,teste_final_2025,test,a_completa,A,2827717,3.1610095902578905e-05,0.010459023527801037,0.020309049636125565,0.04001133516430855,0.038821227848529816,0.13467321693897194,0.3747309207916256,0.43604715287685386,1.038801978588103,5.7568230628967285,0.08427967131137848
7,estresse_fusaka_2025,future_stress,a_completa,A,512462,0.00014904554700478911,0.022825988475233316,0.045089442282915115,0.0915176123380661,0.10643121600151062,0.33686121255159374,0.5989968633651742,0.8980265852808984,2.161167067289321,6.214219570159912,0.16852246224880219
1,estresse_pre_dencun_2024,historical_stress,b_completa,B,832676,0.008714172057807446,0.09513409808278084,0.13424409180879593,0.15099060535430908,0.18258336558938026,0.2877221554517746,0.5054440945386887,0.7376016601920128,1.0398784846067415,2.2064366340637207,0.09658633917570114
2,transicao_dencun_2024,protocol_transition,b_completa,B,244311,0.011589862406253815,0.09791943430900574,0.13798575103282928,0.1457306146621704,0.17932241410017014,0.2655207961797714,0.38303334712982173,0.4621879190206538,0.619698307514191,2.8090457916259766,0.0718081146478653
3,treino_2024_pos_dencun,train,b_completa,B,3210970,0.0091295400634408,0.0804892722517252,0.11269863694906235,0.12317942827939987,0.15064652636647224,0.2294795051217077,0.3518250846862794,0.43722578138112866,0.709512173712249,2.103963613510132,0.06741613149642944
4,validacao_2025_pre_pectra,validation,b_completa,B,1442555,0.008371206931769848,0.10056125372648239,0.14651525020599365,0.16244055330753326,0.2036205753684044,0.31427287757396705,0.4846564918756484,0.5968264746665952,0.9414936066865878,2.631138801574707,0.09532375633716583
5,transicao_pectra_2025,protocol_transition,b_completa,B,423759,0.01043910812586546,0.09522775560617447,0.13653121888637543,0.15197855234146118,0.1867349073290825,0.2927759170532224,0.47744320154189984,0.5913082224130631,1.1541150693893434,1.5869736671447754,0.09320414066314697
6,teste_final_2025,test,b_completa,B,2827717,0.009377370588481426,0.11821896582841873,0.17518366873264313,0.2035374939441681,0.2551996111869812,0.43664710521697814,0.6812797451019286,0.7985636723041522,1.0426698341369627,2.6218905448913574,0.12884050607681274
7,estresse_fusaka_2025,future_stress,b_completa,B,512462,0.012430062517523766,0.20598628744482994,0.3568090498447418,0.37966811656951904,0.5133191347122192,0.7521173804998397,1.0022065687179567,1.0936679625511174,1.3943461663722958,2.381070375442505,0.21330766379833221
1,estresse_pre_dencun_2024,historical_stress,c_completa,C,832676,0.00869780033826828,0.10168494656682014,0.13012151420116425,0.14826788008213043,0.16792191937565804,0.27256013453006744,0.5583392679691315,0.7903323695063591,1.0633071482181484,2.1378886699676514,0.09485970437526703
2,transicao_dencun_2024,protocol_transition,c_completa,C,244311,0.014058235101401806,0.10410888865590096,0.13226504623889923,0.142425075173378,0.16598699241876602,0.2492518126964569,0.4084690272808073,0.49419751763343844,0.6709561055898673,1.5119924545288086,0.06738759577274323
3,treino_2024_pos_dencun,train,c_completa,C,3210970,0.01038901973515749,0.08877739496529102,0.10942865163087845,0.12127700448036194,0.1364012323319912,0.21700868234038345,0.3515472164750099,0.4484329530596658,0.6968418155312532,3.744797468185425,0.06273752450942993
4,validacao_2025_pre_pectra,validation,c_completa,C,1442555,0.0075841606594622135,0.10023318976163864,0.13090743124485016,0.14860278367996216,0.17366943508386612,0.28185718357563033,0.48353064417839003,0.5881096971035,1.0607364087104796,4.260227680206299,0.09033570438623428
5,transicao_pectra_2025,protocol_transition,c_completa,C,423759,0.01141308806836605,0.09549881890416145,0.12333458662033081,0.14053788781166077,0.159921295940876,0.2654902189970016,0.4575494837760924,0.6217531847953858,1.2817520558834086,3.8627054691314697,0.09604653716087341
6,teste_final_2025,test,c_completa,C,2827717,0.007678240537643433,0.10983594506978989,0.1484399437904358,0.17452295124530792,0.2074728012084961,0.36126382350921626,0.5759512066841104,0.6991008174419387,1.1566264276504468,4.227139949798584,0.11998509615659714
7,estresse_fusaka_2025,future_stress,c_completa,C,512462,0.018333638086915016,0.16472786664962769,0.25959330797195435,0.29162776470184326,0.36894846707582474,0.5791634112596511,0.9310798257589368,1.0447984367609027,2.815718987941721,4.3614606857299805,0.19846375286579132
1,estresse_pre_dencun_2024,historical_stress,b_sem_taxas_absolutas,B,832676,0.0022982798982411623,0.04099306557327509,0.07026375830173492,0.09090091288089752,0.10850334912538528,0.1966686062514782,0.5160823166370392,0.8840749338269234,1.4796497404575335,1.7761633396148682,0.1099613755941391
2,transicao_dencun_2024,protocol_transition,b_sem_taxas_absolutas,B,244311,0.002517824759706855,0.04093610681593418,0.06791368871927261,0.07992636412382126,0.10406772792339325,0.17566651850938797,0.2832573384046544,0.3602035135030752,0.5568194478750232,0.859643816947937,0.058149609714746475
3,treino_2024_pos_dencun,train,b_sem_taxas_absolutas,B,3210970,0.0023009732831269503,0.04128395672887564,0.07010554149746895,0.08144839107990265,0.10670447163283825,0.17794068157672882,0.2719775351881985,0.333688590377569,0.6551780811548233,1.8976813554763794,0.06192411109805107
4,validacao_2025_pre_pectra,validation,b_sem_taxas_absolutas,B,1442555,0.0023602198343724012,0.043213773518800735,0.0725012943148613,0.08837386220693588,0.11058586835861206,0.19613638818264018,0.3834197205305099,0.527171056866645,0.9682605789899803,2.4462807178497314,0.08129779249429703
5,transicao_pectra_2025,protocol_transition,b_sem_taxas_absolutas,B,423759,0.0024221143685281277,0.04320024326443672,0.07205841690301895,0.08906152844429016,0.11010822281241417,0.19451399445533743,0.3327781277894973,0.46789872974157437,1.9005689504146583,1.9471759796142578,0.10278372466564178
6,teste_final_2025,test,b_sem_taxas_absolutas,B,2827717,0.0024019803386181593,0.04505874589085579,0.07304228842258453,0.08820617198944092,0.11008957773447037,0.19682434499263754,0.374103177785872,0.4674547731876365,0.7659880926608867,2.121757984161377,0.07224062085151672
7,estresse_fusaka_2025,future_stress,b_sem_taxas_absolutas,B,512462,0.0034496982116252184,0.04834059998393059,0.07559328526258469,0.09282101690769196,0.11564338766038418,0.2086320132017135,0.3551389196515085,0.4490398639440546,1.0369266474246979,1.8492802381515503,0.08009083569049835
1,estresse_pre_dencun_2024,historical_stress,c_sem_taxas_absolutas,C,832676,0.0027729186695069075,0.04963123518973589,0.07859578356146812,0.09650667011737823,0.12004221975803375,0.23233533650636673,0.38550785928964615,0.4572535566985607,0.5883352324366563,1.003185510635376,0.0730019062757492
2,transicao_dencun_2024,protocol_transition,c_sem_taxas_absolutas,C,244311,0.002429002895951271,0.05189169757068157,0.08164814859628677,0.09607444703578949,0.12359384074807167,0.21784253418445587,0.3198435366153717,0.3558523103594783,0.4326427108049395,0.8802632689476013,0.0631544440984726
3,treino_2024_pos_dencun,train,c_sem_taxas_absolutas,C,3210970,0.0020230133086442947,0.04929973650723696,0.07835187762975693,0.09185440838336945,0.11803609132766724,0.20726313441991792,0.30604605615139013,0.35029038548469504,0.47786418536305353,1.223171591758728,0.06179302930831909
4,validacao_2025_pre_pectra,validation,c_sem_taxas_absolutas,C,1442555,0.002088381676003337,0.052341366186738014,0.08217959105968475,0.09779459983110428,0.12356115505099297,0.22221086323261263,0.34628282666206317,0.41500000119209285,0.5898750600814816,1.077648639678955,0.06889290362596512
5,transicao_pectra_2025,protocol_transition,c_sem_taxas_absolutas,C,423759,0.0016597678186371922,0.05444074049592018,0.08543668687343597,0.10300078243017197,0.12888307124376297,0.23200764805078505,0.41869965374469664,0.5266659033298569,0.7298555301427855,1.252272605895996,0.07726159691810608
6,teste_final_2025,test,c_sem_taxas_absolutas,C,2827717,0.0023980848491191864,0.05731187388300896,0.08930123597383499,0.10602258890867233,0.13493967056274414,0.23826609253883346,0.37077776789665173,0.4261956334114072,0.5735943803787229,1.3961880207061768,0.07206879556179047
7,estresse_fusaka_2025,future_stress,c_sem_taxas_absolutas,C,512462,0.003675756510347128,0.06480898894369602,0.09675514698028564,0.11461631208658218,0.14286040142178535,0.2543871387839316,0.3865005683898926,0.4672716082632545,0.6653668888211225,1.1031606197357178,0.07571155577898026
