split,split_role,policy,attack_scope,configuration,method,model,rows,positives,contextual_negatives,prevalence,roc_auc,pr_auc_average_precision,roc_auc_ci_low,roc_auc_ci_high,pr_auc_ci_low,pr_auc_ci_high
estresse_pre_dencun_2024,historical_stress,strict,all,a_completa,AE,AE:a_completa,413,268,145,0.648910411622276,0.4596757591353577,0.6424284058269317,0.39931549150797735,0.5219242151312403,0.6023591597150743,0.6874051862870251
estresse_pre_dencun_2024,historical_stress,strict,insertion,a_completa,AE,AE:a_completa,371,247,124,0.6657681940700808,0.5122763484393367,0.705190956638549,nan,nan,nan,nan
estresse_pre_dencun_2024,historical_stress,strict,displacement,a_completa,AE,AE:a_completa,42,21,21,0.5,0.09750566893424037,0.33426450186858453,nan,nan,nan,nan
estresse_pre_dencun_2024,historical_stress,sensitivity,all,a_completa,AE,AE:a_completa,1101,612,489,0.555858310626703,0.4879906973014154,0.5897814433718165,0.45309237873745273,0.5251167849552909,0.5593066532619082,0.6224550825537353
estresse_pre_dencun_2024,historical_stress,sensitivity,insertion,a_completa,AE,AE:a_completa,371,247,124,0.6657681940700808,0.5122763484393367,0.705190956638549,nan,nan,nan,nan
estresse_pre_dencun_2024,historical_stress,sensitivity,displacement,a_completa,AE,AE:a_completa,730,365,365,0.5,0.5463013698630137,0.5665777297653366,nan,nan,nan,nan
estresse_pre_dencun_2024,historical_stress,strict,all,a_completa,IF,IF:a_completa,413,268,145,0.648910411622276,0.7948275862068965,0.7954704849453432,0.7394074884199691,0.8487956767884715,0.7472010986255107,0.852891034333108
estresse_pre_dencun_2024,historical_stress,strict,insertion,a_completa,IF,IF:a_completa,371,247,124,0.6657681940700808,0.9192242392581951,0.9594787407093035,nan,nan,nan,nan
estresse_pre_dencun_2024,historical_stress,strict,displacement,a_completa,IF,IF:a_completa,42,21,21,0.5,0.02267573696145127,0.32217146138179165,nan,nan,nan,nan
estresse_pre_dencun_2024,historical_stress,sensitivity,all,a_completa,IF,IF:a_completa,1101,612,489,0.555858310626703,0.6411661119798976,0.6620872956524086,0.6097081044415039,0.6675970200622853,0.6320695788041731,0.6967284594460575
estresse_pre_dencun_2024,historical_stress,sensitivity,insertion,a_completa,IF,IF:a_completa,371,247,124,0.6657681940700808,0.9192242392581951,0.9594787407093035,nan,nan,nan,nan
estresse_pre_dencun_2024,historical_stress,sensitivity,displacement,a_completa,IF,IF:a_completa,730,365,365,0.5,0.4729705385625821,0.47466206454155946,nan,nan,nan,nan
estresse_pre_dencun_2024,historical_stress,strict,all,b_completa,AE,AE:b_completa,413,268,145,0.648910411622276,0.42542460113226965,0.6135504445803495,0.36410254760679367,0.48314590838908905,0.5708222319270201,0.6561937963665102
estresse_pre_dencun_2024,historical_stress,strict,insertion,b_completa,AE,AE:b_completa,371,247,124,0.6657681940700808,0.4605263157894738,0.6547531966437492,nan,nan,nan,nan
estresse_pre_dencun_2024,historical_stress,strict,displacement,b_completa,AE,AE:b_completa,42,21,21,0.5,0.21315192743764172,0.40555524972790924,nan,nan,nan,nan
estresse_pre_dencun_2024,historical_stress,sensitivity,all,b_completa,AE,AE:b_completa,1101,612,489,0.555858310626703,0.4706416990790863,0.549329292785854,0.4374684229520029,0.502550640228825,0.522274748455968,0.5787836323881882
estresse_pre_dencun_2024,historical_stress,sensitivity,insertion,b_completa,AE,AE:b_completa,371,247,124,0.6657681940700808,0.4605263157894738,0.6547531966437492,nan,nan,nan,nan
estresse_pre_dencun_2024,historical_stress,sensitivity,displacement,b_completa,AE,AE:b_completa,730,365,365,0.5,0.4973691124038281,0.5088249217104648,nan,nan,nan,nan
estresse_pre_dencun_2024,historical_stress,strict,all,b_completa,IF,IF:b_completa,413,268,145,0.648910411622276,0.8093154915079774,0.7847221707664767,0.7505970149253732,0.8621332990221307,0.737368829095455,0.8420306177129402
estresse_pre_dencun_2024,historical_stress,strict,insertion,b_completa,IF,IF:b_completa,371,247,124,0.6657681940700808,0.940022201906752,0.9687527123363173,nan,nan,nan,nan
estresse_pre_dencun_2024,historical_stress,strict,displacement,b_completa,IF,IF:b_completa,42,21,21,0.5,0.034013605442176895,0.32384246883445605,nan,nan,nan,nan
estresse_pre_dencun_2024,historical_stress,sensitivity,all,b_completa,IF,IF:b_completa,1101,612,489,0.555858310626703,0.6401536415520537,0.6461997233656092,0.610313832417766,0.6752491078230883,0.6194284147166972,0.6809191788151742
estresse_pre_dencun_2024,historical_stress,sensitivity,insertion,b_completa,IF,IF:b_completa,371,247,124,0.6657681940700808,0.940022201906752,0.9687527123363173,nan,nan,nan,nan
estresse_pre_dencun_2024,historical_stress,sensitivity,displacement,b_completa,IF,IF:b_completa,730,365,365,0.5,0.4736911240382811,0.4727715470251673,nan,nan,nan,nan
estresse_pre_dencun_2024,historical_stress,strict,all,c_completa,AE,AE:c_completa,413,268,145,0.648910411622276,0.44956253216675246,0.6390450457401126,0.3914487905301081,0.5024768399382398,0.60057145705535,0.6816229760916992
estresse_pre_dencun_2024,historical_stress,strict,insertion,c_completa,AE,AE:c_completa,371,247,124,0.6657681940700808,0.4833485699360063,0.6866207093062198,nan,nan,nan,nan
estresse_pre_dencun_2024,historical_stress,strict,displacement,c_completa,AE,AE:c_completa,42,21,21,0.5,0.23356009070294784,0.4071714324781772,nan,nan,nan,nan
estresse_pre_dencun_2024,historical_stress,sensitivity,all,c_completa,AE,AE:c_completa,1101,612,489,0.555858310626703,0.44205862304021815,0.5036788541871475,0.4071013272384619,0.4781081672614513,0.4816270891571437,0.5332208149770573
estresse_pre_dencun_2024,historical_stress,sensitivity,insertion,c_completa,AE,AE:c_completa,371,247,124,0.6657681940700808,0.4833485699360063,0.6866207093062198,nan,nan,nan,nan
estresse_pre_dencun_2024,historical_stress,sensitivity,displacement,c_completa,AE,AE:c_completa,730,365,365,0.5,0.44454869581534995,0.4399786056695208,nan,nan,nan,nan
estresse_pre_dencun_2024,historical_stress,strict,all,c_completa,IF,IF:c_completa,413,268,145,0.648910411622276,0.7868759650025733,0.7910929267241831,0.7298327328872877,0.8363953937210498,0.7401468430788544,0.8457771505316349
estresse_pre_dencun_2024,historical_stress,strict,insertion,c_completa,IF,IF:c_completa,371,247,124,0.6657681940700808,0.900450568107614,0.940155981993055,nan,nan,nan,nan
estresse_pre_dencun_2024,historical_stress,strict,displacement,c_completa,IF,IF:c_completa,42,21,21,0.5,0.07936507936507937,0.33410798694631383,nan,nan,nan,nan
estresse_pre_dencun_2024,historical_stress,sensitivity,all,c_completa,IF,IF:c_completa,1101,612,489,0.555858310626703,0.6158242779047544,0.6298903933046468,0.580755418220458,0.64916015912159,0.6018685920482769,0.6633076983533599
estresse_pre_dencun_2024,historical_stress,sensitivity,insertion,c_completa,IF,IF:c_completa,371,247,124,0.6657681940700808,0.900450568107614,0.940155981993055,nan,nan,nan,nan
estresse_pre_dencun_2024,historical_stress,sensitivity,displacement,c_completa,IF,IF:c_completa,730,365,365,0.5,0.4883054982173015,0.4833286351382189,nan,nan,nan,nan
estresse_pre_dencun_2024,historical_stress,strict,all,b_sem_taxas_absolutas,AE,AE:b_sem_taxas_absolutas,413,268,145,0.648910411622276,0.5488162635100361,0.6425322859582238,0.48911477097272255,0.6156201749871332,0.6071126155550899,0.6894254507543279
estresse_pre_dencun_2024,historical_stress,strict,insertion,b_sem_taxas_absolutas,AE,AE:b_sem_taxas_absolutas,371,247,124,0.6657681940700808,0.6137521222410867,0.7261404774082365,nan,nan,nan,nan
estresse_pre_dencun_2024,historical_stress,strict,displacement,b_sem_taxas_absolutas,AE,AE:b_sem_taxas_absolutas,42,21,21,0.5,0.1655328798185941,0.3513686650882436,nan,nan,nan,nan
estresse_pre_dencun_2024,historical_stress,sensitivity,all,b_sem_taxas_absolutas,AE,AE:b_sem_taxas_absolutas,1101,612,489,0.555858310626703,0.47645922718098827,0.5304843394701254,0.4449117513399361,0.5065189896681236,0.5100477058516578,0.5587974111848899
estresse_pre_dencun_2024,historical_stress,sensitivity,insertion,b_sem_taxas_absolutas,AE,AE:b_sem_taxas_absolutas,371,247,124,0.6657681940700808,0.6137521222410867,0.7261404774082365,nan,nan,nan,nan
estresse_pre_dencun_2024,historical_stress,sensitivity,displacement,b_sem_taxas_absolutas,AE,AE:b_sem_taxas_absolutas,730,365,365,0.5,0.48546443985738413,0.4824007234808272,nan,nan,nan,nan
estresse_pre_dencun_2024,historical_stress,strict,all,b_sem_taxas_absolutas,IF,IF:b_sem_taxas_absolutas,413,268,145,0.648910411622276,0.7516469377251672,0.7379079229980888,0.6819827586206897,0.8100495367987648,0.6909179761303331,0.7909789483562129
estresse_pre_dencun_2024,historical_stress,strict,insertion,b_sem_taxas_absolutas,IF,IF:b_sem_taxas_absolutas,371,247,124,0.6657681940700808,0.8742000783596708,0.9045511501698181,nan,nan,nan,nan
estresse_pre_dencun_2024,historical_stress,strict,displacement,b_sem_taxas_absolutas,IF,IF:b_sem_taxas_absolutas,42,21,21,0.5,0.06802721088435376,0.3301006430722271,nan,nan,nan,nan
estresse_pre_dencun_2024,historical_stress,sensitivity,all,b_sem_taxas_absolutas,IF,IF:b_sem_taxas_absolutas,1101,612,489,0.555858310626703,0.5449864335645642,0.5533249058631512,0.5125255623721882,0.5772603068152959,0.5334590919326616,0.5795069618004651
estresse_pre_dencun_2024,historical_stress,sensitivity,insertion,b_sem_taxas_absolutas,IF,IF:b_sem_taxas_absolutas,371,247,124,0.6657681940700808,0.8742000783596708,0.9045511501698181,nan,nan,nan,nan
estresse_pre_dencun_2024,historical_stress,sensitivity,displacement,b_sem_taxas_absolutas,IF,IF:b_sem_taxas_absolutas,730,365,365,0.5,0.46398198536310753,0.46363721773001015,nan,nan,nan,nan
estresse_pre_dencun_2024,historical_stress,strict,all,c_sem_taxas_absolutas,AE,AE:c_sem_taxas_absolutas,413,268,145,0.648910411622276,0.4901955738548636,0.6024928583729992,0.4324279464745239,0.5561663664436439,0.5753319324225067,0.6492913676200269
estresse_pre_dencun_2024,historical_stress,strict,insertion,c_sem_taxas_absolutas,AE,AE:c_sem_taxas_absolutas,371,247,124,0.6657681940700808,0.5444364633668539,0.6584642545392256,nan,nan,nan,nan
estresse_pre_dencun_2024,historical_stress,strict,displacement,c_sem_taxas_absolutas,AE,AE:c_sem_taxas_absolutas,42,21,21,0.5,0.2063492063492064,0.37848936085397855,nan,nan,nan,nan
estresse_pre_dencun_2024,historical_stress,sensitivity,all,c_sem_taxas_absolutas,AE,AE:c_sem_taxas_absolutas,1101,612,489,0.555858310626703,0.43880401513025113,0.5106205852984715,0.39995455578277667,0.4709652385153107,0.487378051757058,0.5399419861687739
estresse_pre_dencun_2024,historical_stress,sensitivity,insertion,c_sem_taxas_absolutas,AE,AE:c_sem_taxas_absolutas,371,247,124,0.6657681940700808,0.5444364633668539,0.6584642545392256,nan,nan,nan,nan
estresse_pre_dencun_2024,historical_stress,sensitivity,displacement,c_sem_taxas_absolutas,AE,AE:c_sem_taxas_absolutas,730,365,365,0.5,0.47855132294989683,0.48630481489715927,nan,nan,nan,nan
estresse_pre_dencun_2024,historical_stress,strict,all,c_sem_taxas_absolutas,IF,IF:c_sem_taxas_absolutas,413,268,145,0.648910411622276,0.7326556870818323,0.7336290701102937,0.6738799536798764,0.7889462171899125,0.6914983934910237,0.7866772225857137
estresse_pre_dencun_2024,historical_stress,strict,insertion,c_sem_taxas_absolutas,IF,IF:c_sem_taxas_absolutas,371,247,124,0.6657681940700808,0.8486352357320098,0.8800399489243922,nan,nan,nan,nan
estresse_pre_dencun_2024,historical_stress,strict,displacement,c_sem_taxas_absolutas,IF,IF:c_sem_taxas_absolutas,42,21,21,0.5,0.08616780045351474,0.3325736264817102,nan,nan,nan,nan
estresse_pre_dencun_2024,historical_stress,sensitivity,all,c_sem_taxas_absolutas,IF,IF:c_sem_taxas_absolutas,1101,612,489,0.555858310626703,0.5380745686140851,0.5550463190718784,0.5032822587112554,0.5717816054506328,0.5307706428728176,0.5864472893466733
estresse_pre_dencun_2024,historical_stress,sensitivity,insertion,c_sem_taxas_absolutas,IF,IF:c_sem_taxas_absolutas,371,247,124,0.6657681940700808,0.8486352357320098,0.8800399489243922,nan,nan,nan,nan
estresse_pre_dencun_2024,historical_stress,sensitivity,displacement,c_sem_taxas_absolutas,IF,IF:c_sem_taxas_absolutas,730,365,365,0.5,0.4590467254644398,0.46314591032522273,nan,nan,nan,nan
transicao_dencun_2024,protocol_transition,strict,all,a_completa,AE,AE:a_completa,130,86,44,0.6615384615384615,0.6054439746300212,0.7680245570258886,0.4968287526427061,0.7005813953488372,0.6880925986492443,0.8425456137194244
transicao_dencun_2024,protocol_transition,strict,insertion,a_completa,AE,AE:a_completa,128,85,43,0.6640625,0.6136798905608755,0.7819860053306176,nan,nan,nan,nan
transicao_dencun_2024,protocol_transition,strict,displacement,a_completa,AE,AE:a_completa,2,1,1,0.5,0.0,0.5,nan,nan,nan,nan
transicao_dencun_2024,protocol_transition,sensitivity,all,a_completa,AE,AE:a_completa,250,146,104,0.584,0.5038198103266596,0.62199516847408,0.43150355637513177,0.5739363804004214,0.5700223804750258,0.6832179686828413
transicao_dencun_2024,protocol_transition,sensitivity,insertion,a_completa,AE,AE:a_completa,128,85,43,0.6640625,0.6136798905608755,0.7819860053306176,nan,nan,nan,nan
transicao_dencun_2024,protocol_transition,sensitivity,displacement,a_completa,AE,AE:a_completa,122,61,61,0.5,0.5471647406611126,0.573219770374177,nan,nan,nan,nan
transicao_dencun_2024,protocol_transition,strict,all,a_completa,IF,IF:a_completa,130,86,44,0.6615384615384615,0.9230972515856237,0.9491205691626295,0.8596458773784356,0.9718882135306554,0.8971703677962753,0.9852627132672422
transicao_dencun_2024,protocol_transition,strict,insertion,a_completa,IF,IF:a_completa,128,85,43,0.6640625,0.9430916552667579,0.9699601620582745,nan,nan,nan,nan
transicao_dencun_2024,protocol_transition,strict,displacement,a_completa,IF,IF:a_completa,2,1,1,0.5,0.0,0.5,nan,nan,nan,nan
transicao_dencun_2024,protocol_transition,sensitivity,all,a_completa,IF,IF:a_completa,250,146,104,0.584,0.7690002634351949,0.8403773499554463,0.7067826330347734,0.8195740582191781,0.79105630125705,0.8790816102283316
transicao_dencun_2024,protocol_transition,sensitivity,insertion,a_completa,IF,IF:a_completa,128,85,43,0.6640625,0.9430916552667579,0.9699601620582745,nan,nan,nan,nan
transicao_dencun_2024,protocol_transition,sensitivity,displacement,a_completa,IF,IF:a_completa,122,61,61,0.5,0.42475141091104546,0.4577312676768144,nan,nan,nan,nan
transicao_dencun_2024,protocol_transition,strict,all,b_completa,AE,AE:b_completa,130,86,44,0.6615384615384615,0.46168076109936573,0.6571205249031615,0.3596458773784355,0.5598639006342495,0.5952412742050777,0.73243908934645
transicao_dencun_2024,protocol_transition,strict,insertion,b_completa,AE,AE:b_completa,128,85,43,0.6640625,0.46675786593707247,0.6649385450783468,nan,nan,nan,nan
transicao_dencun_2024,protocol_transition,strict,displacement,b_completa,AE,AE:b_completa,2,1,1,0.5,0.0,0.5,nan,nan,nan,nan
transicao_dencun_2024,protocol_transition,sensitivity,all,b_completa,AE,AE:b_completa,250,146,104,0.584,0.46812434141201265,0.5780393968269086,0.3975862750263435,0.5434898577449947,0.5281908883701553,0.6434438251791366
transicao_dencun_2024,protocol_transition,sensitivity,insertion,b_completa,AE,AE:b_completa,128,85,43,0.6640625,0.46675786593707247,0.6649385450783468,nan,nan,nan,nan
transicao_dencun_2024,protocol_transition,sensitivity,displacement,b_completa,AE,AE:b_completa,122,61,61,0.5,0.5017468422467078,0.5115867306774671,nan,nan,nan,nan
transicao_dencun_2024,protocol_transition,strict,all,b_completa,IF,IF:b_completa,130,86,44,0.6615384615384615,0.9138477801268499,0.9282659079432279,0.8527484143763214,0.9685650105708244,0.8632228921796908,0.9873869770539286
transicao_dencun_2024,protocol_transition,strict,insertion,b_completa,IF,IF:b_completa,128,85,43,0.6640625,0.9351573187414501,0.9747524844569865,nan,nan,nan,nan
transicao_dencun_2024,protocol_transition,strict,displacement,b_completa,IF,IF:b_completa,2,1,1,0.5,0.0,0.5,nan,nan,nan,nan
transicao_dencun_2024,protocol_transition,sensitivity,all,b_completa,IF,IF:b_completa,250,146,104,0.584,0.7637644889357217,0.8203266162321605,0.699825474183351,0.8184750395152792,0.7679843923679041,0.8757361969332854
transicao_dencun_2024,protocol_transition,sensitivity,insertion,b_completa,IF,IF:b_completa,128,85,43,0.6640625,0.9351573187414501,0.9747524844569865,nan,nan,nan,nan
transicao_dencun_2024,protocol_transition,sensitivity,displacement,b_completa,IF,IF:b_completa,122,61,61,0.5,0.444504165546896,0.45683673733743263,nan,nan,nan,nan
transicao_dencun_2024,protocol_transition,strict,all,c_completa,AE,AE:c_completa,130,86,44,0.6615384615384615,0.39957716701902746,0.6155293360902286,0.31156183932346726,0.5016120507399576,0.5655110062310348,0.7041615937423799
transicao_dencun_2024,protocol_transition,strict,insertion,c_completa,AE,AE:c_completa,128,85,43,0.6640625,0.4035567715458276,0.6289674364300827,nan,nan,nan,nan
transicao_dencun_2024,protocol_transition,strict,displacement,c_completa,AE,AE:c_completa,2,1,1,0.5,0.0,0.5,nan,nan,nan,nan
transicao_dencun_2024,protocol_transition,sensitivity,all,c_completa,AE,AE:c_completa,250,146,104,0.584,0.3747365648050579,0.49714867877585506,0.30626811116965225,0.4420574288724974,0.46348984723412834,0.5441650186819974
transicao_dencun_2024,protocol_transition,sensitivity,insertion,c_completa,AE,AE:c_completa,128,85,43,0.6640625,0.4035567715458276,0.6289674364300827,nan,nan,nan,nan
transicao_dencun_2024,protocol_transition,sensitivity,displacement,c_completa,AE,AE:c_completa,122,61,61,0.5,0.34023112066648753,0.40537396277374826,nan,nan,nan,nan
transicao_dencun_2024,protocol_transition,strict,all,c_completa,IF,IF:c_completa,130,86,44,0.6615384615384615,0.9056553911205074,0.9374304259719849,0.8452100951374206,0.9631408562367865,0.8917256172474403,0.9810193431004864
transicao_dencun_2024,protocol_transition,strict,insertion,c_completa,IF,IF:c_completa,128,85,43,0.6640625,0.9225718194254446,0.9550081885239541,nan,nan,nan,nan
transicao_dencun_2024,protocol_transition,strict,displacement,c_completa,IF,IF:c_completa,2,1,1,0.5,0.0,0.5,nan,nan,nan,nan
transicao_dencun_2024,protocol_transition,sensitivity,all,c_completa,IF,IF:c_completa,250,146,104,0.584,0.7374868282402529,0.8030216912091437,0.6772128556375132,0.7961439673340358,0.7520323750109265,0.8497217848517642
transicao_dencun_2024,protocol_transition,sensitivity,insertion,c_completa,IF,IF:c_completa,128,85,43,0.6640625,0.9225718194254446,0.9550081885239541,nan,nan,nan,nan
transicao_dencun_2024,protocol_transition,sensitivity,displacement,c_completa,IF,IF:c_completa,122,61,61,0.5,0.4321418973394248,0.45496903705622216,nan,nan,nan,nan
transicao_dencun_2024,protocol_transition,strict,all,b_sem_taxas_absolutas,AE,AE:b_sem_taxas_absolutas,130,86,44,0.6615384615384615,0.6337209302325582,0.7416523869951088,0.5257201374207188,0.7356699260042282,0.6653179360477918,0.8347393900143771
transicao_dencun_2024,protocol_transition,strict,insertion,b_sem_taxas_absolutas,AE,AE:b_sem_taxas_absolutas,128,85,43,0.6640625,0.6462380300957592,0.7664208508647952,nan,nan,nan,nan
transicao_dencun_2024,protocol_transition,strict,displacement,b_sem_taxas_absolutas,AE,AE:b_sem_taxas_absolutas,2,1,1,0.5,0.0,0.5,nan,nan,nan,nan
transicao_dencun_2024,protocol_transition,sensitivity,all,b_sem_taxas_absolutas,AE,AE:b_sem_taxas_absolutas,250,146,104,0.584,0.4994072708113804,0.5783236452724354,0.42326462065331927,0.5738721680716543,0.5304698366999622,0.6440096846584492
transicao_dencun_2024,protocol_transition,sensitivity,insertion,b_sem_taxas_absolutas,AE,AE:b_sem_taxas_absolutas,128,85,43,0.6640625,0.6462380300957592,0.7664208508647952,nan,nan,nan,nan
transicao_dencun_2024,protocol_transition,sensitivity,displacement,b_sem_taxas_absolutas,AE,AE:b_sem_taxas_absolutas,122,61,61,0.5,0.48159097016930935,0.4920228560271994,nan,nan,nan,nan
transicao_dencun_2024,protocol_transition,strict,all,b_sem_taxas_absolutas,IF,IF:b_sem_taxas_absolutas,130,86,44,0.6615384615384615,0.8990486257928119,0.8974644690872354,0.8127576638477801,0.9639600951374208,0.8108853295009922,0.9797840919189252
transicao_dencun_2024,protocol_transition,strict,insertion,b_sem_taxas_absolutas,IF,IF:b_sem_taxas_absolutas,128,85,43,0.6640625,0.919562243502052,0.9411818870358483,nan,nan,nan,nan
transicao_dencun_2024,protocol_transition,strict,displacement,b_sem_taxas_absolutas,IF,IF:b_sem_taxas_absolutas,2,1,1,0.5,0.0,0.5,nan,nan,nan,nan
transicao_dencun_2024,protocol_transition,sensitivity,all,b_sem_taxas_absolutas,IF,IF:b_sem_taxas_absolutas,250,146,104,0.584,0.6193032139093783,0.6419447346061244,0.5544701659641729,0.6955652331401475,0.5899569859227336,0.7125580210534708
transicao_dencun_2024,protocol_transition,sensitivity,insertion,b_sem_taxas_absolutas,IF,IF:b_sem_taxas_absolutas,128,85,43,0.6640625,0.919562243502052,0.9411818870358483,nan,nan,nan,nan
transicao_dencun_2024,protocol_transition,sensitivity,displacement,b_sem_taxas_absolutas,IF,IF:b_sem_taxas_absolutas,122,61,61,0.5,0.4185702768073099,0.433160182228466,nan,nan,nan,nan
transicao_dencun_2024,protocol_transition,strict,all,c_sem_taxas_absolutas,AE,AE:c_sem_taxas_absolutas,130,86,44,0.6615384615384615,0.5708245243128964,0.6732242997839621,0.4447674418604651,0.6617468287526427,0.6092449736648824,0.7575339798637623
transicao_dencun_2024,protocol_transition,strict,insertion,c_sem_taxas_absolutas,AE,AE:c_sem_taxas_absolutas,128,85,43,0.6640625,0.5797537619699042,0.6849805706884855,nan,nan,nan,nan
transicao_dencun_2024,protocol_transition,strict,displacement,c_sem_taxas_absolutas,AE,AE:c_sem_taxas_absolutas,2,1,1,0.5,0.0,0.5,nan,nan,nan,nan
transicao_dencun_2024,protocol_transition,sensitivity,all,c_sem_taxas_absolutas,AE,AE:c_sem_taxas_absolutas,250,146,104,0.584,0.46930979978925186,0.5460385030202449,0.38824914383561643,0.5446308614330875,0.5047773090512321,0.603396778564906
transicao_dencun_2024,protocol_transition,sensitivity,insertion,c_sem_taxas_absolutas,AE,AE:c_sem_taxas_absolutas,128,85,43,0.6640625,0.5797537619699042,0.6849805706884855,nan,nan,nan,nan
transicao_dencun_2024,protocol_transition,sensitivity,displacement,c_sem_taxas_absolutas,AE,AE:c_sem_taxas_absolutas,122,61,61,0.5,0.4684224670787423,0.4762998195809446,nan,nan,nan,nan
transicao_dencun_2024,protocol_transition,strict,all,c_sem_taxas_absolutas,IF,IF:c_sem_taxas_absolutas,130,86,44,0.6615384615384615,0.8784355179704016,0.886288270893677,0.7939680232558141,0.9401493128964059,0.8102559383570765,0.9596681660061481
transicao_dencun_2024,protocol_transition,strict,insertion,c_sem_taxas_absolutas,IF,IF:c_sem_taxas_absolutas,128,85,43,0.6640625,0.8979480164158686,0.9291526921050013,nan,nan,nan,nan
transicao_dencun_2024,protocol_transition,strict,displacement,c_sem_taxas_absolutas,IF,IF:c_sem_taxas_absolutas,2,1,1,0.5,0.0,0.5,nan,nan,nan,nan
transicao_dencun_2024,protocol_transition,sensitivity,all,c_sem_taxas_absolutas,IF,IF:c_sem_taxas_absolutas,250,146,104,0.584,0.5961209167544784,0.601229981811393,0.5200614133298208,0.6808647260273972,0.5550235048512685,0.670987642176196
transicao_dencun_2024,protocol_transition,sensitivity,insertion,c_sem_taxas_absolutas,IF,IF:c_sem_taxas_absolutas,128,85,43,0.6640625,0.8979480164158686,0.9291526921050013,nan,nan,nan,nan
transicao_dencun_2024,protocol_transition,sensitivity,displacement,c_sem_taxas_absolutas,IF,IF:c_sem_taxas_absolutas,122,61,61,0.5,0.41265788766460626,0.4252449538954304,nan,nan,nan,nan
treino_2024_pos_dencun,train,strict,all,a_completa,AE,AE:a_completa,1824,1202,622,0.6589912280701754,0.5818678408440381,0.6822293741355756,0.5519216365007945,0.6094147749463649,0.6608686612834653,0.7009107489641794
treino_2024_pos_dencun,train,strict,insertion,a_completa,AE,AE:a_completa,1742,1161,581,0.6664753157290471,0.6189023350693286,0.7239534971654242,nan,nan,nan,nan
treino_2024_pos_dencun,train,strict,displacement,a_completa,AE,AE:a_completa,82,41,41,0.5,0.14753123140987506,0.33857265539565645,nan,nan,nan,nan
treino_2024_pos_dencun,train,sensitivity,all,a_completa,AE,AE:a_completa,4068,2324,1744,0.5712881022615536,0.49653446683194113,0.5746737702188836,0.4781673507595256,0.515206951248638,0.5606063611254942,0.5902513694090381
treino_2024_pos_dencun,train,sensitivity,insertion,a_completa,AE,AE:a_completa,1742,1161,581,0.6664753157290471,0.6189023350693286,0.7239534971654242,nan,nan,nan,nan
treino_2024_pos_dencun,train,sensitivity,displacement,a_completa,AE,AE:a_completa,2326,1163,1163,0.5,0.5495845313621708,0.5398477241959962,nan,nan,nan,nan
treino_2024_pos_dencun,train,strict,all,a_completa,IF,IF:a_completa,1824,1202,622,0.6589912280701754,0.8403290871056278,0.8837794276186883,0.8199268635874828,0.8587015344201251,0.8645145789310319,0.900856815761675
treino_2024_pos_dencun,train,strict,insertion,a_completa,IF,IF:a_completa,1742,1161,581,0.6664753157290471,0.8966897490293401,0.9461120702693222,nan,nan,nan,nan
treino_2024_pos_dencun,train,strict,displacement,a_completa,IF,IF:a_completa,82,41,41,0.5,0.0023795359904818557,0.3129743313605665,nan,nan,nan,nan
treino_2024_pos_dencun,train,sensitivity,all,a_completa,IF,IF:a_completa,4068,2324,1744,0.5712881022615536,0.6795328019153941,0.7419283112491435,0.6643896297016374,0.696102052377268,0.726057857014048,0.7571351006136976
treino_2024_pos_dencun,train,sensitivity,insertion,a_completa,IF,IF:a_completa,1742,1161,581,0.6664753157290471,0.8966897490293401,0.9461120702693222,nan,nan,nan,nan
treino_2024_pos_dencun,train,sensitivity,displacement,a_completa,IF,IF:a_completa,2326,1163,1163,0.5,0.4474326263576941,0.4654541018359668,nan,nan,nan,nan
treino_2024_pos_dencun,train,strict,all,b_completa,AE,AE:b_completa,1824,1202,622,0.6589912280701754,0.5125514282198479,0.6677666932290179,0.48396051462995754,0.5403990401849008,0.6456305088653806,0.6923550282799118
treino_2024_pos_dencun,train,strict,insertion,b_completa,AE,AE:b_completa,1742,1161,581,0.6664753157290471,0.5310411079534083,0.6867611182213444,nan,nan,nan,nan
treino_2024_pos_dencun,train,strict,displacement,b_completa,AE,AE:b_completa,82,41,41,0.5,0.18203450327186202,0.3464327341430683,nan,nan,nan,nan
treino_2024_pos_dencun,train,sensitivity,all,b_completa,AE,AE:b_completa,4068,2324,1744,0.5712881022615536,0.49886653428918815,0.5774988901372787,0.4790593998701227,0.5174469091964187,0.5636054096006196,0.5939521637315717
treino_2024_pos_dencun,train,sensitivity,insertion,b_completa,AE,AE:b_completa,1742,1161,581,0.6664753157290471,0.5310411079534083,0.6867611182213444,nan,nan,nan,nan
treino_2024_pos_dencun,train,sensitivity,displacement,b_completa,AE,AE:b_completa,2326,1163,1163,0.5,0.5081330416414985,0.5101709416992445,nan,nan,nan,nan
treino_2024_pos_dencun,train,strict,all,b_completa,IF,IF:b_completa,1824,1202,622,0.6589912280701754,0.8628678889952972,0.880856875770162,0.8431250367822118,0.880109918624372,0.8595163409589153,0.9027515527413585
treino_2024_pos_dencun,train,strict,insertion,b_completa,IF,IF:b_completa,1742,1161,581,0.6664753157290471,0.9244123040704717,0.9612263375367515,nan,nan,nan,nan
treino_2024_pos_dencun,train,strict,displacement,b_completa,IF,IF:b_completa,82,41,41,0.5,0.0,0.3129132029297333,nan,nan,nan,nan
treino_2024_pos_dencun,train,sensitivity,all,b_completa,IF,IF:b_completa,4068,2324,1744,0.5712881022615536,0.6902739562443745,0.7418256655803357,0.6743712583788627,0.7080576730249964,0.7262505524197757,0.7603882278304532
treino_2024_pos_dencun,train,sensitivity,insertion,b_completa,IF,IF:b_completa,1742,1161,581,0.6664753157290471,0.9244123040704717,0.9612263375367515,nan,nan,nan,nan
treino_2024_pos_dencun,train,sensitivity,displacement,b_completa,IF,IF:b_completa,2326,1163,1163,0.5,0.44701083641573924,0.4577911798111648,nan,nan,nan,nan
treino_2024_pos_dencun,train,strict,all,c_completa,AE,AE:c_completa,1824,1202,622,0.6589912280701754,0.5141243693522586,0.6657098180666063,0.4843626445206542,0.5438492785336336,0.6452323455965954,0.6889262333800721
treino_2024_pos_dencun,train,strict,insertion,c_completa,AE,AE:c_completa,1742,1161,581,0.6664753157290471,0.5366019263469529,0.6977908164476594,nan,nan,nan,nan
treino_2024_pos_dencun,train,strict,displacement,c_completa,AE,AE:c_completa,82,41,41,0.5,0.1915526472337894,0.3488349772172975,nan,nan,nan,nan
treino_2024_pos_dencun,train,sensitivity,all,c_completa,AE,AE:c_completa,4068,2324,1744,0.5712881022615536,0.4159440432108513,0.4940764539843424,0.3994425749360483,0.4337996316853258,0.48334229583345256,0.50521794013872
treino_2024_pos_dencun,train,sensitivity,insertion,c_completa,AE,AE:c_completa,1742,1161,581,0.6664753157290471,0.5366019263469529,0.6977908164476594,nan,nan,nan,nan
treino_2024_pos_dencun,train,sensitivity,displacement,c_completa,AE,AE:c_completa,2326,1163,1163,0.5,0.3769438010186541,0.40210890380554165,nan,nan,nan,nan
treino_2024_pos_dencun,train,strict,all,c_completa,IF,IF:c_completa,1824,1202,622,0.6589912280701754,0.8516967968712382,0.8931928433146796,0.8322938122956914,0.8697168037194172,0.8742067742274813,0.9105959361179385
treino_2024_pos_dencun,train,strict,insertion,c_completa,IF,IF:c_completa,1742,1161,581,0.6664753157290471,0.9036189053000485,0.9456341412161529,nan,nan,nan,nan
treino_2024_pos_dencun,train,strict,displacement,c_completa,IF,IF:c_completa,82,41,41,0.5,0.007733491969066034,0.31327509917932095,nan,nan,nan,nan
treino_2024_pos_dencun,train,sensitivity,all,c_completa,IF,IF:c_completa,4068,2324,1744,0.5712881022615536,0.6804471736881997,0.7392935784946304,0.663293595622661,0.6948022183754677,0.724047711521605,0.7537467321088627
treino_2024_pos_dencun,train,sensitivity,insertion,c_completa,IF,IF:c_completa,1742,1161,581,0.6664753157290471,0.9036189053000485,0.9456341412161529,nan,nan,nan,nan
treino_2024_pos_dencun,train,sensitivity,displacement,c_completa,IF,IF:c_completa,2326,1163,1163,0.5,0.461356869778917,0.47900558999009557,nan,nan,nan,nan
treino_2024_pos_dencun,train,strict,all,b_sem_taxas_absolutas,AE,AE:b_sem_taxas_absolutas,1824,1202,622,0.6589912280701754,0.6007511596428247,0.696051844093964,0.5743727964111262,0.6297332018982297,0.6770723012797191,0.7214382409601678
treino_2024_pos_dencun,train,strict,insertion,b_sem_taxas_absolutas,AE,AE:b_sem_taxas_absolutas,1742,1161,581,0.6664753157290471,0.6374957193113538,0.7385697421597246,nan,nan,nan,nan
treino_2024_pos_dencun,train,strict,displacement,b_sem_taxas_absolutas,AE,AE:b_sem_taxas_absolutas,82,41,41,0.5,0.08149910767400359,0.32331599254321536,nan,nan,nan,nan
treino_2024_pos_dencun,train,sensitivity,all,b_sem_taxas_absolutas,AE,AE:b_sem_taxas_absolutas,4068,2324,1744,0.5712881022615536,0.5057415935037661,0.5677257884630046,0.48781171540684365,0.5248296964068594,0.5546533191391094,0.584980382483005
treino_2024_pos_dencun,train,sensitivity,insertion,b_sem_taxas_absolutas,AE,AE:b_sem_taxas_absolutas,1742,1161,581,0.6664753157290471,0.6374957193113538,0.7385697421597246,nan,nan,nan,nan
treino_2024_pos_dencun,train,sensitivity,displacement,b_sem_taxas_absolutas,AE,AE:b_sem_taxas_absolutas,2326,1163,1163,0.5,0.47264723648109636,0.4751382077557726,nan,nan,nan,nan
treino_2024_pos_dencun,train,strict,all,b_sem_taxas_absolutas,IF,IF:b_sem_taxas_absolutas,1824,1202,622,0.6589912280701754,0.8095109437111782,0.7991183363912439,0.7849611579842813,0.8359062267603298,0.7777158717209877,0.8286841652973663
treino_2024_pos_dencun,train,strict,insertion,b_sem_taxas_absolutas,IF,IF:b_sem_taxas_absolutas,1742,1161,581,0.6664753157290471,0.8728023945171605,0.8899573086793662,nan,nan,nan,nan
treino_2024_pos_dencun,train,strict,displacement,b_sem_taxas_absolutas,IF,IF:b_sem_taxas_absolutas,82,41,41,0.5,0.0,0.3129132029297333,nan,nan,nan,nan
treino_2024_pos_dencun,train,sensitivity,all,b_sem_taxas_absolutas,IF,IF:b_sem_taxas_absolutas,4068,2324,1744,0.5712881022615536,0.5982124352587282,0.6042433382126468,0.579639375819135,0.615904505143773,0.5898580087419711,0.6204713454887372
treino_2024_pos_dencun,train,sensitivity,insertion,b_sem_taxas_absolutas,IF,IF:b_sem_taxas_absolutas,1742,1161,581,0.6664753157290471,0.8728023945171605,0.8899573086793662,nan,nan,nan,nan
treino_2024_pos_dencun,train,sensitivity,displacement,b_sem_taxas_absolutas,IF,IF:b_sem_taxas_absolutas,2326,1163,1163,0.5,0.43970141264512197,0.4381338644588538,nan,nan,nan,nan
treino_2024_pos_dencun,train,strict,all,c_sem_taxas_absolutas,AE,AE:c_sem_taxas_absolutas,1824,1202,622,0.6589912280701754,0.5098121565878948,0.6434323700845883,0.48016067807673174,0.5390747802430033,0.6255428794045172,0.6652233161663411
treino_2024_pos_dencun,train,strict,insertion,c_sem_taxas_absolutas,AE,AE:c_sem_taxas_absolutas,1742,1161,581,0.6664753157290471,0.53520690365745,0.6704171889468249,nan,nan,nan,nan
treino_2024_pos_dencun,train,strict,displacement,c_sem_taxas_absolutas,AE,AE:c_sem_taxas_absolutas,82,41,41,0.5,0.1522903033908388,0.33868195891187036,nan,nan,nan,nan
treino_2024_pos_dencun,train,sensitivity,all,c_sem_taxas_absolutas,AE,AE:c_sem_taxas_absolutas,4068,2324,1744,0.5712881022615536,0.44994172298630963,0.5382462828712197,0.43395099894992817,0.468225303326675,0.5256007594965328,0.5521273074672195
treino_2024_pos_dencun,train,sensitivity,insertion,c_sem_taxas_absolutas,AE,AE:c_sem_taxas_absolutas,1742,1161,581,0.6664753157290471,0.53520690365745,0.6704171889468249,nan,nan,nan,nan
treino_2024_pos_dencun,train,sensitivity,displacement,c_sem_taxas_absolutas,AE,AE:c_sem_taxas_absolutas,2326,1163,1163,0.5,0.4772643761612162,0.4839685741147617,nan,nan,nan,nan
treino_2024_pos_dencun,train,strict,all,c_sem_taxas_absolutas,IF,IF:c_sem_taxas_absolutas,1824,1202,622,0.6589912280701754,0.7831775550930656,0.7874742308265283,0.7592431023321261,0.8111327383086068,0.7662564667749794,0.8152164161106062
treino_2024_pos_dencun,train,strict,insertion,c_sem_taxas_absolutas,IF,IF:c_sem_taxas_absolutas,1742,1161,581,0.6664753157290471,0.8424884476999916,0.8698574939538299,nan,nan,nan,nan
treino_2024_pos_dencun,train,strict,displacement,c_sem_taxas_absolutas,IF,IF:c_sem_taxas_absolutas,82,41,41,0.5,0.0029744199881023203,0.31299167861796506,nan,nan,nan,nan
treino_2024_pos_dencun,train,sensitivity,all,c_sem_taxas_absolutas,IF,IF:c_sem_taxas_absolutas,4068,2324,1744,0.5712881022615536,0.5873600068688911,0.6050506914743792,0.5700191441963792,0.6061603762691657,0.5900167595143835,0.6212237284128668
treino_2024_pos_dencun,train,sensitivity,insertion,c_sem_taxas_absolutas,IF,IF:c_sem_taxas_absolutas,1742,1161,581,0.6664753157290471,0.8424884476999916,0.8698574939538299,nan,nan,nan,nan
treino_2024_pos_dencun,train,sensitivity,displacement,c_sem_taxas_absolutas,IF,IF:c_sem_taxas_absolutas,2326,1163,1163,0.5,0.4402847470258449,0.44094925125758966,nan,nan,nan,nan
validacao_2025_pre_pectra,validation,strict,all,a_completa,AE,AE:a_completa,1034,685,349,0.6624758220502901,0.5113964821282915,0.6299641079039334,0.47046023048124985,0.5523713216070943,0.6070239204962625,0.6578556704654006
validacao_2025_pre_pectra,validation,strict,insertion,a_completa,AE,AE:a_completa,1010,673,337,0.6663366336633664,0.5281810926759583,0.646074476066014,nan,nan,nan,nan
validacao_2025_pre_pectra,validation,strict,displacement,a_completa,AE,AE:a_completa,24,12,12,0.5,0.17361111111111113,0.37649700595167684,nan,nan,nan,nan
validacao_2025_pre_pectra,validation,sensitivity,all,a_completa,AE,AE:a_completa,1280,808,472,0.63125,0.4767683336130223,0.5876260015976701,0.4425267321488504,0.5115327786751133,0.5692536172933285,0.6126139711806088
validacao_2025_pre_pectra,validation,sensitivity,insertion,a_completa,AE,AE:a_completa,1010,673,337,0.6663366336633664,0.5281810926759583,0.646074476066014,nan,nan,nan,nan
validacao_2025_pre_pectra,validation,sensitivity,displacement,a_completa,AE,AE:a_completa,270,135,135,0.5,0.48921810699588475,0.48358749665064016,nan,nan,nan,nan
validacao_2025_pre_pectra,validation,strict,all,a_completa,IF,IF:a_completa,1034,685,349,0.6624758220502901,0.7064982326982201,0.8336160867248879,0.6730523079497207,0.7379793152489909,0.8086958223169217,0.8584852119148672
validacao_2025_pre_pectra,validation,strict,insertion,a_completa,IF,IF:a_completa,1010,673,337,0.6663366336633664,0.7255611747743617,0.860356183256155,nan,nan,nan,nan
validacao_2025_pre_pectra,validation,strict,displacement,a_completa,IF,IF:a_completa,24,12,12,0.5,0.06944444444444443,0.33949303769770856,nan,nan,nan,nan
validacao_2025_pre_pectra,validation,sensitivity,all,a_completa,IF,IF:a_completa,1280,808,472,0.63125,0.6704892284779325,0.7919394472548216,0.6410633141571572,0.6983461531402082,0.7684390480716682,0.8169283606334572
validacao_2025_pre_pectra,validation,sensitivity,insertion,a_completa,IF,IF:a_completa,1010,673,337,0.6663366336633664,0.7255611747743617,0.860356183256155,nan,nan,nan,nan
validacao_2025_pre_pectra,validation,sensitivity,displacement,a_completa,IF,IF:a_completa,270,135,135,0.5,0.4424965706447188,0.44911847591828996,nan,nan,nan,nan
validacao_2025_pre_pectra,validation,strict,all,b_completa,AE,AE:b_completa,1034,685,349,0.6624758220502901,0.495149854642043,0.6674433045869124,0.45756582937694773,0.531415828331207,0.638117462158301,0.6978132296937222
validacao_2025_pre_pectra,validation,strict,insertion,b_completa,AE,AE:b_completa,1010,673,337,0.6663366336633664,0.49991402154311493,0.6730786683888893,nan,nan,nan,nan
validacao_2025_pre_pectra,validation,strict,displacement,b_completa,AE,AE:b_completa,24,12,12,0.5,0.2569444444444445,0.38892048073970276,nan,nan,nan,nan
validacao_2025_pre_pectra,validation,sensitivity,all,b_completa,AE,AE:b_completa,1280,808,472,0.63125,0.49271322789058564,0.6306055288788943,0.4639437195838228,0.5231890575180399,0.6079351941845177,0.65697068581008
validacao_2025_pre_pectra,validation,sensitivity,insertion,b_completa,AE,AE:b_completa,1010,673,337,0.6663366336633664,0.49991402154311493,0.6730786683888893,nan,nan,nan,nan
validacao_2025_pre_pectra,validation,sensitivity,displacement,b_completa,AE,AE:b_completa,270,135,135,0.5,0.4936625514403292,0.49378357896482533,nan,nan,nan,nan
validacao_2025_pre_pectra,validation,strict,all,b_completa,IF,IF:b_completa,1034,685,349,0.6624758220502901,0.7886767197205782,0.8755709346661174,0.7585657666325059,0.818809215067032,0.8511061281479959,0.8986005342130384
validacao_2025_pre_pectra,validation,strict,insertion,b_completa,IF,IF:b_completa,1010,673,337,0.6663366336633664,0.8132547916455395,0.9053352768406431,nan,nan,nan,nan
validacao_2025_pre_pectra,validation,strict,displacement,b_completa,IF,IF:b_completa,24,12,12,0.5,0.02777777777777778,0.33010150330617416,nan,nan,nan,nan
validacao_2025_pre_pectra,validation,sensitivity,all,b_completa,IF,IF:b_completa,1280,808,472,0.63125,0.7402406024500755,0.8335962536808998,0.7159075951292163,0.7658619053112938,0.8116212238715639,0.8559545587682584
validacao_2025_pre_pectra,validation,sensitivity,insertion,b_completa,IF,IF:b_completa,1010,673,337,0.6663366336633664,0.8132547916455395,0.9053352768406431,nan,nan,nan,nan
validacao_2025_pre_pectra,validation,sensitivity,displacement,b_completa,IF,IF:b_completa,270,135,135,0.5,0.4224417009602195,0.4302769459538597,nan,nan,nan,nan
validacao_2025_pre_pectra,validation,strict,all,c_completa,AE,AE:c_completa,1034,685,349,0.6624758220502901,0.4922259636500533,0.6532315067461469,0.4540677221676114,0.5297876100642084,0.6300980643796091,0.6810311197747522
validacao_2025_pre_pectra,validation,strict,insertion,c_completa,AE,AE:c_completa,1010,673,337,0.6663366336633664,0.5029739727778979,0.6646457493724027,nan,nan,nan,nan
validacao_2025_pre_pectra,validation,strict,displacement,c_completa,AE,AE:c_completa,24,12,12,0.5,0.1736111111111111,0.38296852899634226,nan,nan,nan,nan
validacao_2025_pre_pectra,validation,sensitivity,all,c_completa,AE,AE:c_completa,1280,808,472,0.63125,0.4650712158080215,0.5958409659444059,0.4336331468157409,0.501267843283269,0.5760188563900532,0.6214254215043623
validacao_2025_pre_pectra,validation,sensitivity,insertion,c_completa,AE,AE:c_completa,1010,673,337,0.6663366336633664,0.5029739727778979,0.6646457493724027,nan,nan,nan,nan
validacao_2025_pre_pectra,validation,sensitivity,displacement,c_completa,AE,AE:c_completa,270,135,135,0.5,0.43390946502057615,0.4502154900770948,nan,nan,nan,nan
validacao_2025_pre_pectra,validation,strict,all,c_completa,IF,IF:c_completa,1034,685,349,0.6624758220502901,0.7949637127977747,0.8798696812261573,0.7698092568966599,0.8216082446196641,0.8585226022699242,0.902164937656986
validacao_2025_pre_pectra,validation,strict,insertion,c_completa,IF,IF:c_completa,1010,673,337,0.6663366336633664,0.8163103337286872,0.9049781691833899,nan,nan,nan,nan
validacao_2025_pre_pectra,validation,strict,displacement,c_completa,IF,IF:c_completa,24,12,12,0.5,0.08333333333333333,0.34134488954956044,nan,nan,nan,nan
validacao_2025_pre_pectra,validation,sensitivity,all,c_completa,IF,IF:c_completa,1280,808,472,0.63125,0.7434592108575264,0.8346493905261994,0.7169169336822453,0.7724004329061085,0.8131645389131463,0.8583084741026349
validacao_2025_pre_pectra,validation,sensitivity,insertion,c_completa,IF,IF:c_completa,1010,673,337,0.6663366336633664,0.8163103337286872,0.9049781691833899,nan,nan,nan,nan
validacao_2025_pre_pectra,validation,sensitivity,displacement,c_completa,IF,IF:c_completa,270,135,135,0.5,0.4443621399176955,0.447853830541594,nan,nan,nan,nan
validacao_2025_pre_pectra,validation,strict,all,b_sem_taxas_absolutas,AE,AE:b_sem_taxas_absolutas,1034,685,349,0.6624758220502901,0.6399347457804363,0.744100151623541,0.6047388785476753,0.6737336080145568,0.7164119143699523,0.7733327021333922
validacao_2025_pre_pectra,validation,strict,insertion,b_sem_taxas_absolutas,AE,AE:b_sem_taxas_absolutas,1010,673,337,0.6663366336633664,0.6580791089986376,0.7620902315374221,nan,nan,nan,nan
validacao_2025_pre_pectra,validation,strict,displacement,b_sem_taxas_absolutas,AE,AE:b_sem_taxas_absolutas,24,12,12,0.5,0.0763888888888889,0.33909347130549516,nan,nan,nan,nan
validacao_2025_pre_pectra,validation,sensitivity,all,b_sem_taxas_absolutas,AE,AE:b_sem_taxas_absolutas,1280,808,472,0.63125,0.5963825725792918,0.6911089066198435,0.5634904923225373,0.6303331226925658,0.6644981555564402,0.7230485079144391
validacao_2025_pre_pectra,validation,sensitivity,insertion,b_sem_taxas_absolutas,AE,AE:b_sem_taxas_absolutas,1010,673,337,0.6663366336633664,0.6580791089986376,0.7620902315374221,nan,nan,nan,nan
validacao_2025_pre_pectra,validation,sensitivity,displacement,b_sem_taxas_absolutas,AE,AE:b_sem_taxas_absolutas,270,135,135,0.5,0.44762688614540463,0.4629244064625098,nan,nan,nan,nan
validacao_2025_pre_pectra,validation,strict,all,b_sem_taxas_absolutas,IF,IF:b_sem_taxas_absolutas,1034,685,349,0.6624758220502901,0.794767113546525,0.8171783338892988,0.7636509944994039,0.8276645472988517,0.7898330392851481,0.8514117659625938
validacao_2025_pre_pectra,validation,strict,insertion,b_sem_taxas_absolutas,IF,IF:b_sem_taxas_absolutas,1010,673,337,0.6663366336633664,0.8278975842258192,0.8625020654709274,nan,nan,nan,nan
validacao_2025_pre_pectra,validation,strict,displacement,b_sem_taxas_absolutas,IF,IF:b_sem_taxas_absolutas,24,12,12,0.5,0.0,0.32725250045717136,nan,nan,nan,nan
validacao_2025_pre_pectra,validation,sensitivity,all,b_sem_taxas_absolutas,IF,IF:b_sem_taxas_absolutas,1280,808,472,0.63125,0.7160426980198019,0.7456634058544473,0.6833212826711696,0.7495562122419869,0.7154456589505738,0.7770926655970832
validacao_2025_pre_pectra,validation,sensitivity,insertion,b_sem_taxas_absolutas,IF,IF:b_sem_taxas_absolutas,1010,673,337,0.6663366336633664,0.8278975842258192,0.8625020654709274,nan,nan,nan,nan
validacao_2025_pre_pectra,validation,sensitivity,displacement,b_sem_taxas_absolutas,IF,IF:b_sem_taxas_absolutas,270,135,135,0.5,0.4128943758573388,0.42668516694083997,nan,nan,nan,nan
validacao_2025_pre_pectra,validation,strict,all,c_sem_taxas_absolutas,AE,AE:c_sem_taxas_absolutas,1034,685,349,0.6624758220502901,0.551586388639073,0.675988687365435,0.5127021939639846,0.5890836174262231,0.648486482819907,0.7050753477433798
validacao_2025_pre_pectra,validation,strict,insertion,c_sem_taxas_absolutas,AE,AE:c_sem_taxas_absolutas,1010,673,337,0.6663366336633664,0.5649490081613397,0.6907319469067974,nan,nan,nan,nan
validacao_2025_pre_pectra,validation,strict,displacement,c_sem_taxas_absolutas,AE,AE:c_sem_taxas_absolutas,24,12,12,0.5,0.14583333333333331,0.3550234477617874,nan,nan,nan,nan
validacao_2025_pre_pectra,validation,sensitivity,all,c_sem_taxas_absolutas,AE,AE:c_sem_taxas_absolutas,1280,808,472,0.63125,0.5186535072998826,0.6343347872099735,0.48536523011411314,0.5502352665086424,0.6103392007501565,0.6606201444060624
validacao_2025_pre_pectra,validation,sensitivity,insertion,c_sem_taxas_absolutas,AE,AE:c_sem_taxas_absolutas,1010,673,337,0.6663366336633664,0.5649490081613397,0.6907319469067974,nan,nan,nan,nan
validacao_2025_pre_pectra,validation,sensitivity,displacement,c_sem_taxas_absolutas,AE,AE:c_sem_taxas_absolutas,270,135,135,0.5,0.4559670781893004,0.46371671685855376,nan,nan,nan,nan
validacao_2025_pre_pectra,validation,strict,all,c_sem_taxas_absolutas,IF,IF:c_sem_taxas_absolutas,1034,685,349,0.6624758220502901,0.7646121347750612,0.8136742463743191,0.7359505782946061,0.7936722230355762,0.7883743528836334,0.8445635539388604
validacao_2025_pre_pectra,validation,strict,insertion,c_sem_taxas_absolutas,IF,IF:c_sem_taxas_absolutas,1010,673,337,0.6663366336633664,0.7942645755530178,0.8500499874454088,nan,nan,nan,nan
validacao_2025_pre_pectra,validation,strict,displacement,c_sem_taxas_absolutas,IF,IF:c_sem_taxas_absolutas,24,12,12,0.5,0.0,0.32725250045717136,nan,nan,nan,nan
validacao_2025_pre_pectra,validation,sensitivity,all,c_sem_taxas_absolutas,IF,IF:c_sem_taxas_absolutas,1280,808,472,0.63125,0.7024852114448732,0.7561520264782664,0.6707606141970129,0.731003851841752,0.7282302601557181,0.7855718804440192
validacao_2025_pre_pectra,validation,sensitivity,insertion,c_sem_taxas_absolutas,IF,IF:c_sem_taxas_absolutas,1010,673,337,0.6663366336633664,0.7942645755530178,0.8500499874454088,nan,nan,nan,nan
validacao_2025_pre_pectra,validation,sensitivity,displacement,c_sem_taxas_absolutas,IF,IF:c_sem_taxas_absolutas,270,135,135,0.5,0.4212894375857339,0.4315096203293358,nan,nan,nan,nan
transicao_pectra_2025,protocol_transition,strict,all,a_completa,AE,AE:a_completa,209,139,70,0.6650717703349283,0.5353545734840699,0.6608461496596016,0.4456988694758479,0.6261639260020554,0.6125123371368344,0.7375203986456534
transicao_pectra_2025,protocol_transition,strict,insertion,a_completa,AE,AE:a_completa,207,138,69,0.6666666666666666,0.5398025624868725,0.6719357911524071,nan,nan,nan,nan
transicao_pectra_2025,protocol_transition,strict,displacement,a_completa,AE,AE:a_completa,2,1,1,0.5,0.0,0.5,nan,nan,nan,nan
transicao_pectra_2025,protocol_transition,sensitivity,all,a_completa,AE,AE:a_completa,357,213,144,0.5966386554621849,0.47584115805946803,0.5683825723592065,0.40429626369327076,0.5384903169014084,0.5296777313261428,0.6194365710204116
transicao_pectra_2025,protocol_transition,sensitivity,insertion,a_completa,AE,AE:a_completa,207,138,69,0.6666666666666666,0.5398025624868725,0.6719357911524071,nan,nan,nan,nan
transicao_pectra_2025,protocol_transition,sensitivity,displacement,a_completa,AE,AE:a_completa,150,75,75,0.5,0.5047111111111111,0.510525465438767,nan,nan,nan,nan
transicao_pectra_2025,protocol_transition,strict,all,a_completa,IF,IF:a_completa,209,139,70,0.6650717703349283,0.7042137718396712,0.8447686846090643,0.6353006166495374,0.7708170606372046,0.8028876974722008,0.8845131717027666
transicao_pectra_2025,protocol_transition,strict,insertion,a_completa,IF,IF:a_completa,207,138,69,0.6666666666666666,0.7125603864734299,0.8552395319595576,nan,nan,nan,nan
transicao_pectra_2025,protocol_transition,strict,displacement,a_completa,IF,IF:a_completa,2,1,1,0.5,0.0,0.5,nan,nan,nan,nan
transicao_pectra_2025,protocol_transition,sensitivity,all,a_completa,IF,IF:a_completa,357,213,144,0.5966386554621849,0.6282603025560772,0.742822492537899,0.5670456768388107,0.680654994783516,0.6988590089286619,0.787142287192299
transicao_pectra_2025,protocol_transition,sensitivity,insertion,a_completa,IF,IF:a_completa,207,138,69,0.6666666666666666,0.7125603864734299,0.8552395319595576,nan,nan,nan,nan
transicao_pectra_2025,protocol_transition,sensitivity,displacement,a_completa,IF,IF:a_completa,150,75,75,0.5,0.48942222222222226,0.47638026833969715,nan,nan,nan,nan
transicao_pectra_2025,protocol_transition,strict,all,b_completa,AE,AE:b_completa,209,139,70,0.6650717703349283,0.4958890030832476,0.6632683738679271,0.40921891058581705,0.58120246659815,0.6121711796733722,0.7409930075243923
transicao_pectra_2025,protocol_transition,strict,insertion,b_completa,AE,AE:b_completa,207,138,69,0.6666666666666666,0.4993698802772527,0.6660536398407091,nan,nan,nan,nan
transicao_pectra_2025,protocol_transition,strict,displacement,b_completa,AE,AE:b_completa,2,1,1,0.5,0.0,0.5,nan,nan,nan,nan
transicao_pectra_2025,protocol_transition,sensitivity,all,b_completa,AE,AE:b_completa,357,213,144,0.5966386554621849,0.5109220135628587,0.605268624226642,0.45261965310380803,0.5732345461658842,0.5660141386980628,0.660353721796292
transicao_pectra_2025,protocol_transition,sensitivity,insertion,b_completa,AE,AE:b_completa,207,138,69,0.6666666666666666,0.4993698802772527,0.6660536398407091,nan,nan,nan,nan
transicao_pectra_2025,protocol_transition,sensitivity,displacement,b_completa,AE,AE:b_completa,150,75,75,0.5,0.5004444444444445,0.5069648948454211,nan,nan,nan,nan
transicao_pectra_2025,protocol_transition,strict,all,b_completa,IF,IF:b_completa,209,139,70,0.6650717703349283,0.789311408016444,0.8733807961490614,0.7248561151079137,0.8496043165467626,0.8227460716321958,0.9243240506154683
transicao_pectra_2025,protocol_transition,strict,insertion,b_completa,IF,IF:b_completa,207,138,69,0.6666666666666666,0.8000420079815165,0.899907201247605,nan,nan,nan,nan
transicao_pectra_2025,protocol_transition,strict,displacement,b_completa,IF,IF:b_completa,2,1,1,0.5,0.0,0.5,nan,nan,nan,nan
transicao_pectra_2025,protocol_transition,sensitivity,all,b_completa,IF,IF:b_completa,357,213,144,0.5966386554621849,0.6816640584246219,0.7729417684745336,0.6329901864893062,0.7383289319248825,0.7322189942454606,0.8217298865608105
transicao_pectra_2025,protocol_transition,sensitivity,insertion,b_completa,IF,IF:b_completa,207,138,69,0.6666666666666666,0.8000420079815165,0.899907201247605,nan,nan,nan,nan
transicao_pectra_2025,protocol_transition,sensitivity,displacement,b_completa,IF,IF:b_completa,150,75,75,0.5,0.49457777777777784,0.4846466859262648,nan,nan,nan,nan
transicao_pectra_2025,protocol_transition,strict,all,c_completa,AE,AE:c_completa,209,139,70,0.6650717703349283,0.45590955806783146,0.6476704161822471,0.3764542651593011,0.5403879753340185,0.596465867779856,0.7120065837883122
transicao_pectra_2025,protocol_transition,strict,insertion,c_completa,AE,AE:c_completa,207,138,69,0.6666666666666666,0.46093257718966607,0.6553754635238537,nan,nan,nan,nan
transicao_pectra_2025,protocol_transition,strict,displacement,c_completa,AE,AE:c_completa,2,1,1,0.5,0.0,0.5,nan,nan,nan,nan
transicao_pectra_2025,protocol_transition,sensitivity,all,c_completa,AE,AE:c_completa,357,213,144,0.5966386554621849,0.4446726656233698,0.5472002060316683,0.38447036384976524,0.5091321074595723,0.510524281444163,0.5966836759979787
transicao_pectra_2025,protocol_transition,sensitivity,insertion,c_completa,AE,AE:c_completa,207,138,69,0.6666666666666666,0.46093257718966607,0.6553754635238537,nan,nan,nan,nan
transicao_pectra_2025,protocol_transition,sensitivity,displacement,c_completa,AE,AE:c_completa,150,75,75,0.5,0.45688888888888896,0.45564719948655974,nan,nan,nan,nan
transicao_pectra_2025,protocol_transition,strict,all,c_completa,IF,IF:c_completa,209,139,70,0.6650717703349283,0.7878725590955806,0.8783426828686383,0.7221454265159302,0.846205035971223,0.8293156382661099,0.922623716311453
transicao_pectra_2025,protocol_transition,strict,insertion,c_completa,IF,IF:c_completa,207,138,69,0.6666666666666666,0.7984667086746482,0.8971007811620393,nan,nan,nan,nan
transicao_pectra_2025,protocol_transition,strict,displacement,c_completa,IF,IF:c_completa,2,1,1,0.5,0.0,0.5,nan,nan,nan,nan
transicao_pectra_2025,protocol_transition,sensitivity,all,c_completa,IF,IF:c_completa,357,213,144,0.5966386554621849,0.6831311945748566,0.7729118234949204,0.6282757889932186,0.746204192749087,0.7309000170943974,0.8238276025060317
transicao_pectra_2025,protocol_transition,sensitivity,insertion,c_completa,IF,IF:c_completa,207,138,69,0.6666666666666666,0.7984667086746482,0.8971007811620393,nan,nan,nan,nan
transicao_pectra_2025,protocol_transition,sensitivity,displacement,c_completa,IF,IF:c_completa,150,75,75,0.5,0.49831111111111115,0.49391788504665435,nan,nan,nan,nan
transicao_pectra_2025,protocol_transition,strict,all,b_sem_taxas_absolutas,AE,AE:b_sem_taxas_absolutas,209,139,70,0.6650717703349283,0.6076053442959917,0.7288607746136984,0.5188977389516958,0.6828237410071942,0.6728586049379008,0.8014134248501115
transicao_pectra_2025,protocol_transition,strict,insertion,b_sem_taxas_absolutas,AE,AE:b_sem_taxas_absolutas,207,138,69,0.6666666666666666,0.6153119092627598,0.7370878921829831,nan,nan,nan,nan
transicao_pectra_2025,protocol_transition,strict,displacement,b_sem_taxas_absolutas,AE,AE:b_sem_taxas_absolutas,2,1,1,0.5,0.0,0.5,nan,nan,nan,nan
transicao_pectra_2025,protocol_transition,sensitivity,all,b_sem_taxas_absolutas,AE,AE:b_sem_taxas_absolutas,357,213,144,0.5966386554621849,0.5450899843505477,0.6261881549790671,0.4854508998435055,0.604310119979134,0.5847542913725788,0.6839014628857214
transicao_pectra_2025,protocol_transition,sensitivity,insertion,b_sem_taxas_absolutas,AE,AE:b_sem_taxas_absolutas,207,138,69,0.6666666666666666,0.6153119092627598,0.7370878921829831,nan,nan,nan,nan
transicao_pectra_2025,protocol_transition,sensitivity,displacement,b_sem_taxas_absolutas,AE,AE:b_sem_taxas_absolutas,150,75,75,0.5,0.48231111111111113,0.5078632699639091,nan,nan,nan,nan
transicao_pectra_2025,protocol_transition,strict,all,b_sem_taxas_absolutas,IF,IF:b_sem_taxas_absolutas,209,139,70,0.6650717703349283,0.7789311408016444,0.8313153277590811,0.7016212744090442,0.8458838643371017,0.7705010631818086,0.8952055511606614
transicao_pectra_2025,protocol_transition,strict,insertion,b_sem_taxas_absolutas,IF,IF:b_sem_taxas_absolutas,207,138,69,0.6666666666666666,0.7892249527410208,0.8501822288957651,nan,nan,nan,nan
transicao_pectra_2025,protocol_transition,strict,displacement,b_sem_taxas_absolutas,IF,IF:b_sem_taxas_absolutas,2,1,1,0.5,0.0,0.5,nan,nan,nan,nan
transicao_pectra_2025,protocol_transition,sensitivity,all,b_sem_taxas_absolutas,IF,IF:b_sem_taxas_absolutas,357,213,144,0.5966386554621849,0.6296948356807512,0.6847459763406094,0.5638350938967136,0.6881382042253521,0.6323229293464805,0.7391726043065546
transicao_pectra_2025,protocol_transition,sensitivity,insertion,b_sem_taxas_absolutas,IF,IF:b_sem_taxas_absolutas,207,138,69,0.6666666666666666,0.7892249527410208,0.8501822288957651,nan,nan,nan,nan
transicao_pectra_2025,protocol_transition,sensitivity,displacement,b_sem_taxas_absolutas,IF,IF:b_sem_taxas_absolutas,150,75,75,0.5,0.4728888888888889,0.474233814812844,nan,nan,nan,nan
transicao_pectra_2025,protocol_transition,strict,all,c_sem_taxas_absolutas,AE,AE:c_sem_taxas_absolutas,209,139,70,0.6650717703349283,0.5670092497430627,0.6827744214213973,0.47861510791366907,0.6535996916752312,0.630409744061133,0.7531076262141096
transicao_pectra_2025,protocol_transition,strict,insertion,c_sem_taxas_absolutas,AE,AE:c_sem_taxas_absolutas,207,138,69,0.6666666666666666,0.5727788279773157,0.6989629345252213,nan,nan,nan,nan
transicao_pectra_2025,protocol_transition,strict,displacement,c_sem_taxas_absolutas,AE,AE:c_sem_taxas_absolutas,2,1,1,0.5,0.0,0.5,nan,nan,nan,nan
transicao_pectra_2025,protocol_transition,sensitivity,all,c_sem_taxas_absolutas,AE,AE:c_sem_taxas_absolutas,357,213,144,0.5966386554621849,0.4952399582681273,0.5795436752154302,0.4322240153886281,0.5583545252999479,0.5384674634295095,0.6339261012777746
transicao_pectra_2025,protocol_transition,sensitivity,insertion,c_sem_taxas_absolutas,AE,AE:c_sem_taxas_absolutas,207,138,69,0.6666666666666666,0.5727788279773157,0.6989629345252213,nan,nan,nan,nan
transicao_pectra_2025,protocol_transition,sensitivity,displacement,c_sem_taxas_absolutas,AE,AE:c_sem_taxas_absolutas,150,75,75,0.5,0.48408888888888885,0.4853869867269589,nan,nan,nan,nan
transicao_pectra_2025,protocol_transition,strict,all,c_sem_taxas_absolutas,IF,IF:c_sem_taxas_absolutas,209,139,70,0.6650717703349283,0.7551901336073997,0.8230387013949911,0.6812307297019528,0.8366521068859198,0.7647753651532916,0.8895080034414033
transicao_pectra_2025,protocol_transition,strict,insertion,c_sem_taxas_absolutas,IF,IF:c_sem_taxas_absolutas,207,138,69,0.6666666666666666,0.7648603234614576,0.8386935801821318,nan,nan,nan,nan
transicao_pectra_2025,protocol_transition,strict,displacement,c_sem_taxas_absolutas,IF,IF:c_sem_taxas_absolutas,2,1,1,0.5,0.0,0.5,nan,nan,nan,nan
transicao_pectra_2025,protocol_transition,sensitivity,all,c_sem_taxas_absolutas,IF,IF:c_sem_taxas_absolutas,357,213,144,0.5966386554621849,0.6247391757955139,0.6876130724454801,0.5620671948356808,0.6896354981742304,0.6360267800265134,0.7419544255814051
transicao_pectra_2025,protocol_transition,sensitivity,insertion,c_sem_taxas_absolutas,IF,IF:c_sem_taxas_absolutas,207,138,69,0.6666666666666666,0.7648603234614576,0.8386935801821318,nan,nan,nan,nan
transicao_pectra_2025,protocol_transition,sensitivity,displacement,c_sem_taxas_absolutas,IF,IF:c_sem_taxas_absolutas,150,75,75,0.5,0.4501333333333334,0.4510111391348341,nan,nan,nan,nan
teste_final_2025,test,strict,all,a_completa,AE,AE:a_completa,1421,939,482,0.6608022519352569,0.5277928757970649,0.6494172099052793,0.4912912231163195,0.5616767528800393,0.6271310208033362,0.6741314594540722
teste_final_2025,test,strict,insertion,a_completa,AE,AE:a_completa,1371,914,457,0.6666666666666666,0.553569804021087,0.6798458384674777,nan,nan,nan,nan
teste_final_2025,test,strict,displacement,a_completa,AE,AE:a_completa,50,25,25,0.5,0.15360000000000001,0.3504568086740466,nan,nan,nan,nan
teste_final_2025,test,sensitivity,all,a_completa,AE,AE:a_completa,1741,1099,642,0.6312464101091326,0.5155394737215084,0.6096747208770277,0.48617898882870014,0.5431663307623187,0.5911703602663675,0.6323201249184365
teste_final_2025,test,sensitivity,insertion,a_completa,AE,AE:a_completa,1371,914,457,0.6666666666666666,0.553569804021087,0.6798458384674777,nan,nan,nan,nan
teste_final_2025,test,sensitivity,displacement,a_completa,AE,AE:a_completa,370,185,185,0.5,0.47225712198685166,0.477868093035875,nan,nan,nan,nan
teste_final_2025,test,strict,all,a_completa,IF,IF:a_completa,1421,939,482,0.6608022519352569,0.6767595084379516,0.8024749820345934,0.6494555875191671,0.7049121405750798,0.77920526626596,0.8290698340620616
teste_final_2025,test,strict,insertion,a_completa,IF,IF:a_completa,1371,914,457,0.6666666666666666,0.7066301490550588,0.8508157068240362,nan,nan,nan,nan
teste_final_2025,test,strict,displacement,a_completa,IF,IF:a_completa,50,25,25,0.5,0.1552,0.348525119952265,nan,nan,nan,nan
teste_final_2025,test,sensitivity,all,a_completa,IF,IF:a_completa,1741,1099,642,0.6312464101091326,0.6549851323349747,0.7719658785909094,0.6332432804957211,0.6802210271869924,0.7497010988648737,0.7959214025054311
teste_final_2025,test,sensitivity,insertion,a_completa,IF,IF:a_completa,1371,914,457,0.6666666666666666,0.7066301490550588,0.8508157068240362,nan,nan,nan,nan
teste_final_2025,test,sensitivity,displacement,a_completa,IF,IF:a_completa,370,185,185,0.5,0.44683710737764787,0.44443583444565715,nan,nan,nan,nan
teste_final_2025,test,strict,all,b_completa,AE,AE:b_completa,1421,939,482,0.6608022519352569,0.5373510267389604,0.687303022506164,0.5077931188383511,0.5685589640254707,0.6645639176910096,0.7117028121688461
teste_final_2025,test,strict,insertion,b_completa,AE,AE:b_completa,1371,914,457,0.6666666666666666,0.5454251636349707,0.6969709929297279,nan,nan,nan,nan
teste_final_2025,test,strict,displacement,b_completa,AE,AE:b_completa,50,25,25,0.5,0.3296,0.43282759163954115,nan,nan,nan,nan
teste_final_2025,test,sensitivity,all,b_completa,AE,AE:b_completa,1741,1099,642,0.6312464101091326,0.5370912100776974,0.6550894983964198,0.5071006210687145,0.5643992414514469,0.6323578171911372,0.6779888790790141
teste_final_2025,test,sensitivity,insertion,b_completa,AE,AE:b_completa,1371,914,457,0.6666666666666666,0.5454251636349707,0.6969709929297279,nan,nan,nan,nan
teste_final_2025,test,sensitivity,displacement,b_completa,AE,AE:b_completa,370,185,185,0.5,0.46784514243973696,0.4714802932824389,nan,nan,nan,nan
teste_final_2025,test,strict,all,b_completa,IF,IF:b_completa,1421,939,482,0.6608022519352569,0.7579905346466399,0.838321672969578,0.7320632769035657,0.7841084140893243,0.8134971431531839,0.8633701954377739
teste_final_2025,test,strict,insertion,b_completa,IF,IF:b_completa,1371,914,457,0.6666666666666666,0.7951031606567424,0.8955260301652918,nan,nan,nan,nan
teste_final_2025,test,strict,displacement,b_completa,IF,IF:b_completa,50,25,25,0.5,0.07680000000000001,0.32634689498949443,nan,nan,nan,nan
teste_final_2025,test,sensitivity,all,b_completa,IF,IF:b_completa,1741,1099,642,0.6312464101091326,0.7229348969184674,0.8078511472946382,0.6976695218536251,0.7456976605750343,0.7865817882948272,0.8321849314618028
teste_final_2025,test,sensitivity,insertion,b_completa,IF,IF:b_completa,1371,914,457,0.6666666666666666,0.7951031606567424,0.8955260301652918,nan,nan,nan,nan
teste_final_2025,test,sensitivity,displacement,b_completa,IF,IF:b_completa,370,185,185,0.5,0.44799123447772093,0.44237650198099354,nan,nan,nan,nan
teste_final_2025,test,strict,all,c_completa,AE,AE:c_completa,1421,939,482,0.6608022519352569,0.5376559330796866,0.6643987072948212,0.5099919244009032,0.5654811223204698,0.643645707324354,0.6874657887014333
teste_final_2025,test,strict,insertion,c_completa,AE,AE:c_completa,1371,914,457,0.6666666666666666,0.556437904897797,0.6838296498429381,nan,nan,nan,nan
teste_final_2025,test,strict,displacement,c_completa,AE,AE:c_completa,50,25,25,0.5,0.20959999999999998,0.3672276389474036,nan,nan,nan,nan
teste_final_2025,test,sensitivity,all,c_completa,AE,AE:c_completa,1741,1099,642,0.6312464101091326,0.5170971061202623,0.615100875498376,0.4883699497419064,0.5482494351988072,0.5970059869915048,0.6371326456669995
teste_final_2025,test,sensitivity,insertion,c_completa,AE,AE:c_completa,1371,914,457,0.6666666666666666,0.556437904897797,0.6838296498429381,nan,nan,nan,nan
teste_final_2025,test,sensitivity,displacement,c_completa,AE,AE:c_completa,370,185,185,0.5,0.4397662527392257,0.44453254077377763,nan,nan,nan,nan
teste_final_2025,test,strict,all,c_completa,IF,IF:c_completa,1421,939,482,0.6608022519352569,0.7509600130800401,0.8365966850570291,0.7263764974657422,0.7764174830644412,0.8151995486115308,0.8632094519323537
teste_final_2025,test,strict,insertion,c_completa,IF,IF:c_completa,1371,914,457,0.6666666666666666,0.7847942772050619,0.8867864202154547,nan,nan,nan,nan
teste_final_2025,test,strict,displacement,c_completa,IF,IF:c_completa,50,25,25,0.5,0.1392,0.3415292339763281,nan,nan,nan,nan
teste_final_2025,test,sensitivity,all,c_completa,IF,IF:c_completa,1741,1099,642,0.6312464101091326,0.7176631828992088,0.8036277328306802,0.6922847235804852,0.7398306021616933,0.7839217164690249,0.8277533162490511
teste_final_2025,test,sensitivity,insertion,c_completa,IF,IF:c_completa,1371,914,457,0.6666666666666666,0.7847942772050619,0.8867864202154547,nan,nan,nan,nan
teste_final_2025,test,sensitivity,displacement,c_completa,IF,IF:c_completa,370,185,185,0.5,0.45685902118334554,0.4501754420139877,nan,nan,nan,nan
teste_final_2025,test,strict,all,b_sem_taxas_absolutas,AE,AE:b_sem_taxas_absolutas,1421,939,482,0.6608022519352569,0.7350363899089257,0.8039472193830584,0.706062664881418,0.7644246108025222,0.7783155042298039,0.8305343078184335
teste_final_2025,test,strict,insertion,b_sem_taxas_absolutas,AE,AE:b_sem_taxas_absolutas,1371,914,457,0.6666666666666666,0.7692040660956001,0.8373105789207559,nan,nan,nan,nan
teste_final_2025,test,strict,displacement,b_sem_taxas_absolutas,AE,AE:b_sem_taxas_absolutas,50,25,25,0.5,0.0192,0.31814872341127015,nan,nan,nan,nan
teste_final_2025,test,sensitivity,all,b_sem_taxas_absolutas,AE,AE:b_sem_taxas_absolutas,1741,1099,642,0.6312464101091326,0.6789874113821968,0.7427136443560938,0.6551114153620256,0.7071781837921192,0.719472748416128,0.7669539088252326
teste_final_2025,test,sensitivity,insertion,b_sem_taxas_absolutas,AE,AE:b_sem_taxas_absolutas,1371,914,457,0.6666666666666666,0.7692040660956001,0.8373105789207559,nan,nan,nan,nan
teste_final_2025,test,sensitivity,displacement,b_sem_taxas_absolutas,AE,AE:b_sem_taxas_absolutas,370,185,185,0.5,0.4218553688823959,0.462955889878927,nan,nan,nan,nan
teste_final_2025,test,strict,all,b_sem_taxas_absolutas,IF,IF:b_sem_taxas_absolutas,1421,939,482,0.6608022519352569,0.8426970512463597,0.8529962183163089,0.8149703489630974,0.8652437704099444,0.824206781865764,0.8769841832703895
teste_final_2025,test,strict,insertion,b_sem_taxas_absolutas,IF,IF:b_sem_taxas_absolutas,1371,914,457,0.6666666666666666,0.8920033133986756,0.9192882585531591,nan,nan,nan,nan
teste_final_2025,test,strict,displacement,b_sem_taxas_absolutas,IF,IF:b_sem_taxas_absolutas,50,25,25,0.5,0.0,0.3167528394240818,nan,nan,nan,nan
teste_final_2025,test,sensitivity,all,b_sem_taxas_absolutas,IF,IF:b_sem_taxas_absolutas,1741,1099,642,0.6312464101091326,0.7719067744962144,0.7893568815167861,0.7481622701464656,0.798309033417522,0.763587522097785,0.8206744238264188
teste_final_2025,test,sensitivity,insertion,b_sem_taxas_absolutas,IF,IF:b_sem_taxas_absolutas,1371,914,457,0.6666666666666666,0.8920033133986756,0.9192882585531591,nan,nan,nan,nan
teste_final_2025,test,sensitivity,displacement,b_sem_taxas_absolutas,IF,IF:b_sem_taxas_absolutas,370,185,185,0.5,0.4149306062819576,0.4249734373330085,nan,nan,nan,nan
teste_final_2025,test,strict,all,c_sem_taxas_absolutas,AE,AE:c_sem_taxas_absolutas,1421,939,482,0.6608022519352569,0.6092691527580767,0.7098870308295734,0.57567361101905,0.641939756693578,0.6861346947434458,0.7362490881970923
teste_final_2025,test,strict,insertion,c_sem_taxas_absolutas,AE,AE:c_sem_taxas_absolutas,1371,914,457,0.6666666666666666,0.6314657958620821,0.7345028399901681,nan,nan,nan,nan
teste_final_2025,test,strict,displacement,c_sem_taxas_absolutas,AE,AE:c_sem_taxas_absolutas,50,25,25,0.5,0.21280000000000002,0.3762692850928455,nan,nan,nan,nan
teste_final_2025,test,sensitivity,all,c_sem_taxas_absolutas,AE,AE:c_sem_taxas_absolutas,1741,1099,642,0.6312464101091326,0.5710019587333713,0.6651857285763744,0.5407870437299273,0.6003256642260453,0.6428380140002703,0.6892115066405424
teste_final_2025,test,sensitivity,insertion,c_sem_taxas_absolutas,AE,AE:c_sem_taxas_absolutas,1371,914,457,0.6666666666666666,0.6314657958620821,0.7345028399901681,nan,nan,nan,nan
teste_final_2025,test,sensitivity,displacement,c_sem_taxas_absolutas,AE,AE:c_sem_taxas_absolutas,370,185,185,0.5,0.4645142439737034,0.47370239616418564,nan,nan,nan,nan
teste_final_2025,test,strict,all,c_sem_taxas_absolutas,IF,IF:c_sem_taxas_absolutas,1421,939,482,0.6608022519352569,0.8279643303770674,0.8582522734021583,0.8025355834537492,0.855198432162758,0.8332260379877588,0.8847592364590748
teste_final_2025,test,strict,insertion,c_sem_taxas_absolutas,IF,IF:c_sem_taxas_absolutas,1371,914,457,0.6666666666666666,0.8737437095700722,0.9123362769296834,nan,nan,nan,nan
teste_final_2025,test,strict,displacement,c_sem_taxas_absolutas,IF,IF:c_sem_taxas_absolutas,50,25,25,0.5,0.0048,0.3169950046662471,nan,nan,nan,nan
teste_final_2025,test,sensitivity,all,c_sem_taxas_absolutas,IF,IF:c_sem_taxas_absolutas,1741,1099,642,0.6312464101091326,0.7678922214757681,0.8035977441645175,0.7391736044379058,0.7914032049810221,0.7768134553040013,0.8268659132775122
teste_final_2025,test,sensitivity,insertion,c_sem_taxas_absolutas,IF,IF:c_sem_taxas_absolutas,1371,914,457,0.6666666666666666,0.8737437095700722,0.9123362769296834,nan,nan,nan,nan
teste_final_2025,test,sensitivity,displacement,c_sem_taxas_absolutas,IF,IF:c_sem_taxas_absolutas,370,185,185,0.5,0.42111029948867784,0.42816333227334363,nan,nan,nan,nan
estresse_fusaka_2025,future_stress,strict,all,a_completa,AE,AE:a_completa,288,191,97,0.6631944444444444,0.3730771306741512,0.57624548209366,0.30770497112322553,0.4378946942300427,0.5455465434918848,0.6236725801601691
estresse_fusaka_2025,future_stress,strict,insertion,a_completa,AE,AE:a_completa,282,188,94,0.6666666666666666,0.38229968311453144,0.5849634677109763,nan,nan,nan,nan
estresse_fusaka_2025,future_stress,strict,displacement,a_completa,AE,AE:a_completa,6,3,3,0.5,0.22222222222222224,0.4666666666666667,nan,nan,nan,nan
estresse_fusaka_2025,future_stress,sensitivity,all,a_completa,AE,AE:a_completa,314,204,110,0.6496815286624203,0.38827985739750454,0.5682525706103787,0.3229567736185383,0.4541811497326203,0.5371973927538003,0.6164036373472034
estresse_fusaka_2025,future_stress,sensitivity,insertion,a_completa,AE,AE:a_completa,282,188,94,0.6666666666666666,0.38229968311453144,0.5849634677109763,nan,nan,nan,nan
estresse_fusaka_2025,future_stress,sensitivity,displacement,a_completa,AE,AE:a_completa,32,16,16,0.5,0.4375,0.4605533508994607,nan,nan,nan,nan
estresse_fusaka_2025,future_stress,strict,all,a_completa,IF,IF:a_completa,288,191,97,0.6631944444444444,0.5885464457278566,0.7572320858522958,0.521845144923625,0.651327791871323,0.7040955963189756,0.8108162899605853
estresse_fusaka_2025,future_stress,strict,insertion,a_completa,IF,IF:a_completa,282,188,94,0.6666666666666666,0.6057039384336804,0.796908037909054,nan,nan,nan,nan
estresse_fusaka_2025,future_stress,strict,displacement,a_completa,IF,IF:a_completa,6,3,3,0.5,0.11111111111111112,0.41111111111111115,nan,nan,nan,nan
estresse_fusaka_2025,future_stress,sensitivity,all,a_completa,IF,IF:a_completa,314,204,110,0.6496815286624203,0.5820409982174689,0.7390215955586917,0.51650623885918,0.6401414884135472,0.6870263112948548,0.7955950083588335
estresse_fusaka_2025,future_stress,sensitivity,insertion,a_completa,IF,IF:a_completa,282,188,94,0.6666666666666666,0.6057039384336804,0.796908037909054,nan,nan,nan,nan
estresse_fusaka_2025,future_stress,sensitivity,displacement,a_completa,IF,IF:a_completa,32,16,16,0.5,0.4140625,0.44809548234727725,nan,nan,nan,nan
estresse_fusaka_2025,future_stress,strict,all,b_completa,AE,AE:b_completa,288,191,97,0.6631944444444444,0.44448642521725046,0.6457377673402238,0.3729233011280833,0.5167593242295029,0.60209865926177,0.7059184603127872
estresse_fusaka_2025,future_stress,strict,insertion,b_completa,AE,AE:b_completa,282,188,94,0.6666666666666666,0.44652557718424624,0.64805368744755,nan,nan,nan,nan
estresse_fusaka_2025,future_stress,strict,displacement,b_completa,AE,AE:b_completa,6,3,3,0.5,0.4444444444444444,0.6666666666666667,nan,nan,nan,nan
estresse_fusaka_2025,future_stress,sensitivity,all,b_completa,AE,AE:b_completa,314,204,110,0.6496815286624203,0.4517825311942959,0.6356236662318315,0.39071189839572196,0.5143861408199644,0.5933473695034878,0.6922467991729518
estresse_fusaka_2025,future_stress,sensitivity,insertion,b_completa,AE,AE:b_completa,282,188,94,0.6666666666666666,0.44652557718424624,0.64805368744755,nan,nan,nan,nan
estresse_fusaka_2025,future_stress,sensitivity,displacement,b_completa,AE,AE:b_completa,32,16,16,0.5,0.421875,0.5033940939125197,nan,nan,nan,nan
estresse_fusaka_2025,future_stress,strict,all,b_completa,IF,IF:b_completa,288,191,97,0.6631944444444444,0.6753386948777461,0.8177521475640277,0.6124089167161441,0.7366343714578724,0.767098230866915,0.868578807132427
estresse_fusaka_2025,future_stress,strict,insertion,b_completa,IF,IF:b_completa,282,188,94,0.6666666666666666,0.6961860570393843,0.8578202787964475,nan,nan,nan,nan
estresse_fusaka_2025,future_stress,strict,displacement,b_completa,IF,IF:b_completa,6,3,3,0.5,0.0,0.38333333333333336,nan,nan,nan,nan
estresse_fusaka_2025,future_stress,sensitivity,all,b_completa,IF,IF:b_completa,314,204,110,0.6496815286624203,0.6657754010695187,0.8039455771265327,0.6042312834224598,0.7188836898395722,0.7588584699083929,0.852182786691869
estresse_fusaka_2025,future_stress,sensitivity,insertion,b_completa,IF,IF:b_completa,282,188,94,0.6666666666666666,0.6961860570393843,0.8578202787964475,nan,nan,nan,nan
estresse_fusaka_2025,future_stress,sensitivity,displacement,b_completa,IF,IF:b_completa,32,16,16,0.5,0.4296875,0.45091510800521034,nan,nan,nan,nan
estresse_fusaka_2025,future_stress,strict,all,c_completa,AE,AE:c_completa,288,191,97,0.6631944444444444,0.43552652884978676,0.6178250674799557,0.36466508339180653,0.5087817779457008,0.5788797578446345,0.6754937399712458
estresse_fusaka_2025,future_stress,strict,insertion,c_completa,AE,AE:c_completa,282,188,94,0.6666666666666666,0.44171570846536895,0.6252365684389527,nan,nan,nan,nan
estresse_fusaka_2025,future_stress,strict,displacement,c_completa,AE,AE:c_completa,6,3,3,0.5,0.22222222222222224,0.4666666666666667,nan,nan,nan,nan
estresse_fusaka_2025,future_stress,sensitivity,all,c_completa,AE,AE:c_completa,314,204,110,0.6496815286624203,0.4366310160427807,0.5973750082734138,0.36701091800356506,0.5032319518716578,0.5602569635464552,0.6519135526527446
estresse_fusaka_2025,future_stress,sensitivity,insertion,c_completa,AE,AE:c_completa,282,188,94,0.6666666666666666,0.44171570846536895,0.6252365684389527,nan,nan,nan,nan
estresse_fusaka_2025,future_stress,sensitivity,displacement,c_completa,AE,AE:c_completa,32,16,16,0.5,0.4375,0.4718851541768285,nan,nan,nan,nan
estresse_fusaka_2025,future_stress,strict,all,c_completa,IF,IF:c_completa,288,191,97,0.6631944444444444,0.6281643007502564,0.797944818164456,0.555944027635343,0.693092513628758,0.7474128835442035,0.8503515492583169
estresse_fusaka_2025,future_stress,strict,insertion,c_completa,IF,IF:c_completa,282,188,94,0.6666666666666666,0.6467858759619737,0.8350128853703592,nan,nan,nan,nan
estresse_fusaka_2025,future_stress,strict,displacement,c_completa,IF,IF:c_completa,6,3,3,0.5,0.0,0.38333333333333336,nan,nan,nan,nan
estresse_fusaka_2025,future_stress,sensitivity,all,c_completa,IF,IF:c_completa,314,204,110,0.6496815286624203,0.6204991087344028,0.7828611078927006,0.5614694741532976,0.6811564171122995,0.7394979527796837,0.8281457284547349
estresse_fusaka_2025,future_stress,sensitivity,insertion,c_completa,IF,IF:c_completa,282,188,94,0.6666666666666666,0.6467858759619737,0.8350128853703592,nan,nan,nan,nan
estresse_fusaka_2025,future_stress,sensitivity,displacement,c_completa,IF,IF:c_completa,32,16,16,0.5,0.390625,0.432416148613508,nan,nan,nan,nan
estresse_fusaka_2025,future_stress,strict,all,b_sem_taxas_absolutas,AE,AE:b_sem_taxas_absolutas,288,191,97,0.6631944444444444,0.7032978895665785,0.8029419236667368,0.6380836077076698,0.7681248987963513,0.7541256914544983,0.850102058741832
estresse_fusaka_2025,future_stress,strict,insertion,b_sem_taxas_absolutas,AE,AE:b_sem_taxas_absolutas,282,188,94,0.6666666666666666,0.7215934812132188,0.8237317741604132,nan,nan,nan,nan
estresse_fusaka_2025,future_stress,strict,displacement,b_sem_taxas_absolutas,AE,AE:b_sem_taxas_absolutas,6,3,3,0.5,0.22222222222222224,0.4666666666666667,nan,nan,nan,nan
estresse_fusaka_2025,future_stress,sensitivity,all,b_sem_taxas_absolutas,AE,AE:b_sem_taxas_absolutas,314,204,110,0.6496815286624203,0.6783868092691623,0.7754892463227452,0.6085282976827094,0.739402852049911,0.7276476683128088,0.8250598996970955
estresse_fusaka_2025,future_stress,sensitivity,insertion,b_sem_taxas_absolutas,AE,AE:b_sem_taxas_absolutas,282,188,94,0.6666666666666666,0.7215934812132188,0.8237317741604132,nan,nan,nan,nan
estresse_fusaka_2025,future_stress,sensitivity,displacement,b_sem_taxas_absolutas,AE,AE:b_sem_taxas_absolutas,32,16,16,0.5,0.46484375,0.4904320847701301,nan,nan,nan,nan
estresse_fusaka_2025,future_stress,strict,all,b_sem_taxas_absolutas,IF,IF:b_sem_taxas_absolutas,288,191,97,0.6631944444444444,0.8035839585469855,0.846296935067119,0.7435013763696227,0.8590637987801586,0.7911203608464561,0.903886114903139
estresse_fusaka_2025,future_stress,strict,insertion,b_sem_taxas_absolutas,IF,IF:b_sem_taxas_absolutas,282,188,94,0.6666666666666666,0.8315980081484835,0.8862761432434967,nan,nan,nan,nan
estresse_fusaka_2025,future_stress,strict,displacement,b_sem_taxas_absolutas,IF,IF:b_sem_taxas_absolutas,6,3,3,0.5,0.0,0.38333333333333336,nan,nan,nan,nan
estresse_fusaka_2025,future_stress,sensitivity,all,b_sem_taxas_absolutas,IF,IF:b_sem_taxas_absolutas,314,204,110,0.6496815286624203,0.7602941176470588,0.7955372632395877,0.6990262923351158,0.8204010695187165,0.7464910343784502,0.8618040174421022
estresse_fusaka_2025,future_stress,sensitivity,insertion,b_sem_taxas_absolutas,IF,IF:b_sem_taxas_absolutas,282,188,94,0.6666666666666666,0.8315980081484835,0.8862761432434967,nan,nan,nan,nan
estresse_fusaka_2025,future_stress,sensitivity,displacement,b_sem_taxas_absolutas,IF,IF:b_sem_taxas_absolutas,32,16,16,0.5,0.37890625,0.4403549792464855,nan,nan,nan,nan
estresse_fusaka_2025,future_stress,strict,all,c_sem_taxas_absolutas,AE,AE:c_sem_taxas_absolutas,288,191,97,0.6631944444444444,0.5540022669617316,0.6876143129962742,0.4858584768176175,0.624352296648135,0.6440842107057183,0.7446924806380895
estresse_fusaka_2025,future_stress,strict,insertion,c_sem_taxas_absolutas,AE,AE:c_sem_taxas_absolutas,282,188,94,0.6666666666666666,0.562132186509733,0.6951392031435393,nan,nan,nan,nan
estresse_fusaka_2025,future_stress,strict,displacement,c_sem_taxas_absolutas,AE,AE:c_sem_taxas_absolutas,6,3,3,0.5,0.22222222222222224,0.4666666666666667,nan,nan,nan,nan
estresse_fusaka_2025,future_stress,sensitivity,all,c_sem_taxas_absolutas,AE,AE:c_sem_taxas_absolutas,314,204,110,0.6496815286624203,0.5269607843137254,0.6562308178756108,0.45328877005347595,0.5885494652406418,0.6090954676427844,0.7038104833122836
estresse_fusaka_2025,future_stress,sensitivity,insertion,c_sem_taxas_absolutas,AE,AE:c_sem_taxas_absolutas,282,188,94,0.6666666666666666,0.562132186509733,0.6951392031435393,nan,nan,nan,nan
estresse_fusaka_2025,future_stress,sensitivity,displacement,c_sem_taxas_absolutas,AE,AE:c_sem_taxas_absolutas,32,16,16,0.5,0.50390625,0.5704159318558751,nan,nan,nan,nan
estresse_fusaka_2025,future_stress,strict,all,c_sem_taxas_absolutas,IF,IF:c_sem_taxas_absolutas,288,191,97,0.6631944444444444,0.7802666378798511,0.8354832090597453,0.7247463161871863,0.839937658552383,0.7880046737245854,0.8912398915922296
estresse_fusaka_2025,future_stress,strict,insertion,c_sem_taxas_absolutas,IF,IF:c_sem_taxas_absolutas,282,188,94,0.6666666666666666,0.8047193300135808,0.8585111688605438,nan,nan,nan,nan
estresse_fusaka_2025,future_stress,strict,displacement,c_sem_taxas_absolutas,IF,IF:c_sem_taxas_absolutas,6,3,3,0.5,0.0,0.38333333333333336,nan,nan,nan,nan
estresse_fusaka_2025,future_stress,sensitivity,all,c_sem_taxas_absolutas,IF,IF:c_sem_taxas_absolutas,314,204,110,0.6496815286624203,0.7390374331550802,0.7896529139517656,0.6672214795008913,0.8070666221033868,0.7317205351558483,0.8524551320120086
estresse_fusaka_2025,future_stress,sensitivity,insertion,c_sem_taxas_absolutas,IF,IF:c_sem_taxas_absolutas,282,188,94,0.6666666666666666,0.8047193300135808,0.8585111688605438,nan,nan,nan,nan
estresse_fusaka_2025,future_stress,sensitivity,displacement,c_sem_taxas_absolutas,IF,IF:c_sem_taxas_absolutas,32,16,16,0.5,0.36328125,0.45442868284393045,nan,nan,nan,nan
