split,policy,attack_scope,configuration,method,model,events,attacker_victim_pairs,attacker_score_higher,equal_scores,pairwise_superiority_rate,events_all_attackers_above_victim,event_superiority_rate,median_score_margin,mean_score_margin
estresse_pre_dencun_2024,strict,all,a_completa,AE,AE:a_completa,145,269,127,0,0.4721189591078067,34,0.23448275862068965,-0.0010797269642353058,0.0022531617787704705
estresse_pre_dencun_2024,strict,insertion,a_completa,AE,AE:a_completa,124,248,127,0,0.5120967741935484,34,0.27419354838709675,0.0004343632608652115,0.009295722573897951
estresse_pre_dencun_2024,strict,displacement,a_completa,AE,AE:a_completa,21,21,0,0,0.0,0,0.0,-0.07427210360765457,-0.08091612761130645
estresse_pre_dencun_2024,sensitivity,all,a_completa,AE,AE:a_completa,587,711,454,0,0.6385372714486639,361,0.6149914821124361,0.002771027386188507,0.004849499099365266
estresse_pre_dencun_2024,sensitivity,insertion,a_completa,AE,AE:a_completa,124,248,127,0,0.5120967741935484,34,0.27419354838709675,0.0004343632608652115,0.009295722573897951
estresse_pre_dencun_2024,sensitivity,displacement,a_completa,AE,AE:a_completa,463,463,327,0,0.7062634989200864,327,0.7062634989200864,0.0031297802925109863,0.002467936633524865
estresse_pre_dencun_2024,strict,all,a_completa,IF,IF:a_completa,145,269,240,0,0.8921933085501859,117,0.8068965517241379,0.08045220375061035,0.06964221785059649
estresse_pre_dencun_2024,strict,insertion,a_completa,IF,IF:a_completa,124,248,240,0,0.967741935483871,117,0.9435483870967742,0.08676135540008545,0.08455840450140738
estresse_pre_dencun_2024,strict,displacement,a_completa,IF,IF:a_completa,21,21,0,0,0.0,0,0.0,-0.10549986362457275,-0.10651084354945592
estresse_pre_dencun_2024,sensitivity,all,a_completa,IF,IF:a_completa,587,711,399,5,0.5611814345991561,276,0.47018739352640543,0.0027296245098114014,0.02664312808322504
estresse_pre_dencun_2024,sensitivity,insertion,a_completa,IF,IF:a_completa,124,248,240,0,0.967741935483871,117,0.9435483870967742,0.08676135540008545,0.08455840450140738
estresse_pre_dencun_2024,sensitivity,displacement,a_completa,IF,IF:a_completa,463,463,159,5,0.3434125269978402,159,0.3434125269978402,-0.0022049248218536377,-0.004378445462583208
estresse_pre_dencun_2024,strict,all,b_completa,AE,AE:b_completa,145,269,109,0,0.4052044609665427,33,0.22758620689655173,-0.013515956699848175,-0.006404112505148335
estresse_pre_dencun_2024,strict,insertion,b_completa,AE,AE:b_completa,124,248,106,0,0.4274193548387097,30,0.24193548387096775,-0.00751861184835434,-0.0033597102493888907
estresse_pre_dencun_2024,strict,displacement,b_completa,AE,AE:b_completa,21,21,3,0,0.14285714285714285,3,0.14285714285714285,-0.04552289843559265,-0.042357053430307476
estresse_pre_dencun_2024,sensitivity,all,b_completa,AE,AE:b_completa,587,711,394,0,0.5541490857946554,318,0.5417376490630323,0.0009620785713195801,-0.0009071036476416594
estresse_pre_dencun_2024,sensitivity,insertion,b_completa,AE,AE:b_completa,124,248,106,0,0.4274193548387097,30,0.24193548387096775,-0.00751861184835434,-0.0033597102493888907
estresse_pre_dencun_2024,sensitivity,displacement,b_completa,AE,AE:b_completa,463,463,288,0,0.6220302375809935,288,0.6220302375809935,0.0015766322612762451,0.0004066035602056697
estresse_pre_dencun_2024,strict,all,b_completa,IF,IF:b_completa,145,269,243,0,0.9033457249070632,119,0.8206896551724138,0.057044416666030884,0.05104427565872448
estresse_pre_dencun_2024,strict,insertion,b_completa,IF,IF:b_completa,124,248,243,0,0.9798387096774194,119,0.9596774193548387,0.059849292039871216,0.061347760139934475
estresse_pre_dencun_2024,strict,displacement,b_completa,IF,IF:b_completa,21,21,0,0,0.0,0,0.0,-0.06707268953323364,-0.07063496964318412
estresse_pre_dencun_2024,sensitivity,all,b_completa,IF,IF:b_completa,587,711,424,7,0.5963431786216596,300,0.5110732538330494,0.0025641918182373047,0.01917330612613179
estresse_pre_dencun_2024,sensitivity,insertion,b_completa,IF,IF:b_completa,124,248,243,0,0.9798387096774194,119,0.9596774193548387,0.059849292039871216,0.061347760139934475
estresse_pre_dencun_2024,sensitivity,displacement,b_completa,IF,IF:b_completa,463,463,181,7,0.39092872570194387,181,0.39092872570194387,-0.0012701153755187988,-0.0034168981836372524
estresse_pre_dencun_2024,strict,all,c_completa,AE,AE:c_completa,145,269,113,0,0.4200743494423792,31,0.21379310344827587,-0.009131088852882385,0.0002721528969289645
estresse_pre_dencun_2024,strict,insertion,c_completa,AE,AE:c_completa,124,248,112,0,0.45161290322580644,30,0.24193548387096775,-0.006345607340335846,0.005050878911729782
estresse_pre_dencun_2024,strict,displacement,c_completa,AE,AE:c_completa,21,21,1,0,0.047619047619047616,1,0.047619047619047616,-0.04520075023174286,-0.05616232575405212
estresse_pre_dencun_2024,sensitivity,all,c_completa,AE,AE:c_completa,587,711,286,0,0.4022503516174402,204,0.3475298126064736,-0.0026870742440223694,-0.010036321239003653
estresse_pre_dencun_2024,sensitivity,insertion,c_completa,AE,AE:c_completa,124,248,112,0,0.45161290322580644,30,0.24193548387096775,-0.006345607340335846,0.005050878911729782
estresse_pre_dencun_2024,sensitivity,displacement,c_completa,AE,AE:c_completa,463,463,174,0,0.3758099352051836,174,0.3758099352051836,-0.0022808313369750977,-0.018117586114558493
estresse_pre_dencun_2024,strict,all,c_completa,IF,IF:c_completa,145,269,237,0,0.8810408921933085,116,0.8,0.05807265639305115,0.05079022792192197
estresse_pre_dencun_2024,strict,insertion,c_completa,IF,IF:c_completa,124,248,237,0,0.9556451612903226,116,0.9354838709677419,0.05981725454330444,0.05985674298098011
estresse_pre_dencun_2024,strict,displacement,c_completa,IF,IF:c_completa,21,21,0,0,0.0,0,0.0,-0.058912575244903564,-0.056280997537431265
estresse_pre_dencun_2024,sensitivity,all,c_completa,IF,IF:c_completa,587,711,419,5,0.5893108298171589,298,0.5076660988074957,0.002531975507736206,0.01975472684315656
estresse_pre_dencun_2024,sensitivity,insertion,c_completa,IF,IF:c_completa,124,248,237,0,0.9556451612903226,116,0.9354838709677419,0.05981725454330444,0.05985674298098011
estresse_pre_dencun_2024,sensitivity,displacement,c_completa,IF,IF:c_completa,463,463,182,5,0.3930885529157667,182,0.3930885529157667,-0.0011110305786132812,-0.001725402751185209
estresse_pre_dencun_2024,strict,all,b_sem_taxas_absolutas,AE,AE:b_sem_taxas_absolutas,145,269,168,0,0.6245353159851301,81,0.5586206896551724,0.008876629173755646,0.0069502942873421215
estresse_pre_dencun_2024,strict,insertion,b_sem_taxas_absolutas,AE,AE:b_sem_taxas_absolutas,124,248,167,0,0.6733870967741935,80,0.6451612903225806,0.01183437742292881,0.011935659744326145
estresse_pre_dencun_2024,strict,displacement,b_sem_taxas_absolutas,AE,AE:b_sem_taxas_absolutas,21,21,1,0,0.047619047619047616,1,0.047619047619047616,-0.05578363686800003,-0.05192449777608826
estresse_pre_dencun_2024,sensitivity,all,b_sem_taxas_absolutas,AE,AE:b_sem_taxas_absolutas,587,711,360,0,0.5063291139240507,273,0.46507666098807493,3.0025839805603027e-05,0.002947706954472511
estresse_pre_dencun_2024,sensitivity,insertion,b_sem_taxas_absolutas,AE,AE:b_sem_taxas_absolutas,124,248,167,0,0.6733870967741935,80,0.6451612903225806,0.01183437742292881,0.011935659744326145
estresse_pre_dencun_2024,sensitivity,displacement,b_sem_taxas_absolutas,AE,AE:b_sem_taxas_absolutas,463,463,193,0,0.4168466522678186,193,0.4168466522678186,-0.00043986737728118896,-0.0018665744534836475
estresse_pre_dencun_2024,strict,all,b_sem_taxas_absolutas,IF,IF:b_sem_taxas_absolutas,145,269,226,0,0.8401486988847584,112,0.7724137931034483,0.026459604501724243,0.02161878458186153
estresse_pre_dencun_2024,strict,insertion,b_sem_taxas_absolutas,IF,IF:b_sem_taxas_absolutas,124,248,226,0,0.9112903225806451,112,0.9032258064516129,0.027609750628471375,0.030247836704215696
estresse_pre_dencun_2024,strict,displacement,b_sem_taxas_absolutas,IF,IF:b_sem_taxas_absolutas,21,21,0,0,0.0,0,0.0,-0.07582569122314453,-0.08028621191070193
estresse_pre_dencun_2024,sensitivity,all,b_sem_taxas_absolutas,IF,IF:b_sem_taxas_absolutas,587,711,396,3,0.5569620253164557,282,0.4804088586030664,0.0006328821182250977,0.007492446111392036
estresse_pre_dencun_2024,sensitivity,insertion,b_sem_taxas_absolutas,IF,IF:b_sem_taxas_absolutas,124,248,226,0,0.9112903225806451,112,0.9032258064516129,0.027609750628471375,0.030247836704215696
estresse_pre_dencun_2024,sensitivity,displacement,b_sem_taxas_absolutas,IF,IF:b_sem_taxas_absolutas,463,463,170,3,0.367170626349892,170,0.367170626349892,-0.0009986460208892822,-0.0046961864307683695
estresse_pre_dencun_2024,strict,all,c_sem_taxas_absolutas,AE,AE:c_sem_taxas_absolutas,145,269,137,0,0.5092936802973977,64,0.4413793103448276,0.002206675708293915,-0.005137320552505968
estresse_pre_dencun_2024,strict,insertion,c_sem_taxas_absolutas,AE,AE:c_sem_taxas_absolutas,124,248,137,0,0.5524193548387096,64,0.5161290322580645,0.006501816213130951,-0.0007602133667997775
estresse_pre_dencun_2024,strict,displacement,c_sem_taxas_absolutas,AE,AE:c_sem_taxas_absolutas,21,21,0,0,0.0,0,0.0,-0.05008884519338608,-0.05682887207894098
estresse_pre_dencun_2024,sensitivity,all,c_sem_taxas_absolutas,AE,AE:c_sem_taxas_absolutas,587,711,322,0,0.45288326300984527,249,0.424190800681431,-0.00042037665843963623,-0.0018129622676369174
estresse_pre_dencun_2024,sensitivity,insertion,c_sem_taxas_absolutas,AE,AE:c_sem_taxas_absolutas,124,248,137,0,0.5524193548387096,64,0.5161290322580645,0.006501816213130951,-0.0007602133667997775
estresse_pre_dencun_2024,sensitivity,displacement,c_sem_taxas_absolutas,AE,AE:c_sem_taxas_absolutas,463,463,185,0,0.39956803455723544,185,0.39956803455723544,-0.000659555196762085,-0.0023768536875237657
estresse_pre_dencun_2024,strict,all,c_sem_taxas_absolutas,IF,IF:c_sem_taxas_absolutas,145,269,220,0,0.8178438661710037,107,0.7379310344827587,0.02798554301261902,0.022206843896426232
estresse_pre_dencun_2024,strict,insertion,c_sem_taxas_absolutas,IF,IF:c_sem_taxas_absolutas,124,248,220,0,0.8870967741935484,107,0.8629032258064516,0.02984464168548584,0.02966195080549486
estresse_pre_dencun_2024,strict,displacement,c_sem_taxas_absolutas,IF,IF:c_sem_taxas_absolutas,21,21,0,0,0.0,0,0.0,-0.0633358359336853,-0.0658344186487652
estresse_pre_dencun_2024,sensitivity,all,c_sem_taxas_absolutas,IF,IF:c_sem_taxas_absolutas,587,711,393,3,0.5527426160337553,280,0.47700170357751276,0.0008004307746887207,0.007558821416270046
estresse_pre_dencun_2024,sensitivity,insertion,c_sem_taxas_absolutas,IF,IF:c_sem_taxas_absolutas,124,248,220,0,0.8870967741935484,107,0.8629032258064516,0.02984464168548584,0.02966195080549486
estresse_pre_dencun_2024,sensitivity,displacement,c_sem_taxas_absolutas,IF,IF:c_sem_taxas_absolutas,463,463,173,3,0.37365010799136067,173,0.37365010799136067,-0.0008851885795593262,-0.0042804357943730525
transicao_dencun_2024,strict,all,a_completa,AE,AE:a_completa,44,87,54,0,0.6206896551724138,15,0.3409090909090909,0.006566969677805901,0.011453865631215874
transicao_dencun_2024,strict,insertion,a_completa,AE,AE:a_completa,43,86,54,0,0.627906976744186,15,0.3488372093023256,0.006724507547914982,0.01213609743430171
transicao_dencun_2024,strict,displacement,a_completa,AE,AE:a_completa,1,1,0,0,0.0,0,0.0,-0.047218069434165955,-0.047218069434165955
transicao_dencun_2024,sensitivity,all,a_completa,AE,AE:a_completa,116,159,112,0,0.7044025157232704,73,0.6293103448275862,0.003680318593978882,0.007820883803157453
transicao_dencun_2024,sensitivity,insertion,a_completa,AE,AE:a_completa,43,86,54,0,0.627906976744186,15,0.3488372093023256,0.006724507547914982,0.01213609743430171
transicao_dencun_2024,sensitivity,displacement,a_completa,AE,AE:a_completa,73,73,58,0,0.7945205479452054,58,0.7945205479452054,0.003067442332394421,0.0027372074705765467
transicao_dencun_2024,strict,all,a_completa,IF,IF:a_completa,44,87,86,0,0.9885057471264368,43,0.9772727272727273,0.09764134883880615,0.09181695148862641
transicao_dencun_2024,strict,insertion,a_completa,IF,IF:a_completa,43,86,86,0,1.0,43,1.0,0.09765540063381195,0.09431052138639051
transicao_dencun_2024,strict,displacement,a_completa,IF,IF:a_completa,1,1,0,0,0.0,0,0.0,-0.1226300597190857,-0.1226300597190857
transicao_dencun_2024,sensitivity,all,a_completa,IF,IF:a_completa,116,159,109,1,0.6855345911949685,66,0.5689655172413793,0.03152048587799072,0.04886167679192885
transicao_dencun_2024,sensitivity,insertion,a_completa,IF,IF:a_completa,43,86,86,0,1.0,43,1.0,0.09765540063381195,0.09431052138639051
transicao_dencun_2024,sensitivity,displacement,a_completa,IF,IF:a_completa,73,73,23,1,0.3150684931506849,23,0.3150684931506849,-0.0030107200145721436,-0.004680797661820503
transicao_dencun_2024,strict,all,b_completa,AE,AE:b_completa,44,87,37,0,0.42528735632183906,12,0.2727272727272727,-0.008423373103141785,-0.00408682863003221
transicao_dencun_2024,strict,insertion,b_completa,AE,AE:b_completa,43,86,37,0,0.43023255813953487,12,0.27906976744186046,-0.00785035640001297,-0.003291732718258403
transicao_dencun_2024,strict,displacement,b_completa,AE,AE:b_completa,1,1,0,0,0.0,0,0.0,-0.07246507704257965,-0.07246507704257965
transicao_dencun_2024,sensitivity,all,b_completa,AE,AE:b_completa,116,159,83,0,0.5220125786163522,58,0.5,0.001391589641571045,-0.0015483070867803861
transicao_dencun_2024,sensitivity,insertion,b_completa,AE,AE:b_completa,43,86,37,0,0.43023255813953487,12,0.27906976744186046,-0.00785035640001297,-0.003291732718258403
transicao_dencun_2024,sensitivity,displacement,b_completa,AE,AE:b_completa,73,73,46,0,0.6301369863013698,46,0.6301369863013698,0.002508297562599182,0.0005055916023580995
transicao_dencun_2024,strict,all,b_completa,IF,IF:b_completa,44,87,84,0,0.9655172413793104,41,0.9318181818181818,0.06489881873130798,0.05938868961114993
transicao_dencun_2024,strict,insertion,b_completa,IF,IF:b_completa,43,86,84,0,0.9767441860465116,41,0.9534883720930233,0.06512786448001862,0.061180054794910343
transicao_dencun_2024,strict,displacement,b_completa,IF,IF:b_completa,1,1,0,0,0.0,0,0.0,-0.09466871619224548,-0.09466871619224548
transicao_dencun_2024,sensitivity,all,b_completa,IF,IF:b_completa,116,159,109,0,0.6855345911949685,66,0.5689655172413793,0.019228100776672363,0.03179396829515133
transicao_dencun_2024,sensitivity,insertion,b_completa,IF,IF:b_completa,43,86,84,0,0.9767441860465116,41,0.9534883720930233,0.06512786448001862,0.061180054794910343
transicao_dencun_2024,sensitivity,displacement,b_completa,IF,IF:b_completa,73,73,25,0,0.3424657534246575,25,0.3424657534246575,-0.0017644762992858887,-0.0028252568963455828
transicao_dencun_2024,strict,all,c_completa,AE,AE:c_completa,44,87,33,0,0.3793103448275862,6,0.13636363636363635,-0.01677018404006958,-0.014790141805150044
transicao_dencun_2024,strict,insertion,c_completa,AE,AE:c_completa,43,86,33,0,0.38372093023255816,6,0.13953488372093023,-0.016722027212381363,-0.01344062795126161
transicao_dencun_2024,strict,displacement,c_completa,AE,AE:c_completa,1,1,0,0,0.0,0,0.0,-0.13084833323955536,-0.13084833323955536
transicao_dencun_2024,sensitivity,all,c_completa,AE,AE:c_completa,116,159,49,0,0.3081761006289308,22,0.1896551724137931,-0.012531191110610962,-0.01940626967346893
transicao_dencun_2024,sensitivity,insertion,c_completa,AE,AE:c_completa,43,86,33,0,0.38372093023255816,6,0.13953488372093023,-0.016722027212381363,-0.01344062795126161
transicao_dencun_2024,sensitivity,displacement,c_completa,AE,AE:c_completa,73,73,16,0,0.2191780821917808,16,0.2191780821917808,-0.00951443612575531,-0.026434285948946052
transicao_dencun_2024,strict,all,c_completa,IF,IF:c_completa,44,87,85,0,0.9770114942528736,42,0.9545454545454546,0.06052425503730774,0.062345938435916244
transicao_dencun_2024,strict,insertion,c_completa,IF,IF:c_completa,43,86,85,0,0.9883720930232558,42,0.9767441860465116,0.060970962047576904,0.06384265700051951
transicao_dencun_2024,strict,displacement,c_completa,IF,IF:c_completa,1,1,0,0,0.0,0,0.0,-0.0663718581199646,-0.0663718581199646
transicao_dencun_2024,sensitivity,all,c_completa,IF,IF:c_completa,116,159,111,0,0.6981132075471698,68,0.5862068965517241,0.018776893615722656,0.03337246666914262
transicao_dencun_2024,sensitivity,insertion,c_completa,IF,IF:c_completa,43,86,85,0,0.9883720930232558,42,0.9767441860465116,0.060970962047576904,0.06384265700051951
transicao_dencun_2024,sensitivity,displacement,c_completa,IF,IF:c_completa,73,73,26,0,0.3561643835616438,26,0.3561643835616438,-0.0014926791191101074,-0.002523921940424671
transicao_dencun_2024,strict,all,b_sem_taxas_absolutas,AE,AE:b_sem_taxas_absolutas,44,87,57,0,0.6551724137931034,27,0.6136363636363636,0.009926259517669678,0.014053872583070021
transicao_dencun_2024,strict,insertion,b_sem_taxas_absolutas,AE,AE:b_sem_taxas_absolutas,43,86,57,0,0.6627906976744186,27,0.627906976744186,0.010104643180966377,0.01510727412045695
transicao_dencun_2024,strict,displacement,b_sem_taxas_absolutas,AE,AE:b_sem_taxas_absolutas,1,1,0,0,0.0,0,0.0,-0.07653865963220596,-0.07653865963220596
transicao_dencun_2024,sensitivity,all,b_sem_taxas_absolutas,AE,AE:b_sem_taxas_absolutas,116,159,86,0,0.5408805031446541,56,0.4827586206896552,0.001894541084766388,0.007735367079482139
transicao_dencun_2024,sensitivity,insertion,b_sem_taxas_absolutas,AE,AE:b_sem_taxas_absolutas,43,86,57,0,0.6627906976744186,27,0.627906976744186,0.010104643180966377,0.01510727412045695
transicao_dencun_2024,sensitivity,displacement,b_sem_taxas_absolutas,AE,AE:b_sem_taxas_absolutas,73,73,29,0,0.3972602739726027,29,0.3972602739726027,-0.0006296336650848389,-0.0009493453249539415
transicao_dencun_2024,strict,all,b_sem_taxas_absolutas,IF,IF:b_sem_taxas_absolutas,44,87,84,0,0.9655172413793104,42,0.9545454545454546,0.027312904596328735,0.031093011642324513
transicao_dencun_2024,strict,insertion,b_sem_taxas_absolutas,IF,IF:b_sem_taxas_absolutas,43,86,84,0,0.9767441860465116,42,0.9767441860465116,0.027479693293571472,0.03268909835538199
transicao_dencun_2024,strict,displacement,b_sem_taxas_absolutas,IF,IF:b_sem_taxas_absolutas,1,1,0,0,0.0,0,0.0,-0.10617044568061829,-0.10617044568061829
transicao_dencun_2024,sensitivity,all,b_sem_taxas_absolutas,IF,IF:b_sem_taxas_absolutas,116,159,110,0,0.6918238993710691,68,0.5862068965517241,0.00754547119140625,0.015785914547038527
transicao_dencun_2024,sensitivity,insertion,b_sem_taxas_absolutas,IF,IF:b_sem_taxas_absolutas,43,86,84,0,0.9767441860465116,42,0.9767441860465116,0.027479693293571472,0.03268909835538199
transicao_dencun_2024,sensitivity,displacement,b_sem_taxas_absolutas,IF,IF:b_sem_taxas_absolutas,73,73,26,0,0.3561643835616438,26,0.3561643835616438,-0.0015992820262908936,-0.004127425281968835
transicao_dencun_2024,strict,all,c_sem_taxas_absolutas,AE,AE:c_sem_taxas_absolutas,44,87,48,0,0.5517241379310345,21,0.4772727272727273,0.005657263100147247,0.003918070731491878
transicao_dencun_2024,strict,insertion,c_sem_taxas_absolutas,AE,AE:c_sem_taxas_absolutas,43,86,48,0,0.5581395348837209,21,0.4883720930232558,0.006006404757499695,0.005534999765628992
transicao_dencun_2024,strict,displacement,c_sem_taxas_absolutas,AE,AE:c_sem_taxas_absolutas,1,1,0,0,0.0,0,0.0,-0.13513782620429993,-0.13513782620429993
transicao_dencun_2024,sensitivity,all,c_sem_taxas_absolutas,AE,AE:c_sem_taxas_absolutas,116,159,74,0,0.46540880503144655,47,0.4051724137931034,-0.00032857805490493774,0.0016124604398724419
transicao_dencun_2024,sensitivity,insertion,c_sem_taxas_absolutas,AE,AE:c_sem_taxas_absolutas,43,86,48,0,0.5581395348837209,21,0.4883720930232558,0.006006404757499695,0.005534999765628992
transicao_dencun_2024,sensitivity,displacement,c_sem_taxas_absolutas,AE,AE:c_sem_taxas_absolutas,73,73,26,0,0.3561643835616438,26,0.3561643835616438,-0.0008266717195510864,-0.0030086132863613026
transicao_dencun_2024,strict,all,c_sem_taxas_absolutas,IF,IF:c_sem_taxas_absolutas,44,87,83,0,0.9540229885057471,40,0.9090909090909091,0.029898226261138916,0.030741351774369163
transicao_dencun_2024,strict,insertion,c_sem_taxas_absolutas,IF,IF:c_sem_taxas_absolutas,43,86,83,0,0.9651162790697675,40,0.9302325581395349,0.03041955828666687,0.03203114278094713
transicao_dencun_2024,strict,displacement,c_sem_taxas_absolutas,IF,IF:c_sem_taxas_absolutas,1,1,0,0,0.0,0,0.0,-0.08018067479133606,-0.08018067479133606
transicao_dencun_2024,sensitivity,all,c_sem_taxas_absolutas,IF,IF:c_sem_taxas_absolutas,116,159,104,0,0.6540880503144654,61,0.5258620689655172,0.011010915040969849,0.015450378259023031
transicao_dencun_2024,sensitivity,insertion,c_sem_taxas_absolutas,IF,IF:c_sem_taxas_absolutas,43,86,83,0,0.9651162790697675,40,0.9302325581395349,0.03041955828666687,0.03203114278094713
transicao_dencun_2024,sensitivity,displacement,c_sem_taxas_absolutas,IF,IF:c_sem_taxas_absolutas,73,73,21,0,0.2876712328767123,21,0.2876712328767123,-0.001727283000946045,-0.004083125150367005
treino_2024_pos_dencun,strict,all,a_completa,AE,AE:a_completa,622,1203,750,0,0.6234413965087282,291,0.4678456591639871,0.005639309994876385,0.004746149148922088
treino_2024_pos_dencun,strict,insertion,a_completa,AE,AE:a_completa,581,1162,749,0,0.6445783132530121,290,0.4991394148020654,0.006281091365963221,0.007597500183250877
treino_2024_pos_dencun,strict,displacement,a_completa,AE,AE:a_completa,41,41,1,0,0.024390243902439025,1,0.024390243902439025,-0.07123914361000061,-0.0760653118727865
treino_2024_pos_dencun,sensitivity,all,a_completa,AE,AE:a_completa,2017,2598,1980,0,0.7621247113163973,1521,0.7540902330193356,0.003394927829504013,0.0045110325763121056
treino_2024_pos_dencun,sensitivity,insertion,a_completa,AE,AE:a_completa,581,1162,749,0,0.6445783132530121,290,0.4991394148020654,0.006281091365963221,0.007597500183250877
treino_2024_pos_dencun,sensitivity,displacement,a_completa,AE,AE:a_completa,1436,1436,1231,0,0.8572423398328691,1231,0.8572423398328691,0.002867620438337326,0.002013487061505105
treino_2024_pos_dencun,strict,all,a_completa,IF,IF:a_completa,622,1203,1060,0,0.8811305070656692,485,0.7797427652733119,0.08017852902412415,0.07191395952814535
treino_2024_pos_dencun,strict,insertion,a_completa,IF,IF:a_completa,581,1162,1060,0,0.9122203098106713,485,0.8347676419965576,0.08266282081604004,0.07873586687081446
treino_2024_pos_dencun,strict,displacement,a_completa,IF,IF:a_completa,41,41,0,0,0.0,0,0.0,-0.11837020516395569,-0.12142887784213555
treino_2024_pos_dencun,sensitivity,all,a_completa,IF,IF:a_completa,2017,2598,1520,2,0.5850654349499615,945,0.46851760039662865,0.004028111696243286,0.033016741080776006
treino_2024_pos_dencun,sensitivity,insertion,a_completa,IF,IF:a_completa,581,1162,1060,0,0.9122203098106713,485,0.8347676419965576,0.08266282081604004,0.07873586687081446
treino_2024_pos_dencun,sensitivity,displacement,a_completa,IF,IF:a_completa,1436,1436,460,2,0.3203342618384401,460,0.3203342618384401,-0.0025773346424102783,-0.003978818924812221
treino_2024_pos_dencun,strict,all,b_completa,AE,AE:b_completa,622,1203,631,0,0.5245220282626767,222,0.35691318327974275,0.0026994049549102783,0.004093287161188332
treino_2024_pos_dencun,strict,insertion,b_completa,AE,AE:b_completa,581,1162,631,0,0.5430292598967298,222,0.38209982788296043,0.006063781678676605,0.006082743585827839
treino_2024_pos_dencun,strict,displacement,b_completa,AE,AE:b_completa,41,41,0,0,0.0,0,0.0,-0.045056939125061035,-0.05229081931274112
treino_2024_pos_dencun,sensitivity,all,b_completa,AE,AE:b_completa,2017,2598,1584,0,0.6096997690531177,1175,0.5825483391175013,0.0021536871790885925,0.0029634588374379874
treino_2024_pos_dencun,sensitivity,insertion,b_completa,AE,AE:b_completa,581,1162,631,0,0.5430292598967298,222,0.38209982788296043,0.006063781678676605,0.006082743585827839
treino_2024_pos_dencun,sensitivity,displacement,b_completa,AE,AE:b_completa,1436,1436,953,0,0.6636490250696379,953,0.6636490250696379,0.0019087642431259155,0.00043935794772419424
treino_2024_pos_dencun,strict,all,b_completa,IF,IF:b_completa,622,1203,1094,0,0.9093931837073982,518,0.8327974276527331,0.060631752014160156,0.053219797704384314
treino_2024_pos_dencun,strict,insertion,b_completa,IF,IF:b_completa,581,1162,1094,0,0.9414802065404475,518,0.891566265060241,0.061862245202064514,0.05836066454905446
treino_2024_pos_dencun,strict,displacement,b_completa,IF,IF:b_completa,41,41,0,0,0.0,0,0.0,-0.0890977680683136,-0.09247989189334033
treino_2024_pos_dencun,sensitivity,all,b_completa,IF,IF:b_completa,2017,2598,1549,2,0.5962278675904542,973,0.4823996033713436,0.004177659749984741,0.024203522662826462
treino_2024_pos_dencun,sensitivity,insertion,b_completa,IF,IF:b_completa,581,1162,1094,0,0.9414802065404475,518,0.891566265060241,0.061862245202064514,0.05836066454905446
treino_2024_pos_dencun,sensitivity,displacement,b_completa,IF,IF:b_completa,1436,1436,455,2,0.3168523676880223,455,0.3168523676880223,-0.001819714903831482,-0.0034361701448315696
treino_2024_pos_dencun,strict,all,c_completa,AE,AE:c_completa,622,1203,621,0,0.516209476309227,224,0.36012861736334406,0.0018989071249961853,0.006379516056722536
treino_2024_pos_dencun,strict,insertion,c_completa,AE,AE:c_completa,581,1162,621,0,0.5344234079173839,224,0.3855421686746988,0.0038725771009922028,0.009288540933915958
treino_2024_pos_dencun,strict,displacement,c_completa,AE,AE:c_completa,41,41,0,0,0.0,0,0.0,-0.06709420680999756,-0.07606650607251539
treino_2024_pos_dencun,sensitivity,all,c_completa,AE,AE:c_completa,2017,2598,1015,0,0.39068514241724406,618,0.30639563708477935,-0.0054846107959747314,-0.008243522940173435
treino_2024_pos_dencun,sensitivity,insertion,c_completa,AE,AE:c_completa,581,1162,621,0,0.5344234079173839,224,0.3855421686746988,0.0038725771009922028,0.009288540933915958
treino_2024_pos_dencun,sensitivity,displacement,c_completa,AE,AE:c_completa,1436,1436,394,0,0.2743732590529248,394,0.2743732590529248,-0.00916288048028946,-0.02243033228675552
treino_2024_pos_dencun,strict,all,c_completa,IF,IF:c_completa,622,1203,1087,0,0.9035743973399833,515,0.8279742765273312,0.059644222259521484,0.053141158962883954
treino_2024_pos_dencun,strict,insertion,c_completa,IF,IF:c_completa,581,1162,1087,0,0.9354561101549054,515,0.8864027538726333,0.061542510986328125,0.05760029271219355
treino_2024_pos_dencun,strict,displacement,c_completa,IF,IF:c_completa,41,41,0,0,0.0,0,0.0,-0.07233113050460815,-0.07323721705413447
treino_2024_pos_dencun,sensitivity,all,c_completa,IF,IF:c_completa,2017,2598,1572,4,0.605080831408776,1000,0.495785820525533,0.004282400012016296,0.024738547937791105
treino_2024_pos_dencun,sensitivity,insertion,c_completa,IF,IF:c_completa,581,1162,1087,0,0.9354561101549054,515,0.8864027538726333,0.061542510986328125,0.05760029271219355
treino_2024_pos_dencun,sensitivity,displacement,c_completa,IF,IF:c_completa,1436,1436,485,4,0.33774373259052926,485,0.33774373259052926,-0.0017659515142440796,-0.0018529196303534972
treino_2024_pos_dencun,strict,all,b_sem_taxas_absolutas,AE,AE:b_sem_taxas_absolutas,622,1203,804,0,0.6683291770573566,376,0.6045016077170418,0.013990737497806549,0.012812546070383325
treino_2024_pos_dencun,strict,insertion,b_sem_taxas_absolutas,AE,AE:b_sem_taxas_absolutas,581,1162,804,0,0.6919104991394148,376,0.6471600688468159,0.015020625665783882,0.015663252345153263
treino_2024_pos_dencun,strict,displacement,b_sem_taxas_absolutas,AE,AE:b_sem_taxas_absolutas,41,41,0,0,0.0,0,0.0,-0.061986543238162994,-0.06798064152187691
treino_2024_pos_dencun,sensitivity,all,b_sem_taxas_absolutas,AE,AE:b_sem_taxas_absolutas,2017,2598,1338,0,0.5150115473441108,910,0.451165096678235,0.00010837242007255554,0.005656421718311663
treino_2024_pos_dencun,sensitivity,insertion,b_sem_taxas_absolutas,AE,AE:b_sem_taxas_absolutas,581,1162,804,0,0.6919104991394148,376,0.6471600688468159,0.015020625665783882,0.015663252345153263
treino_2024_pos_dencun,sensitivity,displacement,b_sem_taxas_absolutas,AE,AE:b_sem_taxas_absolutas,1436,1436,534,0,0.37186629526462395,534,0.37186629526462395,-0.000787295401096344,-0.0024410275772245066
treino_2024_pos_dencun,strict,all,b_sem_taxas_absolutas,IF,IF:b_sem_taxas_absolutas,622,1203,1057,0,0.8786367414796342,517,0.8311897106109325,0.033855944871902466,0.02932098832411857
treino_2024_pos_dencun,strict,insertion,b_sem_taxas_absolutas,IF,IF:b_sem_taxas_absolutas,581,1162,1057,0,0.9096385542168675,517,0.8898450946643718,0.03453022241592407,0.033813587898026236
treino_2024_pos_dencun,strict,displacement,b_sem_taxas_absolutas,IF,IF:b_sem_taxas_absolutas,41,41,0,0,0.0,0,0.0,-0.09551310539245605,-0.0980058581363864
treino_2024_pos_dencun,sensitivity,all,b_sem_taxas_absolutas,IF,IF:b_sem_taxas_absolutas,2017,2598,1523,2,0.5862201693610469,983,0.4873574615765989,0.0017272979021072388,0.0125437259123452
treino_2024_pos_dencun,sensitivity,insertion,b_sem_taxas_absolutas,IF,IF:b_sem_taxas_absolutas,581,1162,1057,0,0.9096385542168675,517,0.8898450946643718,0.03453022241592407,0.033813587898026236
treino_2024_pos_dencun,sensitivity,displacement,b_sem_taxas_absolutas,IF,IF:b_sem_taxas_absolutas,1436,1436,466,2,0.3245125348189415,466,0.3245125348189415,-0.0015411376953125,-0.004667680513393912
treino_2024_pos_dencun,strict,all,c_sem_taxas_absolutas,AE,AE:c_sem_taxas_absolutas,622,1203,633,0,0.5261845386533666,286,0.45980707395498394,0.0027857497334480286,0.0008034311228757685
treino_2024_pos_dencun,strict,insertion,c_sem_taxas_absolutas,AE,AE:c_sem_taxas_absolutas,581,1162,633,0,0.544750430292599,286,0.49225473321858865,0.004558037966489792,0.003216564461345209
treino_2024_pos_dencun,strict,displacement,c_sem_taxas_absolutas,AE,AE:c_sem_taxas_absolutas,41,41,0,0,0.0,0,0.0,-0.05521555244922638,-0.06758829910398984
treino_2024_pos_dencun,sensitivity,all,c_sem_taxas_absolutas,AE,AE:c_sem_taxas_absolutas,2017,2598,1134,0,0.43648960739030024,787,0.39018344075359446,-0.0007000714540481567,5.1779238029660584e-05
treino_2024_pos_dencun,sensitivity,insertion,c_sem_taxas_absolutas,AE,AE:c_sem_taxas_absolutas,581,1162,633,0,0.544750430292599,286,0.49225473321858865,0.004558037966489792,0.003216564461345209
treino_2024_pos_dencun,sensitivity,displacement,c_sem_taxas_absolutas,AE,AE:c_sem_taxas_absolutas,1436,1436,501,0,0.3488857938718663,501,0.3488857938718663,-0.0010381154716014862,-0.0025091402811156507
treino_2024_pos_dencun,strict,all,c_sem_taxas_absolutas,IF,IF:c_sem_taxas_absolutas,622,1203,1027,0,0.8536990856192851,498,0.8006430868167203,0.03265640139579773,0.02838226766360371
treino_2024_pos_dencun,strict,insertion,c_sem_taxas_absolutas,IF,IF:c_sem_taxas_absolutas,581,1162,1027,0,0.8838209982788297,498,0.8571428571428571,0.03354176878929138,0.032298498535320394
treino_2024_pos_dencun,strict,displacement,c_sem_taxas_absolutas,IF,IF:c_sem_taxas_absolutas,41,41,0,0,0.0,0,0.0,-0.08004850149154663,-0.0826094463104155
treino_2024_pos_dencun,sensitivity,all,c_sem_taxas_absolutas,IF,IF:c_sem_taxas_absolutas,2017,2598,1520,3,0.5850654349499615,991,0.49132374814080315,0.0015833079814910889,0.012163751934288647
treino_2024_pos_dencun,sensitivity,insertion,c_sem_taxas_absolutas,IF,IF:c_sem_taxas_absolutas,581,1162,1027,0,0.8838209982788297,498,0.8571428571428571,0.03354176878929138,0.032298498535320394
treino_2024_pos_dencun,sensitivity,displacement,c_sem_taxas_absolutas,IF,IF:c_sem_taxas_absolutas,1436,1436,493,3,0.34331476323119775,493,0.34331476323119775,-0.0015837401151657104,-0.004129127975459883
validacao_2025_pre_pectra,strict,all,a_completa,AE,AE:a_completa,349,686,349,0,0.5087463556851312,141,0.4040114613180516,0.0005419626832008362,-0.003588885702559339
validacao_2025_pre_pectra,strict,insertion,a_completa,AE,AE:a_completa,337,674,349,0,0.5178041543026706,141,0.41839762611275966,0.001142255961894989,-0.00223216069730977
validacao_2025_pre_pectra,strict,displacement,a_completa,AE,AE:a_completa,12,12,0,0,0.0,0,0.0,-0.07467358559370041,-0.07979160683074345
validacao_2025_pre_pectra,sensitivity,all,a_completa,AE,AE:a_completa,500,837,437,0,0.5221027479091995,229,0.458,0.0005522109568119049,-0.002931220027458995
validacao_2025_pre_pectra,sensitivity,insertion,a_completa,AE,AE:a_completa,337,674,349,0,0.5178041543026706,141,0.41839762611275966,0.001142255961894989,-0.00223216069730977
validacao_2025_pre_pectra,sensitivity,displacement,a_completa,AE,AE:a_completa,163,163,88,0,0.5398773006134969,88,0.5398773006134969,0.00014482438564300537,-0.005821808914088307
validacao_2025_pre_pectra,strict,all,a_completa,IF,IF:a_completa,349,686,501,0,0.7303206997084548,176,0.504297994269341,0.05435466766357422,0.04872198159597358
validacao_2025_pre_pectra,strict,insertion,a_completa,IF,IF:a_completa,337,674,501,0,0.7433234421364985,176,0.5222551928783383,0.05733202397823334,0.0514429301819391
validacao_2025_pre_pectra,strict,displacement,a_completa,IF,IF:a_completa,12,12,0,0,0.0,0,0.0,-0.10892170667648315,-0.10410463064908981
validacao_2025_pre_pectra,sensitivity,all,a_completa,IF,IF:a_completa,500,837,550,1,0.6571087216248507,225,0.45,0.030188322067260742,0.039527791482146066
validacao_2025_pre_pectra,sensitivity,insertion,a_completa,IF,IF:a_completa,337,674,501,0,0.7433234421364985,176,0.5222551928783383,0.05733202397823334,0.0514429301819391
validacao_2025_pre_pectra,sensitivity,displacement,a_completa,IF,IF:a_completa,163,163,49,1,0.3006134969325153,49,0.3006134969325153,-0.0038828253746032715,-0.009740941546445975
validacao_2025_pre_pectra,strict,all,b_completa,AE,AE:b_completa,349,686,339,0,0.49416909620991256,123,0.3524355300859599,-0.0008506178855895996,0.0012875227827806861
validacao_2025_pre_pectra,strict,insertion,b_completa,AE,AE:b_completa,337,674,338,0,0.5014836795252225,122,0.3620178041543027,9.95732843875885e-05,0.002191505751376336
validacao_2025_pre_pectra,strict,displacement,b_completa,AE,AE:b_completa,12,12,1,0,0.08333333333333333,1,0.08333333333333333,-0.04439139366149902,-0.049486187286674976
validacao_2025_pre_pectra,sensitivity,all,b_completa,AE,AE:b_completa,500,837,431,0,0.5149342891278376,215,0.43,0.00032494962215423584,0.0012016748183873106
validacao_2025_pre_pectra,sensitivity,insertion,b_completa,AE,AE:b_completa,337,674,338,0,0.5014836795252225,122,0.3620178041543027,9.95732843875885e-05,0.002191505751376336
validacao_2025_pre_pectra,sensitivity,displacement,b_completa,AE,AE:b_completa,163,163,93,0,0.5705521472392638,93,0.5705521472392638,0.000490725040435791,-0.002891245726610254
validacao_2025_pre_pectra,strict,all,b_completa,IF,IF:b_completa,349,686,566,0,0.8250728862973761,231,0.66189111747851,0.047951504588127136,0.04486941474519735
validacao_2025_pre_pectra,strict,insertion,b_completa,IF,IF:b_completa,337,674,566,0,0.8397626112759644,231,0.685459940652819,0.049476027488708496,0.04715060648295575
validacao_2025_pre_pectra,strict,displacement,b_completa,IF,IF:b_completa,12,12,0,0,0.0,0,0.0,-0.08608010411262512,-0.08325752119223277
validacao_2025_pre_pectra,sensitivity,all,b_completa,IF,IF:b_completa,500,837,608,0,0.7264038231780168,273,0.546,0.03460150957107544,0.036504348546373376
validacao_2025_pre_pectra,sensitivity,insertion,b_completa,IF,IF:b_completa,337,674,566,0,0.8397626112759644,231,0.685459940652819,0.049476027488708496,0.04715060648295575
validacao_2025_pre_pectra,sensitivity,displacement,b_completa,IF,IF:b_completa,163,163,42,0,0.25766871165644173,42,0.25766871165644173,-0.002347886562347412,-0.007517601449065413
validacao_2025_pre_pectra,strict,all,c_completa,AE,AE:c_completa,349,686,347,0,0.5058309037900874,120,0.3438395415472779,0.0004650093615055084,0.001247032819744797
validacao_2025_pre_pectra,strict,insertion,c_completa,AE,AE:c_completa,337,674,347,0,0.5148367952522255,120,0.3560830860534125,0.0015341490507125854,0.002406371591574007
validacao_2025_pre_pectra,strict,displacement,c_completa,AE,AE:c_completa,12,12,0,0,0.0,0,0.0,-0.05442219600081444,-0.06386916153132915
validacao_2025_pre_pectra,sensitivity,all,c_completa,AE,AE:c_completa,500,837,383,0,0.45758661887694146,156,0.312,-0.003460437059402466,-0.0011706360601324904
validacao_2025_pre_pectra,sensitivity,insertion,c_completa,AE,AE:c_completa,337,674,347,0,0.5148367952522255,120,0.3560830860534125,0.0015341490507125854,0.002406371591574007
validacao_2025_pre_pectra,sensitivity,displacement,c_completa,AE,AE:c_completa,163,163,36,0,0.22085889570552147,36,0.22085889570552147,-0.010350197553634644,-0.01596145297577776
validacao_2025_pre_pectra,strict,all,c_completa,IF,IF:c_completa,349,686,572,0,0.8338192419825073,238,0.6819484240687679,0.050793036818504333,0.04622427471872669
validacao_2025_pre_pectra,strict,insertion,c_completa,IF,IF:c_completa,337,674,572,0,0.8486646884272997,238,0.7062314540059347,0.05222471058368683,0.048308755727125556
validacao_2025_pre_pectra,strict,displacement,c_completa,IF,IF:c_completa,12,12,0,0,0.0,0,0.0,-0.06849586963653564,-0.0708540752530098
validacao_2025_pre_pectra,sensitivity,all,c_completa,IF,IF:c_completa,500,837,624,2,0.7455197132616488,290,0.58,0.03468048572540283,0.037792169243061696
validacao_2025_pre_pectra,sensitivity,insertion,c_completa,IF,IF:c_completa,337,674,572,0,0.8486646884272997,238,0.7062314540059347,0.05222471058368683,0.048308755727125556
validacao_2025_pre_pectra,sensitivity,displacement,c_completa,IF,IF:c_completa,163,163,52,2,0.31901840490797545,52,0.31901840490797545,-0.002291738986968994,-0.005693593273864934
validacao_2025_pre_pectra,strict,all,b_sem_taxas_absolutas,AE,AE:b_sem_taxas_absolutas,349,686,488,0,0.7113702623906706,229,0.6561604584527221,0.020323574542999268,0.019788596616194476
validacao_2025_pre_pectra,strict,insertion,b_sem_taxas_absolutas,AE,AE:b_sem_taxas_absolutas,337,674,487,0,0.7225519287833828,228,0.6765578635014837,0.021051887422800064,0.02128126318580319
validacao_2025_pre_pectra,strict,displacement,b_sem_taxas_absolutas,AE,AE:b_sem_taxas_absolutas,12,12,1,0,0.08333333333333333,1,0.08333333333333333,-0.06616144813597202,-0.06404950904349486
validacao_2025_pre_pectra,sensitivity,all,b_sem_taxas_absolutas,AE,AE:b_sem_taxas_absolutas,500,837,544,0,0.6499402628434886,285,0.57,0.010359182953834534,0.016096548999580716
validacao_2025_pre_pectra,sensitivity,insertion,b_sem_taxas_absolutas,AE,AE:b_sem_taxas_absolutas,337,674,487,0,0.7225519287833828,228,0.6765578635014837,0.021051887422800064,0.02128126318580319
validacao_2025_pre_pectra,sensitivity,displacement,b_sem_taxas_absolutas,AE,AE:b_sem_taxas_absolutas,163,163,57,0,0.3496932515337423,57,0.3496932515337423,-0.0008984208106994629,-0.005342085120136753
validacao_2025_pre_pectra,strict,all,b_sem_taxas_absolutas,IF,IF:b_sem_taxas_absolutas,349,686,589,0,0.858600583090379,285,0.8166189111747851,0.032284215092659,0.029090581977680195
validacao_2025_pre_pectra,strict,insertion,b_sem_taxas_absolutas,IF,IF:b_sem_taxas_absolutas,337,674,589,0,0.8738872403560831,285,0.8456973293768546,0.03302943706512451,0.031211130343134396
validacao_2025_pre_pectra,strict,displacement,b_sem_taxas_absolutas,IF,IF:b_sem_taxas_absolutas,12,12,0,0,0.0,0,0.0,-0.09291557967662811,-0.09001355121533076
validacao_2025_pre_pectra,sensitivity,all,b_sem_taxas_absolutas,IF,IF:b_sem_taxas_absolutas,500,837,639,0,0.7634408602150538,335,0.67,0.025817185640335083,0.023641428390569014
validacao_2025_pre_pectra,sensitivity,insertion,b_sem_taxas_absolutas,IF,IF:b_sem_taxas_absolutas,337,674,589,0,0.8738872403560831,285,0.8456973293768546,0.03302943706512451,0.031211130343134396
validacao_2025_pre_pectra,sensitivity,displacement,b_sem_taxas_absolutas,IF,IF:b_sem_taxas_absolutas,163,163,50,0,0.3067484662576687,50,0.3067484662576687,-0.0018075406551361084,-0.00765905698384244
validacao_2025_pre_pectra,strict,all,c_sem_taxas_absolutas,AE,AE:c_sem_taxas_absolutas,349,686,390,0,0.5685131195335277,176,0.504297994269341,0.009741481393575668,0.006260611350395589
validacao_2025_pre_pectra,strict,insertion,c_sem_taxas_absolutas,AE,AE:c_sem_taxas_absolutas,337,674,390,0,0.5786350148367952,176,0.5222551928783383,0.010635115206241608,0.007641554647056214
validacao_2025_pre_pectra,strict,displacement,c_sem_taxas_absolutas,AE,AE:c_sem_taxas_absolutas,12,12,0,0,0.0,0,0.0,-0.05969293788075447,-0.07130237047870953
validacao_2025_pre_pectra,sensitivity,all,c_sem_taxas_absolutas,AE,AE:c_sem_taxas_absolutas,500,837,454,0,0.5424133811230586,240,0.48,0.0019928589463233948,0.005152715114140026
validacao_2025_pre_pectra,sensitivity,insertion,c_sem_taxas_absolutas,AE,AE:c_sem_taxas_absolutas,337,674,390,0,0.5786350148367952,176,0.5222551928783383,0.010635115206241608,0.007641554647056214
validacao_2025_pre_pectra,sensitivity,displacement,c_sem_taxas_absolutas,AE,AE:c_sem_taxas_absolutas,163,163,64,0,0.39263803680981596,64,0.39263803680981596,-0.0008758679032325745,-0.005138560009697464
validacao_2025_pre_pectra,strict,all,c_sem_taxas_absolutas,IF,IF:c_sem_taxas_absolutas,349,686,561,0,0.8177842565597667,270,0.7736389684813754,0.03172333538532257,0.028505811060482836
validacao_2025_pre_pectra,strict,insertion,c_sem_taxas_absolutas,IF,IF:c_sem_taxas_absolutas,337,674,561,0,0.8323442136498517,270,0.8011869436201781,0.03307287395000458,0.03039675261217338
validacao_2025_pre_pectra,strict,displacement,c_sem_taxas_absolutas,IF,IF:c_sem_taxas_absolutas,12,12,0,0,0.0,0,0.0,-0.08200867474079132,-0.07770207275946935
validacao_2025_pre_pectra,sensitivity,all,c_sem_taxas_absolutas,IF,IF:c_sem_taxas_absolutas,500,837,618,0,0.7383512544802867,327,0.654,0.02328142523765564,0.023180007222447913
validacao_2025_pre_pectra,sensitivity,insertion,c_sem_taxas_absolutas,IF,IF:c_sem_taxas_absolutas,337,674,561,0,0.8323442136498517,270,0.8011869436201781,0.03307287395000458,0.03039675261217338
validacao_2025_pre_pectra,sensitivity,displacement,c_sem_taxas_absolutas,IF,IF:c_sem_taxas_absolutas,163,163,57,0,0.3496932515337423,57,0.3496932515337423,-0.001084446907043457,-0.006661013591508924
transicao_pectra_2025,strict,all,a_completa,AE,AE:a_completa,70,139,73,0,0.5251798561151079,29,0.4142857142857143,0.0021331757307052612,0.0006672580451738062
transicao_pectra_2025,strict,insertion,a_completa,AE,AE:a_completa,69,138,73,0,0.5289855072463768,29,0.42028985507246375,0.0022625261917710304,0.0010573725971946683
transicao_pectra_2025,strict,displacement,a_completa,AE,AE:a_completa,1,1,0,0,0.0,0,0.0,-0.05316855013370514,-0.05316855013370514
transicao_pectra_2025,sensitivity,all,a_completa,AE,AE:a_completa,168,237,143,0,0.6033755274261603,99,0.5892857142857143,0.0013463255017995834,0.0007596293342484452
transicao_pectra_2025,sensitivity,insertion,a_completa,AE,AE:a_completa,69,138,73,0,0.5289855072463768,29,0.42028985507246375,0.0022625261917710304,0.0010573725971946683
transicao_pectra_2025,sensitivity,displacement,a_completa,AE,AE:a_completa,99,99,70,0,0.7070707070707071,70,0.7070707070707071,0.001169458031654358,0.00034459327074764953
transicao_pectra_2025,strict,all,a_completa,IF,IF:a_completa,70,139,100,0,0.7194244604316546,35,0.5,0.05529886484146118,0.046856062446566794
transicao_pectra_2025,strict,insertion,a_completa,IF,IF:a_completa,69,138,100,0,0.7246376811594203,35,0.5072463768115942,0.05566348135471344,0.04795103617336439
transicao_pectra_2025,strict,displacement,a_completa,IF,IF:a_completa,1,1,0,0,0.0,0,0.0,-0.10425031185150146,-0.10425031185150146
transicao_pectra_2025,sensitivity,all,a_completa,IF,IF:a_completa,168,237,132,1,0.5569620253164557,67,0.39880952380952384,0.0025491416454315186,0.02715481421615504
transicao_pectra_2025,sensitivity,insertion,a_completa,IF,IF:a_completa,69,138,100,0,0.7246376811594203,35,0.5072463768115942,0.05566348135471344,0.04795103617336439
transicao_pectra_2025,sensitivity,displacement,a_completa,IF,IF:a_completa,99,99,32,1,0.32323232323232326,32,0.32323232323232326,-0.003623485565185547,-0.0018338588151064787
transicao_pectra_2025,strict,all,b_completa,AE,AE:b_completa,70,139,72,0,0.5179856115107914,25,0.35714285714285715,0.003536909818649292,-0.002918247589104467
transicao_pectra_2025,strict,insertion,b_completa,AE,AE:b_completa,69,138,72,0,0.5217391304347826,25,0.36231884057971014,0.003799915313720703,-0.0025160272700199184
transicao_pectra_2025,strict,displacement,b_completa,AE,AE:b_completa,1,1,0,0,0.0,0,0.0,-0.05842465162277222,-0.05842465162277222
transicao_pectra_2025,sensitivity,all,b_completa,AE,AE:b_completa,168,237,128,0,0.540084388185654,81,0.48214285714285715,0.0007628947496414185,-0.0018504575083527384
transicao_pectra_2025,sensitivity,insertion,b_completa,AE,AE:b_completa,69,138,72,0,0.5217391304347826,25,0.36231884057971014,0.003799915313720703,-0.0025160272700199184
transicao_pectra_2025,sensitivity,displacement,b_completa,AE,AE:b_completa,99,99,56,0,0.5656565656565656,56,0.5656565656565656,0.0006027519702911377,-0.0009226935981500029
transicao_pectra_2025,strict,all,b_completa,IF,IF:b_completa,70,139,118,0,0.8489208633093526,50,0.7142857142857143,0.045791447162628174,0.042618781328201294
transicao_pectra_2025,strict,insertion,b_completa,IF,IF:b_completa,69,138,118,0,0.855072463768116,50,0.7246376811594203,0.04594740271568298,0.043526552509570465
transicao_pectra_2025,strict,displacement,b_completa,IF,IF:b_completa,1,1,0,0,0.0,0,0.0,-0.08265364170074463,-0.08265364170074463
transicao_pectra_2025,sensitivity,all,b_completa,IF,IF:b_completa,168,237,152,0,0.6413502109704642,84,0.5,0.007413387298583984,0.024985664378741623
transicao_pectra_2025,sensitivity,insertion,b_completa,IF,IF:b_completa,69,138,118,0,0.855072463768116,50,0.7246376811594203,0.04594740271568298,0.043526552509570465
transicao_pectra_2025,sensitivity,displacement,b_completa,IF,IF:b_completa,99,99,34,0,0.3434343434343434,34,0.3434343434343434,-0.0015688538551330566,-0.0008592099854440401
transicao_pectra_2025,strict,all,c_completa,AE,AE:c_completa,70,139,60,0,0.4316546762589928,23,0.32857142857142857,-0.006907403469085693,-0.0047278264872461775
transicao_pectra_2025,strict,insertion,c_completa,AE,AE:c_completa,69,138,60,0,0.43478260869565216,23,0.3333333333333333,-0.006780952215194702,-0.003986465002315632
transicao_pectra_2025,strict,displacement,c_completa,AE,AE:c_completa,1,1,0,0,0.0,0,0.0,-0.10703571140766144,-0.10703571140766144
transicao_pectra_2025,sensitivity,all,c_completa,AE,AE:c_completa,168,237,86,0,0.3628691983122363,49,0.2916666666666667,-0.0057468414306640625,-0.007152680999241801
transicao_pectra_2025,sensitivity,insertion,c_completa,AE,AE:c_completa,69,138,60,0,0.43478260869565216,23,0.3333333333333333,-0.006780952215194702,-0.003986465002315632
transicao_pectra_2025,sensitivity,displacement,c_completa,AE,AE:c_completa,99,99,26,0,0.26262626262626265,26,0.26262626262626265,-0.0046115443110466,-0.011566194207078278
transicao_pectra_2025,strict,all,c_completa,IF,IF:c_completa,70,139,118,0,0.8489208633093526,51,0.7285714285714285,0.04594230651855469,0.04299114891093412
transicao_pectra_2025,strict,insertion,c_completa,IF,IF:c_completa,69,138,118,0,0.855072463768116,51,0.7391304347826086,0.04620097577571869,0.04389587865359541
transicao_pectra_2025,strict,displacement,c_completa,IF,IF:c_completa,1,1,0,0,0.0,0,0.0,-0.08186155557632446,-0.08186155557632446
transicao_pectra_2025,sensitivity,all,c_completa,IF,IF:c_completa,168,237,157,0,0.6624472573839663,90,0.5357142857142857,0.008229583501815796,0.025561057817080856
transicao_pectra_2025,sensitivity,insertion,c_completa,IF,IF:c_completa,69,138,118,0,0.855072463768116,51,0.7391304347826086,0.04620097577571869,0.04389587865359541
transicao_pectra_2025,sensitivity,displacement,c_completa,IF,IF:c_completa,99,99,39,0,0.3939393939393939,39,0.3939393939393939,-0.0014300942420959473,3.4287722423823193e-06
transicao_pectra_2025,strict,all,b_sem_taxas_absolutas,AE,AE:b_sem_taxas_absolutas,70,139,99,0,0.7122302158273381,46,0.6571428571428571,0.017143987119197845,0.013746060310400647
transicao_pectra_2025,strict,insertion,b_sem_taxas_absolutas,AE,AE:b_sem_taxas_absolutas,69,138,99,0,0.717391304347826,46,0.6666666666666666,0.017196089029312134,0.014295920068263144
transicao_pectra_2025,strict,displacement,b_sem_taxas_absolutas,AE,AE:b_sem_taxas_absolutas,1,1,0,0,0.0,0,0.0,-0.06213458627462387,-0.06213458627462387
transicao_pectra_2025,sensitivity,all,b_sem_taxas_absolutas,AE,AE:b_sem_taxas_absolutas,168,237,135,0,0.569620253164557,82,0.4880952380952381,0.0016535520553588867,0.00806330432840289
transicao_pectra_2025,sensitivity,insertion,b_sem_taxas_absolutas,AE,AE:b_sem_taxas_absolutas,69,138,99,0,0.717391304347826,46,0.6666666666666666,0.017196089029312134,0.014295920068263144
transicao_pectra_2025,sensitivity,displacement,b_sem_taxas_absolutas,AE,AE:b_sem_taxas_absolutas,99,99,36,0,0.36363636363636365,36,0.36363636363636365,-0.0006388574838638306,-0.0006245842786750408
transicao_pectra_2025,strict,all,b_sem_taxas_absolutas,IF,IF:b_sem_taxas_absolutas,70,139,114,0,0.8201438848920863,56,0.8,0.02858257293701172,0.029420322651485746
transicao_pectra_2025,strict,insertion,b_sem_taxas_absolutas,IF,IF:b_sem_taxas_absolutas,69,138,114,0,0.8260869565217391,56,0.8115942028985508,0.028734207153320312,0.03030914068222046
transicao_pectra_2025,strict,displacement,b_sem_taxas_absolutas,IF,IF:b_sem_taxas_absolutas,1,1,0,0,0.0,0,0.0,-0.09323656558990479,-0.09323656558990479
transicao_pectra_2025,sensitivity,all,b_sem_taxas_absolutas,IF,IF:b_sem_taxas_absolutas,168,237,152,0,0.6413502109704642,94,0.5595238095238095,0.004893600940704346,0.017059361758614392
transicao_pectra_2025,sensitivity,insertion,b_sem_taxas_absolutas,IF,IF:b_sem_taxas_absolutas,69,138,114,0,0.8260869565217391,56,0.8115942028985508,0.028734207153320312,0.03030914068222046
transicao_pectra_2025,sensitivity,displacement,b_sem_taxas_absolutas,IF,IF:b_sem_taxas_absolutas,99,99,38,0,0.3838383838383838,38,0.3838383838383838,-0.000567317008972168,-0.0014100270439880063
transicao_pectra_2025,strict,all,c_sem_taxas_absolutas,AE,AE:c_sem_taxas_absolutas,70,139,87,0,0.6258992805755396,38,0.5428571428571428,0.014515422284603119,0.008529993001934437
transicao_pectra_2025,strict,insertion,c_sem_taxas_absolutas,AE,AE:c_sem_taxas_absolutas,69,138,87,0,0.6304347826086957,38,0.5507246376811594,0.01457040011882782,0.009725803104431732
transicao_pectra_2025,strict,displacement,c_sem_taxas_absolutas,AE,AE:c_sem_taxas_absolutas,1,1,0,0,0.0,0,0.0,-0.15649180114269257,-0.15649180114269257
transicao_pectra_2025,sensitivity,all,c_sem_taxas_absolutas,AE,AE:c_sem_taxas_absolutas,168,237,124,0,0.5232067510548524,75,0.44642857142857145,0.0003312528133392334,0.004301481231858459
transicao_pectra_2025,sensitivity,insertion,c_sem_taxas_absolutas,AE,AE:c_sem_taxas_absolutas,69,138,87,0,0.6304347826086957,38,0.5507246376811594,0.01457040011882782,0.009725803104431732
transicao_pectra_2025,sensitivity,displacement,c_sem_taxas_absolutas,AE,AE:c_sem_taxas_absolutas,99,99,37,0,0.37373737373737376,37,0.37373737373737376,-0.0005935430526733398,-0.0032596947117285295
transicao_pectra_2025,strict,all,c_sem_taxas_absolutas,IF,IF:c_sem_taxas_absolutas,70,139,114,0,0.8201438848920863,55,0.7857142857142857,0.028722405433654785,0.027640904025208177
transicao_pectra_2025,strict,insertion,c_sem_taxas_absolutas,IF,IF:c_sem_taxas_absolutas,69,138,114,0,0.8260869565217391,55,0.7971014492753623,0.02876366674900055,0.028404923452847244
transicao_pectra_2025,strict,displacement,c_sem_taxas_absolutas,IF,IF:c_sem_taxas_absolutas,1,1,0,0,0.0,0,0.0,-0.07779377698898315,-0.07779377698898315
transicao_pectra_2025,sensitivity,all,c_sem_taxas_absolutas,IF,IF:c_sem_taxas_absolutas,168,237,154,0,0.6497890295358649,95,0.5654761904761905,0.0046555399894714355,0.01564853063112573
transicao_pectra_2025,sensitivity,insertion,c_sem_taxas_absolutas,IF,IF:c_sem_taxas_absolutas,69,138,114,0,0.8260869565217391,55,0.7971014492753623,0.02876366674900055,0.028404923452847244
transicao_pectra_2025,sensitivity,displacement,c_sem_taxas_absolutas,IF,IF:c_sem_taxas_absolutas,99,99,40,0,0.40404040404040403,40,0.40404040404040403,-0.0006919503211975098,-0.0021331078476376003
teste_final_2025,strict,all,a_completa,AE,AE:a_completa,482,939,495,0,0.5271565495207667,192,0.3983402489626556,0.002512209117412567,-0.0008413963315163415
teste_final_2025,strict,insertion,a_completa,AE,AE:a_completa,457,914,494,0,0.5404814004376368,191,0.4179431072210066,0.003304252400994301,0.0014515219938215805
teste_final_2025,strict,displacement,a_completa,AE,AE:a_completa,25,25,1,0,0.04,1,0.04,-0.08565573021769524,-0.08467049030587077
teste_final_2025,sensitivity,all,a_completa,AE,AE:a_completa,670,1127,599,0,0.5314995563442768,296,0.4417910447761194,0.0008067935705184937,-0.001032626652489346
teste_final_2025,sensitivity,insertion,a_completa,AE,AE:a_completa,457,914,494,0,0.5404814004376368,191,0.4179431072210066,0.003304252400994301,0.0014515219938215805
teste_final_2025,sensitivity,displacement,a_completa,AE,AE:a_completa,213,213,105,0,0.49295774647887325,105,0.49295774647887325,-3.3183954656124115e-05,-0.01169230675919445
teste_final_2025,strict,all,a_completa,IF,IF:a_completa,482,939,650,0,0.6922257720979765,214,0.44398340248962653,0.049578189849853516,0.042752919454798026
teste_final_2025,strict,insertion,a_completa,IF,IF:a_completa,457,914,650,0,0.7111597374179431,214,0.4682713347921225,0.05384454131126404,0.04676335671798405
teste_final_2025,strict,displacement,a_completa,IF,IF:a_completa,25,25,0,0,0.0,0,0.0,-0.10368269681930542,-0.10386866688728333
teste_final_2025,sensitivity,all,a_completa,IF,IF:a_completa,670,1127,714,2,0.6335403726708074,278,0.41492537313432837,0.026565998792648315,0.03548158164455918
teste_final_2025,sensitivity,insertion,a_completa,IF,IF:a_completa,457,914,650,0,0.7111597374179431,214,0.4682713347921225,0.05384454131126404,0.04676335671798405
teste_final_2025,sensitivity,displacement,a_completa,IF,IF:a_completa,213,213,64,2,0.3004694835680751,64,0.3004694835680751,-0.003531932830810547,-0.01292941561886962
teste_final_2025,strict,all,b_completa,AE,AE:b_completa,482,939,533,0,0.5676251331203408,193,0.4004149377593361,0.013326756656169891,0.015112661297360675
teste_final_2025,strict,insertion,b_completa,AE,AE:b_completa,457,914,529,0,0.5787746170678337,189,0.4135667396061269,0.014335818588733673,0.016856200116761925
teste_final_2025,strict,displacement,b_completa,AE,AE:b_completa,25,25,4,0,0.16,4,0.16,-0.05444812774658203,-0.04863111793994904
teste_final_2025,sensitivity,all,b_completa,AE,AE:b_completa,670,1127,615,0,0.5456965394853593,275,0.41044776119402987,0.004425995051860809,0.011495558133459557
teste_final_2025,sensitivity,insertion,b_completa,AE,AE:b_completa,457,914,529,0,0.5787746170678337,189,0.4135667396061269,0.014335818588733673,0.016856200116761925
teste_final_2025,sensitivity,displacement,b_completa,AE,AE:b_completa,213,213,86,0,0.40375586854460094,86,0.40375586854460094,-0.0024958252906799316,-0.011507384461556242
teste_final_2025,strict,all,b_completa,IF,IF:b_completa,482,939,743,0,0.7912673056443025,296,0.6141078838174274,0.0455949604511261,0.04037444164958625
teste_final_2025,strict,insertion,b_completa,IF,IF:b_completa,457,914,743,0,0.812910284463895,296,0.6477024070021882,0.04771071672439575,0.04366890388322868
teste_final_2025,strict,displacement,b_completa,IF,IF:b_completa,25,25,0,0,0.0,0,0.0,-0.07979157567024231,-0.08007109761238099
teste_final_2025,sensitivity,all,b_completa,IF,IF:b_completa,670,1127,827,1,0.7338065661047027,380,0.5671641791044776,0.029818177223205566,0.03370088717000296
teste_final_2025,sensitivity,insertion,b_completa,IF,IF:b_completa,457,914,743,0,0.812910284463895,296,0.6477024070021882,0.04771071672439575,0.04366890388322868
teste_final_2025,sensitivity,displacement,b_completa,IF,IF:b_completa,213,213,84,1,0.39436619718309857,84,0.39436619718309857,-0.0013775825500488281,-0.009072668115857621
teste_final_2025,strict,all,c_completa,AE,AE:c_completa,482,939,552,0,0.5878594249201278,210,0.43568464730290457,0.01036214828491211,0.007460370401953991
teste_final_2025,strict,insertion,c_completa,AE,AE:c_completa,457,914,552,0,0.6039387308533917,210,0.45951859956236324,0.011589128524065018,0.010229465773806009
teste_final_2025,strict,displacement,c_completa,AE,AE:c_completa,25,25,0,0,0.0,0,0.0,-0.07516279816627502,-0.09377775639295578
teste_final_2025,sensitivity,all,c_completa,AE,AE:c_completa,670,1127,607,0,0.5385980479148181,265,0.39552238805970147,0.0032403916120529175,0.003814256253396925
teste_final_2025,sensitivity,insertion,c_completa,AE,AE:c_completa,457,914,552,0,0.6039387308533917,210,0.45951859956236324,0.011589128524065018,0.010229465773806009
teste_final_2025,sensitivity,displacement,c_completa,AE,AE:c_completa,213,213,55,0,0.25821596244131456,55,0.25821596244131456,-0.009766966104507446,-0.0237139198107059
teste_final_2025,strict,all,c_completa,IF,IF:c_completa,482,939,719,0,0.7657082002129926,275,0.5705394190871369,0.04523599147796631,0.039878313755963686
teste_final_2025,strict,insertion,c_completa,IF,IF:c_completa,457,914,719,0,0.7866520787746171,275,0.6017505470459519,0.04716917872428894,0.04289391855311863
teste_final_2025,strict,displacement,c_completa,IF,IF:c_completa,25,25,0,0,0.0,0,0.0,-0.062004268169403076,-0.07037219762802124
teste_final_2025,sensitivity,all,c_completa,IF,IF:c_completa,670,1127,807,2,0.7160603371783496,363,0.5417910447761194,0.03077387809753418,0.03349737001925099
teste_final_2025,sensitivity,insertion,c_completa,IF,IF:c_completa,457,914,719,0,0.7866520787746171,275,0.6017505470459519,0.04716917872428894,0.04289391855311863
teste_final_2025,sensitivity,displacement,c_completa,IF,IF:c_completa,213,213,88,2,0.4131455399061033,88,0.4131455399061033,-0.0009667277336120605,-0.006823969698847739
teste_final_2025,strict,all,b_sem_taxas_absolutas,AE,AE:b_sem_taxas_absolutas,482,939,773,0,0.8232161874334398,374,0.7759336099585062,0.03768540918827057,0.03438191039485736
teste_final_2025,strict,insertion,b_sem_taxas_absolutas,AE,AE:b_sem_taxas_absolutas,457,914,773,0,0.8457330415754923,374,0.8183807439824945,0.03885730542242527,0.037221264736054374
teste_final_2025,strict,displacement,b_sem_taxas_absolutas,AE,AE:b_sem_taxas_absolutas,25,25,0,0,0.0,0,0.0,-0.06857720017433167,-0.06942488431930542
teste_final_2025,sensitivity,all,b_sem_taxas_absolutas,AE,AE:b_sem_taxas_absolutas,670,1127,859,0,0.7622005323868678,460,0.6865671641791045,0.028615299612283707,0.028548604450928182
teste_final_2025,sensitivity,insertion,b_sem_taxas_absolutas,AE,AE:b_sem_taxas_absolutas,457,914,773,0,0.8457330415754923,374,0.8183807439824945,0.03885730542242527,0.037221264736054374
teste_final_2025,sensitivity,displacement,b_sem_taxas_absolutas,AE,AE:b_sem_taxas_absolutas,213,213,86,0,0.40375586854460094,86,0.40375586854460094,-0.0009080097079277039,-0.008666473016702514
teste_final_2025,strict,all,b_sem_taxas_absolutas,IF,IF:b_sem_taxas_absolutas,482,939,836,0,0.8903088391906283,410,0.8506224066390041,0.04188045859336853,0.040607560334748986
teste_final_2025,strict,insertion,b_sem_taxas_absolutas,IF,IF:b_sem_taxas_absolutas,457,914,836,0,0.9146608315098468,410,0.8971553610503282,0.042933955788612366,0.044323536251514695
teste_final_2025,strict,displacement,b_sem_taxas_absolutas,IF,IF:b_sem_taxas_absolutas,25,25,0,0,0.0,0,0.0,-0.09181180596351624,-0.0952485191822052
teste_final_2025,sensitivity,all,b_sem_taxas_absolutas,IF,IF:b_sem_taxas_absolutas,670,1127,926,2,0.8216503992901508,500,0.746268656716418,0.03549027442932129,0.03373098857337221
teste_final_2025,sensitivity,insertion,b_sem_taxas_absolutas,IF,IF:b_sem_taxas_absolutas,457,914,836,0,0.9146608315098468,410,0.8971553610503282,0.042933955788612366,0.044323536251514695
teste_final_2025,sensitivity,displacement,b_sem_taxas_absolutas,IF,IF:b_sem_taxas_absolutas,213,213,90,2,0.4225352112676056,90,0.4225352112676056,-0.0007704794406890869,-0.011722478928140632
teste_final_2025,strict,all,c_sem_taxas_absolutas,AE,AE:c_sem_taxas_absolutas,482,939,632,0,0.6730564430244942,292,0.6058091286307054,0.022068031132221222,0.02038818521621509
teste_final_2025,strict,insertion,c_sem_taxas_absolutas,AE,AE:c_sem_taxas_absolutas,457,914,631,0,0.6903719912472648,291,0.6367614879649891,0.02365422248840332,0.022862840187073536
teste_final_2025,strict,displacement,c_sem_taxas_absolutas,AE,AE:c_sem_taxas_absolutas,25,25,1,0,0.04,1,0.04,-0.058914147317409515,-0.07008520051836968
teste_final_2025,sensitivity,all,c_sem_taxas_absolutas,AE,AE:c_sem_taxas_absolutas,670,1127,729,0,0.6468500443655724,389,0.5805970149253732,0.010832659900188446,0.017107561412461586
teste_final_2025,sensitivity,insertion,c_sem_taxas_absolutas,AE,AE:c_sem_taxas_absolutas,457,914,631,0,0.6903719912472648,291,0.6367614879649891,0.02365422248840332,0.022862840187073536
teste_final_2025,sensitivity,displacement,c_sem_taxas_absolutas,AE,AE:c_sem_taxas_absolutas,213,213,98,0,0.460093896713615,98,0.460093896713615,-0.0004121512174606323,-0.007588799150896744
teste_final_2025,strict,all,c_sem_taxas_absolutas,IF,IF:c_sem_taxas_absolutas,482,939,825,0,0.8785942492012779,406,0.8423236514522822,0.04391464591026306,0.04195000873967862
teste_final_2025,strict,insertion,c_sem_taxas_absolutas,IF,IF:c_sem_taxas_absolutas,457,914,825,0,0.9026258205689278,406,0.888402625820569,0.04505828022956848,0.04521410861735271
teste_final_2025,strict,displacement,c_sem_taxas_absolutas,IF,IF:c_sem_taxas_absolutas,25,25,0,0,0.0,0,0.0,-0.07283401489257812,-0.07738548278808594
teste_final_2025,sensitivity,all,c_sem_taxas_absolutas,IF,IF:c_sem_taxas_absolutas,670,1127,901,6,0.7994676131322094,482,0.7194029850746269,0.03490981459617615,0.034816936597214826
teste_final_2025,sensitivity,insertion,c_sem_taxas_absolutas,IF,IF:c_sem_taxas_absolutas,457,914,825,0,0.9026258205689278,406,0.888402625820569,0.04505828022956848,0.04521410861735271
teste_final_2025,sensitivity,displacement,c_sem_taxas_absolutas,IF,IF:c_sem_taxas_absolutas,213,213,76,6,0.3568075117370892,76,0.3568075117370892,-0.0010952949523925781,-0.009798158362437862
estresse_fusaka_2025,strict,all,a_completa,AE,AE:a_completa,97,191,73,0,0.38219895287958117,18,0.18556701030927836,-0.018931709229946136,-0.027716607801343135
estresse_fusaka_2025,strict,insertion,a_completa,AE,AE:a_completa,94,188,73,0,0.3882978723404255,18,0.19148936170212766,-0.017726045101881027,-0.02601166662978048
estresse_fusaka_2025,strict,displacement,a_completa,AE,AE:a_completa,3,3,0,0,0.0,0,0.0,-0.14936784282326698,-0.1345595878859361
estresse_fusaka_2025,sensitivity,all,a_completa,AE,AE:a_completa,112,206,78,0,0.3786407766990291,23,0.20535714285714285,-0.017726045101881027,-0.026615036312418367
estresse_fusaka_2025,sensitivity,insertion,a_completa,AE,AE:a_completa,94,188,73,0,0.3882978723404255,18,0.19148936170212766,-0.017726045101881027,-0.02601166662978048
estresse_fusaka_2025,sensitivity,displacement,a_completa,AE,AE:a_completa,18,18,5,0,0.2777777777777778,5,0.2777777777777778,-0.013476252555847168,-0.03291689744219184
estresse_fusaka_2025,strict,all,a_completa,IF,IF:a_completa,97,191,113,0,0.5916230366492147,26,0.26804123711340205,0.02314823865890503,0.017398052970776384
estresse_fusaka_2025,strict,insertion,a_completa,IF,IF:a_completa,94,188,113,0,0.601063829787234,26,0.2765957446808511,0.02559375762939453,0.018994447240170013
estresse_fusaka_2025,strict,displacement,a_completa,IF,IF:a_completa,3,3,0,0,0.0,0,0.0,-0.07987439632415771,-0.08264265457789104
estresse_fusaka_2025,sensitivity,all,a_completa,IF,IF:a_completa,112,206,119,0,0.5776699029126213,32,0.2857142857142857,0.019014447927474976,0.016381407102334846
estresse_fusaka_2025,sensitivity,insertion,a_completa,IF,IF:a_completa,94,188,113,0,0.601063829787234,26,0.2765957446808511,0.02559375762939453,0.018994447240170013
estresse_fusaka_2025,sensitivity,displacement,a_completa,IF,IF:a_completa,18,18,6,0,0.3333333333333333,6,0.3333333333333333,-0.0021029412746429443,-0.010910345448387994
estresse_fusaka_2025,strict,all,b_completa,AE,AE:b_completa,97,191,80,0,0.418848167539267,16,0.16494845360824742,-0.025903433561325073,-0.027746775972593517
estresse_fusaka_2025,strict,insertion,b_completa,AE,AE:b_completa,94,188,79,0,0.42021276595744683,15,0.1595744680851064,-0.025748491287231445,-0.02814413936055721
estresse_fusaka_2025,strict,displacement,b_completa,AE,AE:b_completa,3,3,1,0,0.3333333333333333,1,0.3333333333333333,-0.09166738390922546,-0.00284533699353536
estresse_fusaka_2025,sensitivity,all,b_completa,AE,AE:b_completa,112,206,82,0,0.39805825242718446,18,0.16071428571428573,-0.02037709951400757,-0.02673491596886255
estresse_fusaka_2025,sensitivity,insertion,b_completa,AE,AE:b_completa,94,188,79,0,0.42021276595744683,15,0.1595744680851064,-0.025748491287231445,-0.02814413936055721
estresse_fusaka_2025,sensitivity,displacement,b_completa,AE,AE:b_completa,18,18,3,0,0.16666666666666666,3,0.16666666666666666,-0.012038171291351318,-0.012016360544496112
estresse_fusaka_2025,strict,all,b_completa,IF,IF:b_completa,97,191,129,0,0.675392670157068,35,0.36082474226804123,0.02899724245071411,0.025145965877003695
estresse_fusaka_2025,strict,insertion,b_completa,IF,IF:b_completa,94,188,129,0,0.6861702127659575,35,0.3723404255319149,0.02945604920387268,0.026722264892243323
estresse_fusaka_2025,strict,displacement,b_completa,IF,IF:b_completa,3,3,0,0,0.0,0,0.0,-0.08609586954116821,-0.0736354390780131
estresse_fusaka_2025,sensitivity,all,b_completa,IF,IF:b_completa,112,206,139,0,0.6747572815533981,45,0.4017857142857143,0.020457983016967773,0.0234809407910097
estresse_fusaka_2025,sensitivity,insertion,b_completa,IF,IF:b_completa,94,188,129,0,0.6861702127659575,35,0.3723404255319149,0.02945604920387268,0.026722264892243323
estresse_fusaka_2025,sensitivity,displacement,b_completa,IF,IF:b_completa,18,18,10,0,0.5555555555555556,10,0.5555555555555556,0.0020700842142105103,-0.010372888710763719
estresse_fusaka_2025,strict,all,c_completa,AE,AE:c_completa,97,191,90,0,0.4712041884816754,20,0.20618556701030927,-0.018562838435173035,-0.02475659151351889
estresse_fusaka_2025,strict,insertion,c_completa,AE,AE:c_completa,94,188,90,0,0.4787234042553192,20,0.2127659574468085,-0.009784527122974396,-0.023617675012730537
estresse_fusaka_2025,strict,displacement,c_completa,AE,AE:c_completa,3,3,0,0,0.0,0,0.0,-0.07554209232330322,-0.09612869222958882
estresse_fusaka_2025,sensitivity,all,c_completa,AE,AE:c_completa,112,206,94,0,0.4563106796116505,24,0.21428571428571427,-0.018999896943569183,-0.024517926486950475
estresse_fusaka_2025,sensitivity,insertion,c_completa,AE,AE:c_completa,94,188,90,0,0.4787234042553192,20,0.2127659574468085,-0.009784527122974396,-0.023617675012730537
estresse_fusaka_2025,sensitivity,displacement,c_completa,AE,AE:c_completa,18,18,4,0,0.2222222222222222,4,0.2222222222222222,-0.028162620961666107,-0.03392055299546984
estresse_fusaka_2025,strict,all,c_completa,IF,IF:c_completa,97,191,119,0,0.6230366492146597,28,0.28865979381443296,0.02380979061126709,0.019202255141672665
estresse_fusaka_2025,strict,insertion,c_completa,IF,IF:c_completa,94,188,119,0,0.6329787234042553,28,0.2978723404255319,0.026271313428878784,0.020524080763471887
estresse_fusaka_2025,strict,displacement,c_completa,IF,IF:c_completa,3,3,0,0,0.0,0,0.0,-0.057820916175842285,-0.06363215049107869
estresse_fusaka_2025,sensitivity,all,c_completa,IF,IF:c_completa,112,206,124,0,0.6019417475728155,33,0.29464285714285715,0.016914546489715576,0.017782770024919972
estresse_fusaka_2025,sensitivity,insertion,c_completa,IF,IF:c_completa,94,188,119,0,0.6329787234042553,28,0.2978723404255319,0.026271313428878784,0.020524080763471887
estresse_fusaka_2025,sensitivity,displacement,c_completa,IF,IF:c_completa,18,18,5,0,0.2777777777777778,5,0.2777777777777778,-0.003106057643890381,-0.010848697688844468
estresse_fusaka_2025,strict,all,b_sem_taxas_absolutas,AE,AE:b_sem_taxas_absolutas,97,191,149,0,0.7801047120418848,71,0.7319587628865979,0.03792671859264374,0.031388482244695044
estresse_fusaka_2025,strict,insertion,b_sem_taxas_absolutas,AE,AE:b_sem_taxas_absolutas,94,188,149,0,0.7925531914893617,71,0.7553191489361702,0.038469379767775536,0.03288130541431143
estresse_fusaka_2025,strict,displacement,b_sem_taxas_absolutas,AE,AE:b_sem_taxas_absolutas,3,3,0,0,0.0,0,0.0,-0.06513640284538269,-0.06216176971793175
estresse_fusaka_2025,sensitivity,all,b_sem_taxas_absolutas,AE,AE:b_sem_taxas_absolutas,112,206,162,0,0.7864077669902912,84,0.75,0.031112898141145706,0.029257355185533032
estresse_fusaka_2025,sensitivity,insertion,b_sem_taxas_absolutas,AE,AE:b_sem_taxas_absolutas,94,188,149,0,0.7925531914893617,71,0.7553191489361702,0.038469379767775536,0.03288130541431143
estresse_fusaka_2025,sensitivity,displacement,b_sem_taxas_absolutas,AE,AE:b_sem_taxas_absolutas,18,18,13,0,0.7222222222222222,13,0.7222222222222222,0.0010688677430152893,-0.008592791648374664
estresse_fusaka_2025,strict,all,b_sem_taxas_absolutas,IF,IF:b_sem_taxas_absolutas,97,191,161,0,0.8429319371727748,78,0.8041237113402062,0.03737562894821167,0.0324535076530816
estresse_fusaka_2025,strict,insertion,b_sem_taxas_absolutas,IF,IF:b_sem_taxas_absolutas,94,188,161,0,0.8563829787234043,78,0.8297872340425532,0.038040176033973694,0.03423542814685943
estresse_fusaka_2025,strict,displacement,b_sem_taxas_absolutas,IF,IF:b_sem_taxas_absolutas,3,3,0,0,0.0,0,0.0,-0.08053526282310486,-0.07921350995699565
estresse_fusaka_2025,sensitivity,all,b_sem_taxas_absolutas,IF,IF:b_sem_taxas_absolutas,112,206,168,0,0.8155339805825242,85,0.7589285714285714,0.035208478569984436,0.030109458756678312
estresse_fusaka_2025,sensitivity,insertion,b_sem_taxas_absolutas,IF,IF:b_sem_taxas_absolutas,94,188,161,0,0.8563829787234043,78,0.8297872340425532,0.038040176033973694,0.03423542814685943
estresse_fusaka_2025,sensitivity,displacement,b_sem_taxas_absolutas,IF,IF:b_sem_taxas_absolutas,18,18,7,0,0.3888888888888889,7,0.3888888888888889,-0.0004000663757324219,-0.01298399931854672
estresse_fusaka_2025,strict,all,c_sem_taxas_absolutas,AE,AE:c_sem_taxas_absolutas,97,191,116,0,0.6073298429319371,52,0.5360824742268041,0.015284895896911621,0.009268240934891226
estresse_fusaka_2025,strict,insertion,c_sem_taxas_absolutas,AE,AE:c_sem_taxas_absolutas,94,188,116,0,0.6170212765957447,52,0.5531914893617021,0.01665463112294674,0.01008080187788669
estresse_fusaka_2025,strict,displacement,c_sem_taxas_absolutas,AE,AE:c_sem_taxas_absolutas,3,3,0,0,0.0,0,0.0,-0.036790311336517334,-0.04165224482615789
estresse_fusaka_2025,sensitivity,all,c_sem_taxas_absolutas,AE,AE:c_sem_taxas_absolutas,112,206,126,0,0.6116504854368932,62,0.5535714285714286,0.012589864432811737,0.008714923146858957
estresse_fusaka_2025,sensitivity,insertion,c_sem_taxas_absolutas,AE,AE:c_sem_taxas_absolutas,94,188,116,0,0.6170212765957447,52,0.5531914893617021,0.01665463112294674,0.01008080187788669
estresse_fusaka_2025,sensitivity,displacement,c_sem_taxas_absolutas,AE,AE:c_sem_taxas_absolutas,18,18,10,0,0.5555555555555556,10,0.5555555555555556,0.0001596510410308838,-0.005550921377208497
estresse_fusaka_2025,strict,all,c_sem_taxas_absolutas,IF,IF:c_sem_taxas_absolutas,97,191,153,0,0.8010471204188482,73,0.7525773195876289,0.03645807504653931,0.03265729062844321
estresse_fusaka_2025,strict,insertion,c_sem_taxas_absolutas,IF,IF:c_sem_taxas_absolutas,94,188,153,0,0.8138297872340425,73,0.776595744680851,0.038128599524497986,0.0341475100276318
estresse_fusaka_2025,strict,displacement,c_sem_taxas_absolutas,IF,IF:c_sem_taxas_absolutas,3,3,0,0,0.0,0,0.0,-0.06275716423988342,-0.060729791720708214
estresse_fusaka_2025,sensitivity,all,c_sem_taxas_absolutas,IF,IF:c_sem_taxas_absolutas,112,206,158,0,0.7669902912621359,78,0.6964285714285714,0.03345434367656708,0.03029806897478196
estresse_fusaka_2025,sensitivity,insertion,c_sem_taxas_absolutas,IF,IF:c_sem_taxas_absolutas,94,188,153,0,0.8138297872340425,73,0.776595744680851,0.038128599524497986,0.0341475100276318
estresse_fusaka_2025,sensitivity,displacement,c_sem_taxas_absolutas,IF,IF:c_sem_taxas_absolutas,18,18,5,0,0.2777777777777778,5,0.2777777777777778,-0.0011181831359863281,-0.009907204243871901
