split,configuration,method,model,top_fraction,top_n,positives_in_top,precision_at_top,recall_at_top,lift_at_top
estresse_pre_dencun_2024,a_completa,AE,AE:a_completa,0.001,833,0,0.0,0.0,0.0
estresse_pre_dencun_2024,a_completa,AE,AE:a_completa,0.005,4164,0,0.0,0.0,0.0
estresse_pre_dencun_2024,a_completa,AE,AE:a_completa,0.01,8327,0,0.0,0.0,0.0
estresse_pre_dencun_2024,a_completa,AE,AE:a_completa,0.05,41634,3,7.205649228995533e-05,0.0006347862886161659,0.012695664785025571
estresse_pre_dencun_2024,a_completa,IF,IF:a_completa,0.001,833,0,0.0,0.0,0.0
estresse_pre_dencun_2024,a_completa,IF,IF:a_completa,0.005,4164,11,0.002641690682036503,0.0023275497249259417,0.4654406327455411
estresse_pre_dencun_2024,a_completa,IF,IF:a_completa,0.01,8327,113,0.013570313438213043,0.023910283537875582,2.390959439796336
estresse_pre_dencun_2024,a_completa,IF,IF:a_completa,0.05,41634,2167,0.05204880626411106,0.4585272958104105,9.170501863050136
estresse_pre_dencun_2024,b_completa,AE,AE:b_completa,0.001,833,6,0.007202881152460984,0.0012695725772323319,1.2690787698913675
estresse_pre_dencun_2024,b_completa,AE,AE:b_completa,0.005,4164,22,0.005283381364073006,0.004655099449851883,0.9308812654910822
estresse_pre_dencun_2024,b_completa,AE,AE:b_completa,0.01,8327,34,0.004083103158400384,0.007194244604316547,0.719403725248455
estresse_pre_dencun_2024,b_completa,AE,AE:b_completa,0.05,41634,84,0.002017581784118749,0.017774016081252644,0.35547861398071595
estresse_pre_dencun_2024,b_completa,IF,IF:b_completa,0.001,833,0,0.0,0.0,0.0
estresse_pre_dencun_2024,b_completa,IF,IF:b_completa,0.005,4164,9,0.002161383285302594,0.0019043588658484976,0.3808150631554428
estresse_pre_dencun_2024,b_completa,IF,IF:b_completa,0.01,8327,13,0.0015611865017413234,0.0027507405840033854,0.27506613024205634
estresse_pre_dencun_2024,b_completa,IF,IF:b_completa,0.05,41634,473,0.011360906951049623,0.10008463817181548,2.001683147772365
estresse_pre_dencun_2024,c_completa,AE,AE:c_completa,0.001,833,0,0.0,0.0,0.0
estresse_pre_dencun_2024,c_completa,AE,AE:c_completa,0.005,4164,0,0.0,0.0,0.0
estresse_pre_dencun_2024,c_completa,AE,AE:c_completa,0.01,8327,9,0.0010808214242824547,0.0019043588658484976,0.19043039785988516
estresse_pre_dencun_2024,c_completa,AE,AE:c_completa,0.05,41634,31,0.0007445837536628717,0.0065594583157003805,0.1311885361119309
estresse_pre_dencun_2024,c_completa,IF,IF:c_completa,0.001,833,0,0.0,0.0,0.0
estresse_pre_dencun_2024,c_completa,IF,IF:c_completa,0.005,4164,9,0.002161383285302594,0.0019043588658484976,0.3808150631554428
estresse_pre_dencun_2024,c_completa,IF,IF:c_completa,0.01,8327,10,0.0012009126936471718,0.0021159542953872196,0.21158933095542792
estresse_pre_dencun_2024,c_completa,IF,IF:c_completa,0.05,41634,256,0.006148820675409521,0.054168429961912824,1.0833633949888486
estresse_pre_dencun_2024,b_sem_taxas_absolutas,AE,AE:b_sem_taxas_absolutas,0.001,833,0,0.0,0.0,0.0
estresse_pre_dencun_2024,b_sem_taxas_absolutas,AE,AE:b_sem_taxas_absolutas,0.005,4164,0,0.0,0.0,0.0
estresse_pre_dencun_2024,b_sem_taxas_absolutas,AE,AE:b_sem_taxas_absolutas,0.01,8327,0,0.0,0.0,0.0
estresse_pre_dencun_2024,b_sem_taxas_absolutas,AE,AE:b_sem_taxas_absolutas,0.05,41634,102,0.002449920737858481,0.02158273381294964,0.4316526026908693
estresse_pre_dencun_2024,b_sem_taxas_absolutas,IF,IF:b_sem_taxas_absolutas,0.001,833,0,0.0,0.0,0.0
estresse_pre_dencun_2024,b_sem_taxas_absolutas,IF,IF:b_sem_taxas_absolutas,0.005,4164,0,0.0,0.0,0.0
estresse_pre_dencun_2024,b_sem_taxas_absolutas,IF,IF:b_sem_taxas_absolutas,0.01,8327,0,0.0,0.0,0.0
estresse_pre_dencun_2024,b_sem_taxas_absolutas,IF,IF:b_sem_taxas_absolutas,0.05,41634,11,0.00026420713839650284,0.0023275497249259417,0.046550770878427086
estresse_pre_dencun_2024,c_sem_taxas_absolutas,AE,AE:c_sem_taxas_absolutas,0.001,833,0,0.0,0.0,0.0
estresse_pre_dencun_2024,c_sem_taxas_absolutas,AE,AE:c_sem_taxas_absolutas,0.005,4164,4,0.0009606147934678194,0.0008463817181548879,0.16925113918019677
estresse_pre_dencun_2024,c_sem_taxas_absolutas,AE,AE:c_sem_taxas_absolutas,0.01,8327,21,0.002521916656659061,0.004443504020313161,0.4443375950063987
estresse_pre_dencun_2024,c_sem_taxas_absolutas,AE,AE:c_sem_taxas_absolutas,0.05,41634,287,0.006893404429072393,0.060727888277613204,1.2145519311007795
estresse_pre_dencun_2024,c_sem_taxas_absolutas,IF,IF:c_sem_taxas_absolutas,0.001,833,0,0.0,0.0,0.0
estresse_pre_dencun_2024,c_sem_taxas_absolutas,IF,IF:c_sem_taxas_absolutas,0.005,4164,0,0.0,0.0,0.0
estresse_pre_dencun_2024,c_sem_taxas_absolutas,IF,IF:c_sem_taxas_absolutas,0.01,8327,0,0.0,0.0,0.0
estresse_pre_dencun_2024,c_sem_taxas_absolutas,IF,IF:c_sem_taxas_absolutas,0.05,41634,23,0.0005524331075563242,0.004866694879390605,0.09733343001852937
transicao_dencun_2024,a_completa,AE,AE:a_completa,0.001,245,0,0.0,0.0,0.0
transicao_dencun_2024,a_completa,AE,AE:a_completa,0.005,1222,0,0.0,0.0,0.0
transicao_dencun_2024,a_completa,AE,AE:a_completa,0.01,2444,0,0.0,0.0,0.0
transicao_dencun_2024,a_completa,AE,AE:a_completa,0.05,12216,0,0.0,0.0,0.0
transicao_dencun_2024,a_completa,IF,IF:a_completa,0.001,245,0,0.0,0.0,0.0
transicao_dencun_2024,a_completa,IF,IF:a_completa,0.005,1222,0,0.0,0.0,0.0
transicao_dencun_2024,a_completa,IF,IF:a_completa,0.01,2444,1,0.0004091653027823241,0.0008438818565400844,0.08435745509540285
transicao_dencun_2024,a_completa,IF,IF:a_completa,0.05,12216,628,0.05140798952193844,0.529957805907173,10.59876567771671
transicao_dencun_2024,b_completa,AE,AE:b_completa,0.001,245,10,0.04081632653061224,0.008438818565400843,8.415086540945492
transicao_dencun_2024,b_completa,AE,AE:b_completa,0.005,1222,13,0.010638297872340425,0.010970464135021098,2.193293832480474
transicao_dencun_2024,b_completa,AE,AE:b_completa,0.01,2444,14,0.0057283142389525366,0.01181434599156118,1.1810043713356397
transicao_dencun_2024,b_completa,AE,AE:b_completa,0.05,12216,21,0.001719056974459725,0.017721518987341773,0.3544173236179155
transicao_dencun_2024,b_completa,IF,IF:b_completa,0.001,245,0,0.0,0.0,0.0
transicao_dencun_2024,b_completa,IF,IF:b_completa,0.005,1222,2,0.0016366612111292963,0.0016877637130801688,0.3374298203816114
transicao_dencun_2024,b_completa,IF,IF:b_completa,0.01,2444,8,0.0032733224222585926,0.006751054852320675,0.6748596407632228
transicao_dencun_2024,b_completa,IF,IF:b_completa,0.05,12216,127,0.010396201702685003,0.10717299578059072,2.14338095711787
transicao_dencun_2024,c_completa,AE,AE:c_completa,0.001,245,0,0.0,0.0,0.0
transicao_dencun_2024,c_completa,AE,AE:c_completa,0.005,1222,0,0.0,0.0,0.0
transicao_dencun_2024,c_completa,AE,AE:c_completa,0.01,2444,0,0.0,0.0,0.0
transicao_dencun_2024,c_completa,AE,AE:c_completa,0.05,12216,12,0.0009823182711198428,0.010126582278481013,0.20252418492452312
transicao_dencun_2024,c_completa,IF,IF:c_completa,0.001,245,0,0.0,0.0,0.0
transicao_dencun_2024,c_completa,IF,IF:c_completa,0.005,1222,0,0.0,0.0,0.0
transicao_dencun_2024,c_completa,IF,IF:c_completa,0.01,2444,3,0.0012274959083469722,0.002531645569620253,0.2530723652862085
transicao_dencun_2024,c_completa,IF,IF:c_completa,0.05,12216,90,0.0073673870333988214,0.0759493670886076,1.5189313869339236
transicao_dencun_2024,b_sem_taxas_absolutas,AE,AE:b_sem_taxas_absolutas,0.001,245,0,0.0,0.0,0.0
transicao_dencun_2024,b_sem_taxas_absolutas,AE,AE:b_sem_taxas_absolutas,0.005,1222,0,0.0,0.0,0.0
transicao_dencun_2024,b_sem_taxas_absolutas,AE,AE:b_sem_taxas_absolutas,0.01,2444,6,0.0024549918166939444,0.005063291139240506,0.506144730572417
transicao_dencun_2024,b_sem_taxas_absolutas,AE,AE:b_sem_taxas_absolutas,0.05,12216,72,0.005893909626719057,0.060759493670886074,1.2151451095471388
transicao_dencun_2024,b_sem_taxas_absolutas,IF,IF:b_sem_taxas_absolutas,0.001,245,0,0.0,0.0,0.0
transicao_dencun_2024,b_sem_taxas_absolutas,IF,IF:b_sem_taxas_absolutas,0.005,1222,0,0.0,0.0,0.0
transicao_dencun_2024,b_sem_taxas_absolutas,IF,IF:b_sem_taxas_absolutas,0.01,2444,0,0.0,0.0,0.0
transicao_dencun_2024,b_sem_taxas_absolutas,IF,IF:b_sem_taxas_absolutas,0.05,12216,1,8.185985592665357e-05,0.0008438818565400844,0.01687701541037693
transicao_dencun_2024,c_sem_taxas_absolutas,AE,AE:c_sem_taxas_absolutas,0.001,245,1,0.004081632653061225,0.0008438818565400844,0.8415086540945493
transicao_dencun_2024,c_sem_taxas_absolutas,AE,AE:c_sem_taxas_absolutas,0.005,1222,6,0.004909983633387889,0.005063291139240506,1.012289461144834
transicao_dencun_2024,c_sem_taxas_absolutas,AE,AE:c_sem_taxas_absolutas,0.01,2444,21,0.008592471358428805,0.017721518987341773,1.7715065570034598
transicao_dencun_2024,c_sem_taxas_absolutas,AE,AE:c_sem_taxas_absolutas,0.05,12216,114,0.009332023575638507,0.09620253164556962,1.92397975678297
transicao_dencun_2024,c_sem_taxas_absolutas,IF,IF:c_sem_taxas_absolutas,0.001,245,0,0.0,0.0,0.0
transicao_dencun_2024,c_sem_taxas_absolutas,IF,IF:c_sem_taxas_absolutas,0.005,1222,0,0.0,0.0,0.0
transicao_dencun_2024,c_sem_taxas_absolutas,IF,IF:c_sem_taxas_absolutas,0.01,2444,0,0.0,0.0,0.0
transicao_dencun_2024,c_sem_taxas_absolutas,IF,IF:c_sem_taxas_absolutas,0.05,12216,12,0.0009823182711198428,0.010126582278481013,0.20252418492452312
treino_2024_pos_dencun,a_completa,AE,AE:a_completa,0.001,3211,0,0.0,0.0,0.0
treino_2024_pos_dencun,a_completa,AE,AE:a_completa,0.005,16055,1,6.228589224540641e-05,4.503895869927487e-05,0.009007707581103122
treino_2024_pos_dencun,a_completa,AE,AE:a_completa,0.01,32110,1,3.114294612270321e-05,4.503895869927487e-05,0.004503853790551561
treino_2024_pos_dencun,a_completa,AE,AE:a_completa,0.05,160549,1,6.228628020106012e-06,4.503895869927487e-05,0.000900776368676296
treino_2024_pos_dencun,a_completa,IF,IF:a_completa,0.001,3211,2,0.0006228589224540642,9.007791739854974e-05,0.09007707581103123
treino_2024_pos_dencun,a_completa,IF,IF:a_completa,0.005,16055,34,0.0021177203363438183,0.0015313245957753456,0.3062620577575062
treino_2024_pos_dencun,a_completa,IF,IF:a_completa,0.01,32110,127,0.003955154157583307,0.005719947754807908,0.5719894314000483
treino_2024_pos_dencun,a_completa,IF,IF:a_completa,0.05,160549,4714,0.029361752486779736,0.21231365130838176,4.246259801940059
treino_2024_pos_dencun,b_completa,AE,AE:b_completa,0.001,3211,29,0.00903145437558393,0.0013061298022789714,1.3061175992599527
treino_2024_pos_dencun,b_completa,AE,AE:b_completa,0.005,16055,56,0.0034880099657427594,0.002522181687159393,0.5044316245417749
treino_2024_pos_dencun,b_completa,AE,AE:b_completa,0.01,32110,134,0.00417315478044223,0.006035220465702833,0.6035164079339093
treino_2024_pos_dencun,b_completa,AE,AE:b_completa,0.05,160549,343,0.0021364194108963617,0.015448362833851282,0.3089662944559695
treino_2024_pos_dencun,b_completa,IF,IF:b_completa,0.001,3211,2,0.0006228589224540642,9.007791739854974e-05,0.09007707581103123
treino_2024_pos_dencun,b_completa,IF,IF:b_completa,0.005,16055,23,0.0014325755216443475,0.0010358960500833222,0.2071772743653718
treino_2024_pos_dencun,b_completa,IF,IF:b_completa,0.01,32110,87,0.002709436312675179,0.0039183894068369135,0.3918352797779859
treino_2024_pos_dencun,b_completa,IF,IF:b_completa,0.05,160549,2461,0.015328653557480894,0.11084087735891546,2.2168106433123644
treino_2024_pos_dencun,c_completa,AE,AE:c_completa,0.001,3211,0,0.0,0.0,0.0
treino_2024_pos_dencun,c_completa,AE,AE:c_completa,0.005,16055,35,0.0021800062285892243,0.0015763635544746206,0.3152697653386093
treino_2024_pos_dencun,c_completa,AE,AE:c_completa,0.01,32110,49,0.0015260043600124572,0.0022069089762644686,0.22068883573702652
treino_2024_pos_dencun,c_completa,AE,AE:c_completa,0.05,160549,166,0.001033952251337598,0.007476467144079629,0.14952887720026514
treino_2024_pos_dencun,c_completa,IF,IF:c_completa,0.001,3211,2,0.0006228589224540642,9.007791739854974e-05,0.09007707581103123
treino_2024_pos_dencun,c_completa,IF,IF:c_completa,0.005,16055,81,0.005045157271877919,0.0036481556546412645,0.7296243140693529
treino_2024_pos_dencun,c_completa,IF,IF:c_completa,0.01,32110,251,0.007816879476798506,0.011304778633517993,1.130467301428442
treino_2024_pos_dencun,c_completa,IF,IF:c_completa,0.05,160549,3176,0.01978212259185669,0.14304373282889699,2.8608657469159158
treino_2024_pos_dencun,b_sem_taxas_absolutas,AE,AE:b_sem_taxas_absolutas,0.001,3211,1,0.0003114294612270321,4.503895869927487e-05,0.04503853790551562
treino_2024_pos_dencun,b_sem_taxas_absolutas,AE,AE:b_sem_taxas_absolutas,0.005,16055,28,0.0017440049828713797,0.0012610908435796964,0.25221581227088746
treino_2024_pos_dencun,b_sem_taxas_absolutas,AE,AE:b_sem_taxas_absolutas,0.01,32110,85,0.0026471504204297726,0.003828311489438364,0.38282757219688274
treino_2024_pos_dencun,b_sem_taxas_absolutas,AE,AE:b_sem_taxas_absolutas,0.05,160549,1272,0.007922814841574847,0.05728955546547764,1.1457875409562486
treino_2024_pos_dencun,b_sem_taxas_absolutas,IF,IF:b_sem_taxas_absolutas,0.001,3211,0,0.0,0.0,0.0
treino_2024_pos_dencun,b_sem_taxas_absolutas,IF,IF:b_sem_taxas_absolutas,0.005,16055,0,0.0,0.0,0.0
treino_2024_pos_dencun,b_sem_taxas_absolutas,IF,IF:b_sem_taxas_absolutas,0.01,32110,0,0.0,0.0,0.0
treino_2024_pos_dencun,b_sem_taxas_absolutas,IF,IF:b_sem_taxas_absolutas,0.05,160549,57,0.00035503179714604265,0.0025672206458586676,0.05134425301454887
treino_2024_pos_dencun,c_sem_taxas_absolutas,AE,AE:c_sem_taxas_absolutas,0.001,3211,47,0.014637184677670508,0.002116831058865919,2.116811281559234
treino_2024_pos_dencun,c_sem_taxas_absolutas,AE,AE:c_sem_taxas_absolutas,0.005,16055,144,0.008969168483338523,0.0064856100526955816,1.2971098916788497
treino_2024_pos_dencun,c_sem_taxas_absolutas,AE,AE:c_sem_taxas_absolutas,0.01,32110,268,0.00834630956088446,0.012070440931405666,1.2070328158678185
treino_2024_pos_dencun,c_sem_taxas_absolutas,AE,AE:c_sem_taxas_absolutas,0.05,160549,1656,0.010314608001295555,0.07458451560599919,1.491685666527946
treino_2024_pos_dencun,c_sem_taxas_absolutas,IF,IF:c_sem_taxas_absolutas,0.001,3211,0,0.0,0.0,0.0
treino_2024_pos_dencun,c_sem_taxas_absolutas,IF,IF:c_sem_taxas_absolutas,0.005,16055,0,0.0,0.0,0.0
treino_2024_pos_dencun,c_sem_taxas_absolutas,IF,IF:c_sem_taxas_absolutas,0.01,32110,0,0.0,0.0,0.0
treino_2024_pos_dencun,c_sem_taxas_absolutas,IF,IF:c_sem_taxas_absolutas,0.05,160549,71,0.0004422325894275268,0.003197766067648516,0.06395512217601701
validacao_2025_pre_pectra,a_completa,AE,AE:a_completa,0.001,1443,0,0.0,0.0,0.0
validacao_2025_pre_pectra,a_completa,AE,AE:a_completa,0.005,7213,0,0.0,0.0,0.0
validacao_2025_pre_pectra,a_completa,AE,AE:a_completa,0.01,14426,0,0.0,0.0,0.0
validacao_2025_pre_pectra,a_completa,AE,AE:a_completa,0.05,72128,2,2.7728482697426798e-05,0.00015770383220312253,0.0031540657118424944
validacao_2025_pre_pectra,a_completa,IF,IF:a_completa,0.001,1443,1,0.000693000693000693,7.885191610156126e-05,0.07882759932909751
validacao_2025_pre_pectra,a_completa,IF,IF:a_completa,0.005,7213,37,0.005129627062248718,0.002917520895757767,0.5834859775100298
validacao_2025_pre_pectra,a_completa,IF,IF:a_completa,0.01,14426,463,0.03209482878136698,0.03650843715502287,3.6507298322587003
validacao_2025_pre_pectra,a_completa,IF,IF:a_completa,0.05,72128,5753,0.07976098047914817,0.453635073332282,9.072670020114934
validacao_2025_pre_pectra,b_completa,AE,AE:b_completa,0.001,1443,7,0.004851004851004851,0.0005519634127109288,0.5517931953036825
validacao_2025_pre_pectra,b_completa,AE,AE:b_completa,0.005,7213,74,0.010259254124497436,0.005835041791515534,1.1669719550200597
validacao_2025_pre_pectra,b_completa,AE,AE:b_completa,0.01,14426,103,0.007139886316373215,0.00812174735846081,0.8121494011288253
validacao_2025_pre_pectra,b_completa,AE,AE:b_completa,0.05,72128,494,0.006848935226264419,0.038952846554171264,0.7790542308250961
validacao_2025_pre_pectra,b_completa,IF,IF:b_completa,0.001,1443,43,0.0297990297990298,0.0033906323923671346,3.389586771151193
validacao_2025_pre_pectra,b_completa,IF,IF:b_completa,0.005,7213,165,0.022875363926244282,0.01301056615675761,2.602032061869052
validacao_2025_pre_pectra,b_completa,IF,IF:b_completa,0.01,14426,315,0.02183557465686954,0.024838353571991798,2.4837578772386406
validacao_2025_pre_pectra,b_completa,IF,IF:b_completa,0.05,72128,4939,0.06847548802129548,0.3894496136256111,7.78896527539504
validacao_2025_pre_pectra,c_completa,AE,AE:c_completa,0.001,1443,0,0.0,0.0,0.0
validacao_2025_pre_pectra,c_completa,AE,AE:c_completa,0.005,7213,58,0.00804103701649799,0.0045734111338905535,0.914653694475182
validacao_2025_pre_pectra,c_completa,AE,AE:c_completa,0.01,14426,105,0.0072785248856231805,0.008279451190663933,0.8279192924128802
validacao_2025_pre_pectra,c_completa,AE,AE:c_completa,0.05,72128,330,0.004575199645075421,0.02602113231351522,0.5204208424540115
validacao_2025_pre_pectra,c_completa,IF,IF:c_completa,0.001,1443,126,0.08731808731808732,0.009935341428796719,9.932277515466287
validacao_2025_pre_pectra,c_completa,IF,IF:c_completa,0.005,7213,276,0.03826424511299043,0.02176312884403091,4.352489994399141
validacao_2025_pre_pectra,c_completa,IF,IF:c_completa,0.01,14426,675,0.0467905171218633,0.053225043368553854,5.322338308368516
validacao_2025_pre_pectra,c_completa,IF,IF:c_completa,0.05,72128,6358,0.08814884649511978,0.5013404825737265,10.02677489794729
validacao_2025_pre_pectra,b_sem_taxas_absolutas,AE,AE:b_sem_taxas_absolutas,0.001,1443,0,0.0,0.0,0.0
validacao_2025_pre_pectra,b_sem_taxas_absolutas,AE,AE:b_sem_taxas_absolutas,0.005,7213,38,0.005268265631498683,0.002996372811859328,0.5992558687940847
validacao_2025_pre_pectra,b_sem_taxas_absolutas,AE,AE:b_sem_taxas_absolutas,0.01,14426,178,0.012338832663246915,0.014035641066077905,1.4035203242808827
validacao_2025_pre_pectra,b_sem_taxas_absolutas,AE,AE:b_sem_taxas_absolutas,0.05,72128,636,0.008817657497781722,0.050149818640592966,1.0029928963659132
validacao_2025_pre_pectra,b_sem_taxas_absolutas,IF,IF:b_sem_taxas_absolutas,0.001,1443,0,0.0,0.0,0.0
validacao_2025_pre_pectra,b_sem_taxas_absolutas,IF,IF:b_sem_taxas_absolutas,0.005,7213,0,0.0,0.0,0.0
validacao_2025_pre_pectra,b_sem_taxas_absolutas,IF,IF:b_sem_taxas_absolutas,0.01,14426,0,0.0,0.0,0.0
validacao_2025_pre_pectra,b_sem_taxas_absolutas,IF,IF:b_sem_taxas_absolutas,0.05,72128,221,0.003063997338065661,0.01742627345844504,0.34852426115859564
validacao_2025_pre_pectra,c_sem_taxas_absolutas,AE,AE:c_sem_taxas_absolutas,0.001,1443,9,0.006237006237006237,0.0007096672449140514,0.7094483939618776
validacao_2025_pre_pectra,c_sem_taxas_absolutas,AE,AE:c_sem_taxas_absolutas,0.005,7213,105,0.014557049771246361,0.008279451190663933,1.6558385848257604
validacao_2025_pre_pectra,c_sem_taxas_absolutas,AE,AE:c_sem_taxas_absolutas,0.01,14426,311,0.02155829751836961,0.024522945907585553,2.452218094670531
validacao_2025_pre_pectra,c_sem_taxas_absolutas,AE,AE:c_sem_taxas_absolutas,0.05,72128,861,0.011937111801242236,0.06789149976344425,1.3578252889481939
validacao_2025_pre_pectra,c_sem_taxas_absolutas,IF,IF:c_sem_taxas_absolutas,0.001,1443,0,0.0,0.0,0.0
validacao_2025_pre_pectra,c_sem_taxas_absolutas,IF,IF:c_sem_taxas_absolutas,0.005,7213,0,0.0,0.0,0.0
validacao_2025_pre_pectra,c_sem_taxas_absolutas,IF,IF:c_sem_taxas_absolutas,0.01,14426,0,0.0,0.0,0.0
validacao_2025_pre_pectra,c_sem_taxas_absolutas,IF,IF:c_sem_taxas_absolutas,0.05,72128,207,0.0028698979591836736,0.016322346633023184,0.32644580117569816
transicao_pectra_2025,a_completa,AE,AE:a_completa,0.001,424,0,0.0,0.0,0.0
transicao_pectra_2025,a_completa,AE,AE:a_completa,0.005,2119,0,0.0,0.0,0.0
transicao_pectra_2025,a_completa,AE,AE:a_completa,0.01,4238,0,0.0,0.0,0.0
transicao_pectra_2025,a_completa,AE,AE:a_completa,0.05,21188,1,4.7196526335661694e-05,0.00023391812865497077,0.004678351532976296
transicao_pectra_2025,a_completa,IF,IF:a_completa,0.001,424,1,0.0023584905660377358,0.00023391812865497077,0.23378517047335318
transicao_pectra_2025,a_completa,IF,IF:a_completa,0.005,2119,13,0.006134969325153374,0.0030409356725146198,0.6081282962006243
transicao_pectra_2025,a_completa,IF,IF:a_completa,0.01,4238,253,0.059697970740915526,0.059181286549707605,5.917556113029152
transicao_pectra_2025,a_completa,IF,IF:a_completa,0.05,21188,1984,0.0936379082499528,0.464093567251462,9.28184944142497
transicao_pectra_2025,b_completa,AE,AE:b_completa,0.001,424,0,0.0,0.0,0.0
transicao_pectra_2025,b_completa,AE,AE:b_completa,0.005,2119,3,0.001415762151958471,0.0007017543859649122,0.140337299123221
transicao_pectra_2025,b_completa,AE,AE:b_completa,0.01,4238,9,0.0021236432279377066,0.002105263157894737,0.2105059486848315
transicao_pectra_2025,b_completa,AE,AE:b_completa,0.05,21188,350,0.016518784217481593,0.08187134502923976,1.6374230365417035
transicao_pectra_2025,b_completa,IF,IF:b_completa,0.001,424,0,0.0,0.0,0.0
transicao_pectra_2025,b_completa,IF,IF:b_completa,0.005,2119,109,0.05143935818782445,0.025497076023391813,5.098921868143696
transicao_pectra_2025,b_completa,IF,IF:b_completa,0.01,4238,370,0.0873053327041057,0.08654970760233918,8.65413344593196
transicao_pectra_2025,b_completa,IF,IF:b_completa,0.05,21188,1837,0.08670001887861054,0.42970760233918126,8.594131766077455
transicao_pectra_2025,c_completa,AE,AE:c_completa,0.001,424,0,0.0,0.0,0.0
transicao_pectra_2025,c_completa,AE,AE:c_completa,0.005,2119,0,0.0,0.0,0.0
transicao_pectra_2025,c_completa,AE,AE:c_completa,0.01,4238,52,0.012269938650306749,0.012163742690058479,1.2162565924012485
transicao_pectra_2025,c_completa,AE,AE:c_completa,0.05,21188,234,0.011043987162544837,0.05473684210526316,1.0947342587164532
transicao_pectra_2025,c_completa,IF,IF:c_completa,0.001,424,0,0.0,0.0,0.0
transicao_pectra_2025,c_completa,IF,IF:c_completa,0.005,2119,197,0.09296838131193959,0.04608187134502924,9.215482642424844
transicao_pectra_2025,c_completa,IF,IF:c_completa,0.01,4238,590,0.13921661160924964,0.13801169590643275,13.799834413783396
transicao_pectra_2025,c_completa,IF,IF:c_completa,0.05,21188,2109,0.09953747404191052,0.49333333333333335,9.866643383047007
transicao_pectra_2025,b_sem_taxas_absolutas,AE,AE:b_sem_taxas_absolutas,0.001,424,0,0.0,0.0,0.0
transicao_pectra_2025,b_sem_taxas_absolutas,AE,AE:b_sem_taxas_absolutas,0.005,2119,17,0.008022652194431336,0.003976608187134503,0.7952446950315856
transicao_pectra_2025,b_sem_taxas_absolutas,AE,AE:b_sem_taxas_absolutas,0.01,4238,61,0.014393581878244455,0.014269005847953216,1.42676254108608
transicao_pectra_2025,b_sem_taxas_absolutas,AE,AE:b_sem_taxas_absolutas,0.05,21188,235,0.011091183688880499,0.05497076023391813,1.0994126102494295
transicao_pectra_2025,b_sem_taxas_absolutas,IF,IF:b_sem_taxas_absolutas,0.001,424,0,0.0,0.0,0.0
transicao_pectra_2025,b_sem_taxas_absolutas,IF,IF:b_sem_taxas_absolutas,0.005,2119,0,0.0,0.0,0.0
transicao_pectra_2025,b_sem_taxas_absolutas,IF,IF:b_sem_taxas_absolutas,0.01,4238,0,0.0,0.0,0.0
transicao_pectra_2025,b_sem_taxas_absolutas,IF,IF:b_sem_taxas_absolutas,0.05,21188,119,0.005616386633943741,0.02783625730994152,0.5567238324241791
transicao_pectra_2025,c_sem_taxas_absolutas,AE,AE:c_sem_taxas_absolutas,0.001,424,25,0.0589622641509434,0.005847953216374269,5.84462926183383
transicao_pectra_2025,c_sem_taxas_absolutas,AE,AE:c_sem_taxas_absolutas,0.005,2119,59,0.02784332232184993,0.013801169590643274,2.7599668827566792
transicao_pectra_2025,c_sem_taxas_absolutas,AE,AE:c_sem_taxas_absolutas,0.01,4238,132,0.03114676734308636,0.030877192982456142,3.0874205807108615
transicao_pectra_2025,c_sem_taxas_absolutas,AE,AE:c_sem_taxas_absolutas,0.05,21188,614,0.02897866717009628,0.14362573099415205,2.8725078412474456
transicao_pectra_2025,c_sem_taxas_absolutas,IF,IF:c_sem_taxas_absolutas,0.001,424,0,0.0,0.0,0.0
transicao_pectra_2025,c_sem_taxas_absolutas,IF,IF:c_sem_taxas_absolutas,0.005,2119,0,0.0,0.0,0.0
transicao_pectra_2025,c_sem_taxas_absolutas,IF,IF:c_sem_taxas_absolutas,0.01,4238,0,0.0,0.0,0.0
transicao_pectra_2025,c_sem_taxas_absolutas,IF,IF:c_sem_taxas_absolutas,0.05,21188,91,0.004294883896545214,0.02128654970760234,0.4257299895008429
teste_final_2025,a_completa,AE,AE:a_completa,0.001,2828,0,0.0,0.0,0.0
teste_final_2025,a_completa,AE,AE:a_completa,0.005,14139,0,0.0,0.0,0.0
teste_final_2025,a_completa,AE,AE:a_completa,0.01,28278,0,0.0,0.0,0.0
teste_final_2025,a_completa,AE,AE:a_completa,0.05,141386,0,0.0,0.0,0.0
teste_final_2025,a_completa,IF,IF:a_completa,0.001,2828,0,0.0,0.0,0.0
teste_final_2025,a_completa,IF,IF:a_completa,0.005,14139,233,0.01647924181342386,0.0047046945986875316,0.9409113018259361
teste_final_2025,a_completa,IF,IF:a_completa,0.01,28278,763,0.02698210623099229,0.015406360424028268,1.5405908225175735
teste_final_2025,a_completa,IF,IF:a_completa,0.05,141386,17416,0.1231805129220715,0.351660777385159,7.033208085986093
teste_final_2025,b_completa,AE,AE:b_completa,0.001,2828,7,0.0024752475247524753,0.0001413427561837456,0.14132861191217558
teste_final_2025,b_completa,AE,AE:b_completa,0.005,14139,52,0.0036777707051418064,0.00104997476022211,0.2099887883903377
teste_final_2025,b_completa,AE,AE:b_completa,0.01,28278,356,0.01258929202913926,0.0071882887430590615,0.7188077756438482
teste_final_2025,b_completa,AE,AE:b_completa,0.05,141386,8252,0.05836504321502836,0.16662291771832408,3.3324548188767364
teste_final_2025,b_completa,IF,IF:b_completa,0.001,2828,285,0.10077793493635077,0.005754669358909641,5.75409348499572
teste_final_2025,b_completa,IF,IF:b_completa,0.005,14139,6119,0.4327745950915906,0.1235537607269056,24.710026849239927
teste_final_2025,b_completa,IF,IF:b_completa,0.01,28278,11636,0.4114859608175967,0.2349520444220091,23.49451482413432
teste_final_2025,b_completa,IF,IF:b_completa,0.05,141386,33005,0.23343895435191603,0.6664310954063605,13.32860776745355
teste_final_2025,c_completa,AE,AE:c_completa,0.001,2828,0,0.0,0.0,0.0
teste_final_2025,c_completa,AE,AE:c_completa,0.005,14139,1019,0.07207016054883655,0.020575466935890963,4.114972603264502
teste_final_2025,c_completa,AE,AE:c_completa,0.01,28278,4032,0.14258434118395927,0.08141342756183746,8.14110379605617
teste_final_2025,c_completa,AE,AE:c_completa,0.05,141386,15355,0.10860339779044602,0.3100454316002019,6.200902053302507
teste_final_2025,c_completa,IF,IF:c_completa,0.001,2828,570,0.20155586987270155,0.011509338717819282,11.50818696999144
teste_final_2025,c_completa,IF,IF:c_completa,0.005,14139,7344,0.5194143857415658,0.1482887430590611,29.656878114204613
teste_final_2025,c_completa,IF,IF:c_completa,0.01,28278,13497,0.4772968385317208,0.27252902574457344,27.252102662542192
teste_final_2025,c_completa,IF,IF:c_completa,0.05,141386,33828,0.2392598984340741,0.6830489651691065,13.660964810102065
teste_final_2025,b_sem_taxas_absolutas,AE,AE:b_sem_taxas_absolutas,0.001,2828,126,0.04455445544554455,0.0025441696113074207,2.5439150144191602
teste_final_2025,b_sem_taxas_absolutas,AE,AE:b_sem_taxas_absolutas,0.005,14139,6749,0.4773322017115779,0.13627460878344272,27.254121785507483
teste_final_2025,b_sem_taxas_absolutas,AE,AE:b_sem_taxas_absolutas,0.01,28278,14327,0.5066482778131409,0.2892882382635033,28.927974723734305
teste_final_2025,b_sem_taxas_absolutas,AE,AE:b_sem_taxas_absolutas,0.05,141386,19410,0.137283748037288,0.3919232710752145,7.8384571054771515
teste_final_2025,b_sem_taxas_absolutas,IF,IF:b_sem_taxas_absolutas,0.001,2828,0,0.0,0.0,0.0
teste_final_2025,b_sem_taxas_absolutas,IF,IF:b_sem_taxas_absolutas,0.005,14139,17,0.0012023481151425136,0.0003432609793033821,0.0686501808199181
teste_final_2025,b_sem_taxas_absolutas,IF,IF:b_sem_taxas_absolutas,0.01,28278,224,0.007921352287997736,0.004522968197879859,0.45228354422534267
teste_final_2025,b_sem_taxas_absolutas,IF,IF:b_sem_taxas_absolutas,0.05,141386,12321,0.08714441316679163,0.24878344270570418,4.975663575300566
teste_final_2025,c_sem_taxas_absolutas,AE,AE:c_sem_taxas_absolutas,0.001,2828,132,0.04667609618104668,0.0026653205451792022,2.665053824629597
teste_final_2025,c_sem_taxas_absolutas,AE,AE:c_sem_taxas_absolutas,0.005,14139,4660,0.3295848362684773,0.09409389197375063,18.818226036518727
teste_final_2025,c_sem_taxas_absolutas,AE,AE:c_sem_taxas_absolutas,0.01,28278,11756,0.4157295424004526,0.23737506309944473,23.736809579969325
teste_final_2025,c_sem_taxas_absolutas,AE,AE:c_sem_taxas_absolutas,0.05,141386,21042,0.14882661649668283,0.4248763250883392,8.497517486524998
teste_final_2025,c_sem_taxas_absolutas,IF,IF:c_sem_taxas_absolutas,0.001,2828,0,0.0,0.0,0.0
teste_final_2025,c_sem_taxas_absolutas,IF,IF:c_sem_taxas_absolutas,0.005,14139,5,0.00035363179857132753,0.00010095911155981827,0.020191229652917086
teste_final_2025,c_sem_taxas_absolutas,IF,IF:c_sem_taxas_absolutas,0.01,28278,104,0.0036777707051418064,0.00209994952044422,0.2099887883903377
teste_final_2025,c_sem_taxas_absolutas,IF,IF:c_sem_taxas_absolutas,0.05,141386,11324,0.08009279560918336,0.22865219586067642,4.573039065555037
estresse_fusaka_2025,a_completa,AE,AE:a_completa,0.001,513,0,0.0,0.0,0.0
estresse_fusaka_2025,a_completa,AE,AE:a_completa,0.005,2563,0,0.0,0.0,0.0
estresse_fusaka_2025,a_completa,AE,AE:a_completa,0.01,5125,0,0.0,0.0,0.0
estresse_fusaka_2025,a_completa,AE,AE:a_completa,0.05,25624,0,0.0,0.0,0.0
estresse_fusaka_2025,a_completa,IF,IF:a_completa,0.001,513,0,0.0,0.0,0.0
estresse_fusaka_2025,a_completa,IF,IF:a_completa,0.005,2563,24,0.009364026531408505,0.00510204081632653,1.0201334533032878
estresse_fusaka_2025,a_completa,IF,IF:a_completa,0.01,5125,57,0.011121951219512195,0.01211734693877551,1.2116448481831756
estresse_fusaka_2025,a_completa,IF,IF:a_completa,0.05,25624,933,0.036411177021542306,0.19834183673469388,3.966697406210377
estresse_fusaka_2025,b_completa,AE,AE:b_completa,0.001,513,1,0.001949317738791423,0.00021258503401360543,0.21236208908514673
estresse_fusaka_2025,b_completa,AE,AE:b_completa,0.005,2563,1,0.0003901677721420211,0.00021258503401360543,0.042505560554303656
estresse_fusaka_2025,b_completa,AE,AE:b_completa,0.01,5125,1,0.0001951219512195122,0.00021258503401360543,0.021256927161108347
estresse_fusaka_2025,b_completa,AE,AE:b_completa,0.05,25624,72,0.00280986575085857,0.015306122448979591,0.30611169694227985
estresse_fusaka_2025,b_completa,IF,IF:b_completa,0.001,513,28,0.05458089668615984,0.005952380952380952,5.946138494384108
estresse_fusaka_2025,b_completa,IF,IF:b_completa,0.005,2563,133,0.0518923136948888,0.028273809523809524,5.653239553722386
estresse_fusaka_2025,b_completa,IF,IF:b_completa,0.01,5125,198,0.038634146341463414,0.042091836734693876,4.208871577899452
estresse_fusaka_2025,b_completa,IF,IF:b_completa,0.05,25624,1297,0.05061660942866063,0.27572278911564624,5.514262096307458
estresse_fusaka_2025,c_completa,AE,AE:c_completa,0.001,513,0,0.0,0.0,0.0
estresse_fusaka_2025,c_completa,AE,AE:c_completa,0.005,2563,0,0.0,0.0,0.0
estresse_fusaka_2025,c_completa,AE,AE:c_completa,0.01,5125,0,0.0,0.0,0.0
estresse_fusaka_2025,c_completa,AE,AE:c_completa,0.05,25624,158,0.006166094286606307,0.03358843537414966,0.6717451127344475
estresse_fusaka_2025,c_completa,IF,IF:c_completa,0.001,513,32,0.06237816764132553,0.006802721088435374,6.795586850724695
estresse_fusaka_2025,c_completa,IF,IF:c_completa,0.005,2563,153,0.059695669137729224,0.032525510204081634,6.503350764808459
estresse_fusaka_2025,c_completa,IF,IF:c_completa,0.01,5125,235,0.045853658536585365,0.04995748299319728,4.995377882860461
estresse_fusaka_2025,c_completa,IF,IF:c_completa,0.05,25624,1327,0.0517873868248517,0.2821003401360544,5.641808636700074
estresse_fusaka_2025,b_sem_taxas_absolutas,AE,AE:b_sem_taxas_absolutas,0.001,513,0,0.0,0.0,0.0
estresse_fusaka_2025,b_sem_taxas_absolutas,AE,AE:b_sem_taxas_absolutas,0.005,2563,132,0.05150214592274678,0.02806122448979592,5.610733993168083
estresse_fusaka_2025,b_sem_taxas_absolutas,AE,AE:b_sem_taxas_absolutas,0.01,5125,213,0.0415609756097561,0.04528061224489796,4.527725485316078
estresse_fusaka_2025,b_sem_taxas_absolutas,AE,AE:b_sem_taxas_absolutas,0.05,25624,363,0.014166406493911958,0.07716836734693877,1.5433131387506611
estresse_fusaka_2025,b_sem_taxas_absolutas,IF,IF:b_sem_taxas_absolutas,0.001,513,2,0.003898635477582846,0.00042517006802721087,0.42472417817029345
estresse_fusaka_2025,b_sem_taxas_absolutas,IF,IF:b_sem_taxas_absolutas,0.005,2563,7,0.0027311744049941474,0.001488095238095238,0.2975389238801256
estresse_fusaka_2025,b_sem_taxas_absolutas,IF,IF:b_sem_taxas_absolutas,0.01,5125,57,0.011121951219512195,0.01211734693877551,1.2116448481831756
estresse_fusaka_2025,b_sem_taxas_absolutas,IF,IF:b_sem_taxas_absolutas,0.05,25624,260,0.010146737433655947,0.055272108843537414,1.1054033500693439
estresse_fusaka_2025,c_sem_taxas_absolutas,AE,AE:c_sem_taxas_absolutas,0.001,513,0,0.0,0.0,0.0
estresse_fusaka_2025,c_sem_taxas_absolutas,AE,AE:c_sem_taxas_absolutas,0.005,2563,24,0.009364026531408505,0.00510204081632653,1.0201334533032878
estresse_fusaka_2025,c_sem_taxas_absolutas,AE,AE:c_sem_taxas_absolutas,0.01,5125,79,0.015414634146341463,0.01679421768707483,1.6792972457275592
estresse_fusaka_2025,c_sem_taxas_absolutas,AE,AE:c_sem_taxas_absolutas,0.05,25624,519,0.020254448954105525,0.11033163265306123,2.206555148792267
estresse_fusaka_2025,c_sem_taxas_absolutas,IF,IF:c_sem_taxas_absolutas,0.001,513,0,0.0,0.0,0.0
estresse_fusaka_2025,c_sem_taxas_absolutas,IF,IF:c_sem_taxas_absolutas,0.005,2563,1,0.0003901677721420211,0.00021258503401360543,0.042505560554303656
estresse_fusaka_2025,c_sem_taxas_absolutas,IF,IF:c_sem_taxas_absolutas,0.01,5125,29,0.0056585365853658535,0.006164965986394558,0.616450887672142
estresse_fusaka_2025,c_sem_taxas_absolutas,IF,IF:c_sem_taxas_absolutas,0.05,25624,258,0.01006868560724321,0.0548469387755102,1.0969002473765028
