split,split_role,configuration,method,model,rows,positives,negatives,prevalence,roc_auc,pr_auc_average_precision,assumption
estresse_pre_dencun_2024,historical_stress,a_completa,AE,AE:a_completa,832676,4726,827950,0.005675676973997089,0.4752200900423592,0.005013256474203804,Hipótese experimental: endereços MEV Bot do Label Cloud são positivos; todos os endereços ausentes são negativos.
estresse_pre_dencun_2024,historical_stress,a_completa,IF,IF:a_completa,832676,4726,827950,0.005675676973997089,0.9064693686768791,0.03879285784583918,Hipótese experimental: endereços MEV Bot do Label Cloud são positivos; todos os endereços ausentes são negativos.
estresse_pre_dencun_2024,historical_stress,b_completa,AE,AE:b_completa,832676,4726,827950,0.005675676973997089,0.5478541284441888,0.006280171925680882,Hipótese experimental: endereços MEV Bot do Label Cloud são positivos; todos os endereços ausentes são negativos.
estresse_pre_dencun_2024,historical_stress,b_completa,IF,IF:b_completa,832676,4726,827950,0.005675676973997089,0.8641186561590755,0.020191179061204136,Hipótese experimental: endereços MEV Bot do Label Cloud são positivos; todos os endereços ausentes são negativos.
estresse_pre_dencun_2024,historical_stress,c_completa,AE,AE:c_completa,832676,4726,827950,0.005675676973997089,0.46493137556043274,0.004853085346134585,Hipótese experimental: endereços MEV Bot do Label Cloud são positivos; todos os endereços ausentes são negativos.
estresse_pre_dencun_2024,historical_stress,c_completa,IF,IF:c_completa,832676,4726,827950,0.005675676973997089,0.8294690077928811,0.015598316598037646,Hipótese experimental: endereços MEV Bot do Label Cloud são positivos; todos os endereços ausentes são negativos.
estresse_pre_dencun_2024,historical_stress,b_sem_taxas_absolutas,AE,AE:b_sem_taxas_absolutas,832676,4726,827950,0.005675676973997089,0.58064949216458,0.0061563960563074125,Hipótese experimental: endereços MEV Bot do Label Cloud são positivos; todos os endereços ausentes são negativos.
estresse_pre_dencun_2024,historical_stress,b_sem_taxas_absolutas,IF,IF:b_sem_taxas_absolutas,832676,4726,827950,0.005675676973997089,0.6444998618285296,0.007210478730789509,Hipótese experimental: endereços MEV Bot do Label Cloud são positivos; todos os endereços ausentes são negativos.
estresse_pre_dencun_2024,historical_stress,c_sem_taxas_absolutas,AE,AE:c_sem_taxas_absolutas,832676,4726,827950,0.005675676973997089,0.6064198618121733,0.0070060293141326405,Hipótese experimental: endereços MEV Bot do Label Cloud são positivos; todos os endereços ausentes são negativos.
estresse_pre_dencun_2024,historical_stress,c_sem_taxas_absolutas,IF,IF:c_sem_taxas_absolutas,832676,4726,827950,0.005675676973997089,0.6654329427262196,0.007600836256026953,Hipótese experimental: endereços MEV Bot do Label Cloud são positivos; todos os endereços ausentes são negativos.
transicao_dencun_2024,protocol_transition,a_completa,AE,AE:a_completa,244311,1185,243126,0.004850375136608667,0.5133298613269618,0.004618536048960897,Hipótese experimental: endereços MEV Bot do Label Cloud são positivos; todos os endereços ausentes são negativos.
transicao_dencun_2024,protocol_transition,a_completa,IF,IF:a_completa,244311,1185,243126,0.004850375136608667,0.9194895314131191,0.03695999429850722,Hipótese experimental: endereços MEV Bot do Label Cloud são positivos; todos os endereços ausentes são negativos.
transicao_dencun_2024,protocol_transition,b_completa,AE,AE:b_completa,244311,1185,243126,0.004850375136608667,0.5409875541257956,0.006581052665084574,Hipótese experimental: endereços MEV Bot do Label Cloud são positivos; todos os endereços ausentes são negativos.
transicao_dencun_2024,protocol_transition,b_completa,IF,IF:b_completa,244311,1185,243126,0.004850375136608667,0.8923148181990057,0.021986403887751985,Hipótese experimental: endereços MEV Bot do Label Cloud são positivos; todos os endereços ausentes são negativos.
transicao_dencun_2024,protocol_transition,c_completa,AE,AE:c_completa,244311,1185,243126,0.004850375136608667,0.4891863280351481,0.0044551433758581414,Hipótese experimental: endereços MEV Bot do Label Cloud são positivos; todos os endereços ausentes são negativos.
transicao_dencun_2024,protocol_transition,c_completa,IF,IF:c_completa,244311,1185,243126,0.004850375136608667,0.8670082408694268,0.017447858119840474,Hipótese experimental: endereços MEV Bot do Label Cloud são positivos; todos os endereços ausentes são negativos.
transicao_dencun_2024,protocol_transition,b_sem_taxas_absolutas,AE,AE:b_sem_taxas_absolutas,244311,1185,243126,0.004850375136608667,0.6326388470203727,0.006355871173589567,Hipótese experimental: endereços MEV Bot do Label Cloud são positivos; todos os endereços ausentes são negativos.
transicao_dencun_2024,protocol_transition,b_sem_taxas_absolutas,IF,IF:b_sem_taxas_absolutas,244311,1185,243126,0.004850375136608667,0.6494337294016879,0.006200311183910779,Hipótese experimental: endereços MEV Bot do Label Cloud são positivos; todos os endereços ausentes são negativos.
transicao_dencun_2024,protocol_transition,c_sem_taxas_absolutas,AE,AE:c_sem_taxas_absolutas,244311,1185,243126,0.004850375136608667,0.6491925823671294,0.007411876783064171,Hipótese experimental: endereços MEV Bot do Label Cloud são positivos; todos os endereços ausentes são negativos.
transicao_dencun_2024,protocol_transition,c_sem_taxas_absolutas,IF,IF:c_sem_taxas_absolutas,244311,1185,243126,0.004850375136608667,0.6794056742851227,0.006784683644894942,Hipótese experimental: endereços MEV Bot do Label Cloud são positivos; todos os endereços ausentes são negativos.
treino_2024_pos_dencun,train,a_completa,AE,AE:a_completa,3210970,22203,3188767,0.006914732931170332,0.549255488462749,0.0069597491142183825,Hipótese experimental: endereços MEV Bot do Label Cloud são positivos; todos os endereços ausentes são negativos.
treino_2024_pos_dencun,train,a_completa,IF,IF:a_completa,3210970,22203,3188767,0.006914732931170332,0.8998276183967584,0.032647487231488984,Hipótese experimental: endereços MEV Bot do Label Cloud são positivos; todos os endereços ausentes são negativos.
treino_2024_pos_dencun,train,b_completa,AE,AE:b_completa,3210970,22203,3188767,0.006914732931170332,0.5462885944894486,0.007121272520966427,Hipótese experimental: endereços MEV Bot do Label Cloud são positivos; todos os endereços ausentes são negativos.
treino_2024_pos_dencun,train,b_completa,IF,IF:b_completa,3210970,22203,3188767,0.006914732931170332,0.8866878620434242,0.027886429458210633,Hipótese experimental: endereços MEV Bot do Label Cloud são positivos; todos os endereços ausentes são negativos.
treino_2024_pos_dencun,train,c_completa,AE,AE:c_completa,3210970,22203,3188767,0.006914732931170332,0.419663985786247,0.0053281373077079825,Hipótese experimental: endereços MEV Bot do Label Cloud são positivos; todos os endereços ausentes são negativos.
treino_2024_pos_dencun,train,c_completa,IF,IF:c_completa,3210970,22203,3188767,0.006914732931170332,0.8830268698843542,0.02722013220323787,Hipótese experimental: endereços MEV Bot do Label Cloud são positivos; todos os endereços ausentes são negativos.
treino_2024_pos_dencun,train,b_sem_taxas_absolutas,AE,AE:b_sem_taxas_absolutas,3210970,22203,3188767,0.006914732931170332,0.6396263319596027,0.009095860947146185,Hipótese experimental: endereços MEV Bot do Label Cloud são positivos; todos os endereços ausentes são negativos.
treino_2024_pos_dencun,train,b_sem_taxas_absolutas,IF,IF:b_sem_taxas_absolutas,3210970,22203,3188767,0.006914732931170332,0.6792965943371523,0.009622947591236138,Hipótese experimental: endereços MEV Bot do Label Cloud são positivos; todos os endereços ausentes são negativos.
treino_2024_pos_dencun,train,c_sem_taxas_absolutas,AE,AE:c_sem_taxas_absolutas,3210970,22203,3188767,0.006914732931170332,0.6616319186544594,0.010094349369611122,Hipótese experimental: endereços MEV Bot do Label Cloud são positivos; todos os endereços ausentes são negativos.
treino_2024_pos_dencun,train,c_sem_taxas_absolutas,IF,IF:c_sem_taxas_absolutas,3210970,22203,3188767,0.006914732931170332,0.6789260349413574,0.009592852913121227,Hipótese experimental: endereços MEV Bot do Label Cloud são positivos; todos os endereços ausentes são negativos.
validacao_2025_pre_pectra,validation,a_completa,AE,AE:a_completa,1442555,12682,1429873,0.008791345910554537,0.5216782366655602,0.008257818035680828,Hipótese experimental: endereços MEV Bot do Label Cloud são positivos; todos os endereços ausentes são negativos.
validacao_2025_pre_pectra,validation,a_completa,IF,IF:a_completa,1442555,12682,1429873,0.008791345910554537,0.8834536087572284,0.05156277870555647,Hipótese experimental: endereços MEV Bot do Label Cloud são positivos; todos os endereços ausentes são negativos.
validacao_2025_pre_pectra,validation,b_completa,AE,AE:b_completa,1442555,12682,1429873,0.008791345910554537,0.5257339738442431,0.008992475074888743,Hipótese experimental: endereços MEV Bot do Label Cloud são positivos; todos os endereços ausentes são negativos.
validacao_2025_pre_pectra,validation,b_completa,IF,IF:b_completa,1442555,12682,1429873,0.008791345910554537,0.9032807997625636,0.052510436901751945,Hipótese experimental: endereços MEV Bot do Label Cloud são positivos; todos os endereços ausentes são negativos.
validacao_2025_pre_pectra,validation,c_completa,AE,AE:c_completa,1442555,12682,1429873,0.008791345910554537,0.4233762346771338,0.00705260756551122,Hipótese experimental: endereços MEV Bot do Label Cloud são positivos; todos os endereços ausentes são negativos.
validacao_2025_pre_pectra,validation,c_completa,IF,IF:c_completa,1442555,12682,1429873,0.008791345910554537,0.8988374666372299,0.06274903804432808,Hipótese experimental: endereços MEV Bot do Label Cloud são positivos; todos os endereços ausentes são negativos.
validacao_2025_pre_pectra,validation,b_sem_taxas_absolutas,AE,AE:b_sem_taxas_absolutas,1442555,12682,1429873,0.008791345910554537,0.6321689871400274,0.011210907481681923,Hipótese experimental: endereços MEV Bot do Label Cloud são positivos; todos os endereços ausentes são negativos.
validacao_2025_pre_pectra,validation,b_sem_taxas_absolutas,IF,IF:b_sem_taxas_absolutas,1442555,12682,1429873,0.008791345910554537,0.7006684178425419,0.013027368371253182,Hipótese experimental: endereços MEV Bot do Label Cloud são positivos; todos os endereços ausentes são negativos.
validacao_2025_pre_pectra,validation,c_sem_taxas_absolutas,AE,AE:c_sem_taxas_absolutas,1442555,12682,1429873,0.008791345910554537,0.6658840839738733,0.013041437418664335,Hipótese experimental: endereços MEV Bot do Label Cloud são positivos; todos os endereços ausentes são negativos.
validacao_2025_pre_pectra,validation,c_sem_taxas_absolutas,IF,IF:c_sem_taxas_absolutas,1442555,12682,1429873,0.008791345910554537,0.6821641923633033,0.012328264835930518,Hipótese experimental: endereços MEV Bot do Label Cloud são positivos; todos os endereços ausentes são negativos.
transicao_pectra_2025,protocol_transition,a_completa,AE,AE:a_completa,423759,4275,419484,0.010088281310839416,0.5552237268276297,0.010133767775550641,Hipótese experimental: endereços MEV Bot do Label Cloud são positivos; todos os endereços ausentes são negativos.
transicao_pectra_2025,protocol_transition,a_completa,IF,IF:a_completa,423759,4275,419484,0.010088281310839416,0.8951128504242556,0.06958395832263825,Hipótese experimental: endereços MEV Bot do Label Cloud são positivos; todos os endereços ausentes são negativos.
transicao_pectra_2025,protocol_transition,b_completa,AE,AE:b_completa,423759,4275,419484,0.010088281310839416,0.57658090242978,0.012972728239886065,Hipótese experimental: endereços MEV Bot do Label Cloud são positivos; todos os endereços ausentes são negativos.
transicao_pectra_2025,protocol_transition,b_completa,IF,IF:b_completa,423759,4275,419484,0.010088281310839416,0.9139590059433085,0.07400943551159894,Hipótese experimental: endereços MEV Bot do Label Cloud são positivos; todos os endereços ausentes são negativos.
transicao_pectra_2025,protocol_transition,c_completa,AE,AE:c_completa,423759,4275,419484,0.010088281310839416,0.4993808801356119,0.010196981676295173,Hipótese experimental: endereços MEV Bot do Label Cloud são positivos; todos os endereços ausentes são negativos.
transicao_pectra_2025,protocol_transition,c_completa,IF,IF:c_completa,423759,4275,419484,0.010088281310839416,0.912789764657119,0.08889801250930113,Hipótese experimental: endereços MEV Bot do Label Cloud são positivos; todos os endereços ausentes são negativos.
transicao_pectra_2025,protocol_transition,b_sem_taxas_absolutas,AE,AE:b_sem_taxas_absolutas,423759,4275,419484,0.010088281310839416,0.6622030574906815,0.014266157430714459,Hipótese experimental: endereços MEV Bot do Label Cloud são positivos; todos os endereços ausentes são negativos.
transicao_pectra_2025,protocol_transition,b_sem_taxas_absolutas,IF,IF:b_sem_taxas_absolutas,423759,4275,419484,0.010088281310839416,0.7337830049739192,0.017372727545598887,Hipótese experimental: endereços MEV Bot do Label Cloud são positivos; todos os endereços ausentes são negativos.
transicao_pectra_2025,protocol_transition,c_sem_taxas_absolutas,AE,AE:c_sem_taxas_absolutas,423759,4275,419484,0.010088281310839416,0.7122470151438072,0.021349805633647672,Hipótese experimental: endereços MEV Bot do Label Cloud são positivos; todos os endereços ausentes são negativos.
transicao_pectra_2025,protocol_transition,c_sem_taxas_absolutas,IF,IF:c_sem_taxas_absolutas,423759,4275,419484,0.010088281310839416,0.7067499703478642,0.015622532024363395,Hipótese experimental: endereços MEV Bot do Label Cloud são positivos; todos os endereços ausentes são negativos.
teste_final_2025,test,a_completa,AE,AE:a_completa,2827717,49525,2778192,0.01751412888913565,0.46257886228468004,0.014638776544799944,Hipótese experimental: endereços MEV Bot do Label Cloud são positivos; todos os endereços ausentes são negativos.
teste_final_2025,test,a_completa,IF,IF:a_completa,2827717,49525,2778192,0.01751412888913565,0.8862017624755623,0.0930895185214115,Hipótese experimental: endereços MEV Bot do Label Cloud são positivos; todos os endereços ausentes são negativos.
teste_final_2025,test,b_completa,AE,AE:b_completa,2827717,49525,2778192,0.01751412888913565,0.692801310120023,0.03674882413337399,Hipótese experimental: endereços MEV Bot do Label Cloud são positivos; todos os endereços ausentes são negativos.
teste_final_2025,test,b_completa,IF,IF:b_completa,2827717,49525,2778192,0.01751412888913565,0.948903912056408,0.27212264437620914,Hipótese experimental: endereços MEV Bot do Label Cloud são positivos; todos os endereços ausentes são negativos.
teste_final_2025,test,c_completa,AE,AE:c_completa,2827717,49525,2778192,0.01751412888913565,0.6723492672162934,0.06532615417156144,Hipótese experimental: endereços MEV Bot do Label Cloud são positivos; todos os endereços ausentes são negativos.
teste_final_2025,test,c_completa,IF,IF:c_completa,2827717,49525,2778192,0.01751412888913565,0.9455821210951624,0.3030619363932829,Hipótese experimental: endereços MEV Bot do Label Cloud são positivos; todos os endereços ausentes são negativos.
teste_final_2025,test,b_sem_taxas_absolutas,AE,AE:b_sem_taxas_absolutas,2827717,49525,2778192,0.01751412888913565,0.7777574822196982,0.19089838324532102,Hipótese experimental: endereços MEV Bot do Label Cloud são positivos; todos os endereços ausentes são negativos.
teste_final_2025,test,b_sem_taxas_absolutas,IF,IF:b_sem_taxas_absolutas,2827717,49525,2778192,0.01751412888913565,0.839959510882563,0.060151186433984614,Hipótese experimental: endereços MEV Bot do Label Cloud são positivos; todos os endereços ausentes são negativos.
teste_final_2025,test,c_sem_taxas_absolutas,AE,AE:c_sem_taxas_absolutas,2827717,49525,2778192,0.01751412888913565,0.8251561833159006,0.17167882172130364,Hipótese experimental: endereços MEV Bot do Label Cloud são positivos; todos os endereços ausentes são negativos.
teste_final_2025,test,c_sem_taxas_absolutas,IF,IF:c_sem_taxas_absolutas,2827717,49525,2778192,0.01751412888913565,0.8142879312280162,0.05344232457410885,Hipótese experimental: endereços MEV Bot do Label Cloud são positivos; todos os endereços ausentes são negativos.
estresse_fusaka_2025,future_stress,a_completa,AE,AE:a_completa,512462,4704,507758,0.009179217190738045,0.272341001577349,0.005704109800833839,Hipótese experimental: endereços MEV Bot do Label Cloud são positivos; todos os endereços ausentes são negativos.
estresse_fusaka_2025,future_stress,a_completa,IF,IF:a_completa,512462,4704,507758,0.009179217190738045,0.8666944277203751,0.03247980086642233,Hipótese experimental: endereços MEV Bot do Label Cloud são positivos; todos os endereços ausentes são negativos.
estresse_fusaka_2025,future_stress,b_completa,AE,AE:b_completa,512462,4704,507758,0.009179217190738045,0.54979832305452,0.009282833666396876,Hipótese experimental: endereços MEV Bot do Label Cloud são positivos; todos os endereços ausentes são negativos.
estresse_fusaka_2025,future_stress,b_completa,IF,IF:b_completa,512462,4704,507758,0.009179217190738045,0.9016894594760217,0.04837527522251755,Hipótese experimental: endereços MEV Bot do Label Cloud são positivos; todos os endereços ausentes são negativos.
estresse_fusaka_2025,future_stress,c_completa,AE,AE:c_completa,512462,4704,507758,0.009179217190738045,0.53069155806734,0.00911458715260256,Hipótese experimental: endereços MEV Bot do Label Cloud são positivos; todos os endereços ausentes são negativos.
estresse_fusaka_2025,future_stress,c_completa,IF,IF:c_completa,512462,4704,507758,0.009179217190738045,0.9004657279320727,0.04885877092217399,Hipótese experimental: endereços MEV Bot do Label Cloud são positivos; todos os endereços ausentes são negativos.
estresse_fusaka_2025,future_stress,b_sem_taxas_absolutas,AE,AE:b_sem_taxas_absolutas,512462,4704,507758,0.009179217190738045,0.6533076503090296,0.014173530856864224,Hipótese experimental: endereços MEV Bot do Label Cloud são positivos; todos os endereços ausentes são negativos.
estresse_fusaka_2025,future_stress,b_sem_taxas_absolutas,IF,IF:b_sem_taxas_absolutas,512462,4704,507758,0.009179217190738045,0.7268586676307287,0.01570240594577615,Hipótese experimental: endereços MEV Bot do Label Cloud são positivos; todos os endereços ausentes são negativos.
estresse_fusaka_2025,future_stress,c_sem_taxas_absolutas,AE,AE:c_sem_taxas_absolutas,512462,4704,507758,0.009179217190738045,0.7124215824578761,0.016979482762657497,Hipótese experimental: endereços MEV Bot do Label Cloud são positivos; todos os endereços ausentes são negativos.
estresse_fusaka_2025,future_stress,c_sem_taxas_absolutas,IF,IF:c_sem_taxas_absolutas,512462,4704,507758,0.009179217190738045,0.7065265165002541,0.014621866304761722,Hipótese experimental: endereços MEV Bot do Label Cloud são positivos; todos os endereços ausentes são negativos.
