split,configuration,method,model,threshold,tn,fp,fn,tp,precision,recall_sensitivity,specificity,npv,f1,balanced_accuracy,mcc,false_positive_rate,predicted_positive_rate
estresse_pre_dencun_2024,a_completa,AE,AE:a_completa,q990,823289,4661,4726,0,0.0,0.0,0.9943704329971617,0.9942923739304239,0.0,0.49718521649858083,-0.005668462171155869,0.005629567002838343,0.005597615399026752
estresse_pre_dencun_2024,a_completa,AE,AE:a_completa,q995,825848,2102,4726,0,0.0,0.0,0.9974611993477867,0.9943099591366934,0.0,0.4987305996738933,-0.0038007735337537625,0.0025388006522133466,0.002524391239809962
estresse_pre_dencun_2024,a_completa,AE,AE:a_completa,q999,827585,365,4726,0,0.0,0.0,0.9995591521227127,0.9943218340259831,0.0,0.49977957606135637,-0.0015821527791367676,0.0004408478772872648,0.0004383457671411209
estresse_pre_dencun_2024,a_completa,IF,IF:a_completa,q990,824464,3486,4719,7,0.002004008016032064,0.0014811680067710537,0.9957896008213056,0.9943088558255536,0.0017033702396885265,0.4986353844140383,-0.003172230593552431,0.004210399178694368,0.004194908944175166
estresse_pre_dencun_2024,a_completa,IF,IF:a_completa,q995,826281,1669,4724,2,0.0011968880909634949,0.00042319085907744394,0.9979841777885138,0.994315316995686,0.0006252931061435048,0.49920368432379564,-0.002673462713819409,0.002015822211486218,0.0020067829503912686
estresse_pre_dencun_2024,a_completa,IF,IF:a_completa,q999,827638,312,4726,0,0.0,0.0,0.9996231656500997,0.9943221955778963,0.0,0.49981158282504984,-0.0014627343361885133,0.0003768343499003235,0.0003746955598576157
estresse_pre_dencun_2024,b_completa,AE,AE:b_completa,q990,818666,9284,4691,35,0.0037557677862431593,0.007405840033855269,0.9887867624856573,0.9943025929214181,0.004983980064079744,0.4980963012597563,-0.00271893224440515,0.011213237514342667,0.011191627956131796
estresse_pre_dencun_2024,b_completa,AE,AE:b_completa,q995,821950,6000,4697,29,0.00481008459114281,0.006136267456622937,0.9927531855788393,0.9943180099849149,0.005392840539284054,0.49944472651773114,-0.0009840182528403879,0.007246814421160708,0.0072405113153255285
estresse_pre_dencun_2024,b_completa,AE,AE:b_completa,q999,825441,2509,4720,6,0.002385685884691849,0.0012695725772323319,0.9969696237695513,0.994314355890002,0.001657229664410993,0.49911959817339185,-0.002410514156477901,0.0030303762304486614,0.0030203824776984084
estresse_pre_dencun_2024,b_completa,IF,IF:b_completa,q990,822446,5504,4717,9,0.0016325049882096863,0.0019043588658484976,0.9933522555709886,0.9942973754870563,0.0017579841781423969,0.49762830721841855,-0.0043938759875502345,0.006647744429011393,0.00662082250479178
estresse_pre_dencun_2024,b_completa,IF,IF:b_completa,q995,824993,2957,4717,9,0.0030343897505057315,0.0019043588658484976,0.9964285282927713,0.994314881103036,0.00234009360374415,0.4991664435793099,-0.00210215712996944,0.0035714717072287128,0.003562009713261821
estresse_pre_dencun_2024,b_completa,IF,IF:b_completa,q999,826914,1036,4726,0,0.0,0.0,0.9987487167099462,0.9943172526573998,0.0,0.4993743583549731,-0.0026665946057458606,0.0012512832900537507,0.0012441814102964418
estresse_pre_dencun_2024,c_completa,AE,AE:c_completa,q990,816772,11178,4717,9,0.0008045052292839903,0.0019043588658484976,0.9864991847333776,0.9942579876297796,0.0011311506315591026,0.49420177179961305,-0.007566874274651256,0.01350081526662239,0.013434997526048547
estresse_pre_dencun_2024,c_completa,AE,AE:c_completa,q995,820348,7602,4717,9,0.0011824990145841545,0.0019043588658484976,0.9908182861283894,0.9942828746826008,0.0014590256950636298,0.49636132249711895,-0.005744570081742571,0.009181713871610597,0.009140409955372799
estresse_pre_dencun_2024,c_completa,AE,AE:c_completa,q999,827098,852,4726,0,0.0,0.0,0.9989709523521951,0.994318509684741,0.0,0.49948547617609756,-0.0024179586938041626,0.0010290476478048705,0.0010232071057650275
estresse_pre_dencun_2024,c_completa,IF,IF:c_completa,q990,822158,5792,4716,10,0.001723543605653223,0.0021159542953872196,0.9930044084787729,0.9942965917419099,0.0018996960486322187,0.4975601813870801,-0.004406846458845081,0.006995591521227085,0.006967896276582969
estresse_pre_dencun_2024,c_completa,IF,IF:c_completa,q995,824713,3237,4724,2,0.0006174745291756715,0.00042319085907744394,0.9960903436197838,0.9943045704495941,0.0005021971123666039,0.49825676723943063,-0.00420762582692574,0.003909656380216231,0.0038898683281372347
estresse_pre_dencun_2024,c_completa,IF,IF:c_completa,q999,827263,687,4726,0,0.0,0.0,0.9991702397487771,0.994319636437501,0.0,0.49958511987438853,-0.0021710227766323863,0.0008297602512229441,0.0008250508000710961
estresse_pre_dencun_2024,b_sem_taxas_absolutas,AE,AE:b_sem_taxas_absolutas,q990,815328,12622,4726,0,0.0,0.0,0.9847551180626849,0.9942369648828004,0.0,0.49237755903134245,-0.009373195290951134,0.015244881937315102,0.015158356911932132
estresse_pre_dencun_2024,b_sem_taxas_absolutas,AE,AE:b_sem_taxas_absolutas,q995,819871,8079,4726,0,0.0,0.0,0.9902421643819072,0.9942687155058774,0.0,0.4951210821909536,-0.007478297398082854,0.009757835618092847,0.009702453295159221
estresse_pre_dencun_2024,b_sem_taxas_absolutas,AE,AE:b_sem_taxas_absolutas,q999,825558,2392,4726,0,0.0,0.0,0.9971109366507639,0.994307971730155,0.0,0.49855546832538195,-0.004055197930708784,0.0028890633492361095,0.002872665958908387
estresse_pre_dencun_2024,b_sem_taxas_absolutas,IF,IF:b_sem_taxas_absolutas,q990,821135,6815,4726,0,0.0,0.0,0.991768826619965,0.9942774873737832,0.0,0.4958844133099825,-0.0068631620697627215,0.008231173380034984,0.008184455898812984
estresse_pre_dencun_2024,b_sem_taxas_absolutas,IF,IF:b_sem_taxas_absolutas,q995,824792,3158,4726,0,0.0,0.0,0.9961857600096624,0.9943027155528873,0.0,0.4980928800048312,-0.004661631707300078,0.0038142399903375868,0.003792591596251123
estresse_pre_dencun_2024,b_sem_taxas_absolutas,IF,IF:b_sem_taxas_absolutas,q999,827022,928,4726,0,0.0,0.0,0.9988791593695271,0.9943179905452132,0.0,0.49943957968476355,-0.002523613888782502,0.001120840630472908,0.0011144791011149595
estresse_pre_dencun_2024,c_sem_taxas_absolutas,AE,AE:c_sem_taxas_absolutas,q990,816135,11815,4689,37,0.003121835977050287,0.007829030892932713,0.9857298146023311,0.9942874477354463,0.004463747134756908,0.4967794227476319,-0.004084997415635159,0.014270185397668889,0.014233627485360452
estresse_pre_dencun_2024,c_sem_taxas_absolutas,AE,AE:c_sem_taxas_absolutas,q995,821016,6934,4721,5,0.0007205649228995533,0.0010579771476936098,0.9916250981339453,0.9942826832272261,0.0008572653236176598,0.49634153764081945,-0.006046557460395309,0.008374901866054718,0.00833337336491024
estresse_pre_dencun_2024,c_sem_taxas_absolutas,AE,AE:c_sem_taxas_absolutas,q999,827169,781,4726,0,0.0,0.0,0.9990567063228456,0.9943189945846531,0.0,0.4995283531614228,-0.002314920406445268,0.0009432936771543998,0.0009379398469512752
estresse_pre_dencun_2024,c_sem_taxas_absolutas,IF,IF:c_sem_taxas_absolutas,q990,822161,5789,4726,0,0.0,0.0,0.9930080318859834,0.994284587857833,0.0,0.4965040159429917,-0.006321548817852655,0.006991968114016589,0.0069522839615889015
estresse_pre_dencun_2024,c_sem_taxas_absolutas,IF,IF:c_sem_taxas_absolutas,q995,824481,3469,4726,0,0.0,0.0,0.9958101334621656,0.9943005787457173,0.0,0.4979050667310828,-0.004886697698685824,0.004189866537834375,0.004166086208801502
estresse_pre_dencun_2024,c_sem_taxas_absolutas,IF,IF:c_sem_taxas_absolutas,q999,826686,1264,4726,0,0.0,0.0,0.9984733377619421,0.9943156942646967,0.0,0.49923666888097107,-0.002945847062503967,0.0015266622380578632,0.0015179973963462378
transicao_dencun_2024,a_completa,AE,AE:a_completa,q990,242070,1056,1185,0,0.0,0.0,0.9956565731349177,0.995128568785842,0.0,0.49782828656745887,-0.004599859259474607,0.004343426865082267,0.00432235961540823
transicao_dencun_2024,a_completa,AE,AE:a_completa,q995,242635,491,1185,0,0.0,0.0,0.9979804710314816,0.9951398572717578,0.0,0.4989902355157408,-0.0031329218041341177,0.0020195289685184248,0.002009733495421819
transicao_dencun_2024,a_completa,AE,AE:a_completa,q999,243066,60,1185,0,0.0,0.0,0.9997532143826657,0.9951484333738654,0.0,0.49987660719133287,-0.0010942106126650081,0.0002467856173342664,0.0002455886145118312
transicao_dencun_2024,a_completa,IF,IF:a_completa,q990,241964,1162,1185,0,0.0,0.0,0.9952205852109606,0.9951264451015632,0.0,0.4976102926054803,-0.004826255314090232,0.004779414789039427,0.004756232834379132
transicao_dencun_2024,a_completa,IF,IF:a_completa,q995,242762,364,1185,0,0.0,0.0,0.9985028339215057,0.9951423874858063,0.0,0.49925141696075287,-0.002696785619718418,0.0014971660784942609,0.0014899042613717762
transicao_dencun_2024,a_completa,IF,IF:a_completa,q999,243066,60,1185,0,0.0,0.0,0.9997532143826657,0.9951484333738654,0.0,0.49987660719133287,-0.0010942106126650081,0.0002467856173342664,0.0002455886145118312
transicao_dencun_2024,b_completa,AE,AE:b_completa,q990,242053,1073,1172,13,0.011970534069981584,0.010970464135021098,0.9955866505433396,0.9951814163840066,0.011448701012769706,0.5032785573391804,0.006848077051315553,0.004413349456660387,0.004445153922664145
transicao_dencun_2024,b_completa,AE,AE:b_completa,q995,242767,359,1174,11,0.02972972972972973,0.009282700421940928,0.9985233993896169,0.9951873608782451,0.014147909967845656,0.5039030499057789,0.013946515561224681,0.0014766006103831275,0.0015144631228229592
transicao_dencun_2024,b_completa,AE,AE:b_completa,q999,243108,18,1183,2,0.1,0.0016877637130801688,0.9999259643147997,0.9951574147226054,0.0033195020746887966,0.5008068640139399,0.01239185971508958,7.403568520025772e-05,8.186287150394374e-05
transicao_dencun_2024,b_completa,IF,IF:b_completa,q990,242310,816,1185,0,0.0,0.0,0.9966437156042546,0.995133370295078,0.0,0.4983218578021273,-0.0040415087948068446,0.0033562843957454236,0.0033400051573609047
transicao_dencun_2024,b_completa,IF,IF:b_completa,q995,242836,290,1185,0,0.0,0.0,0.9988072028495513,0.9951438605693772,0.0,0.49940360142477563,-0.002406738306303493,0.0011927971504487322,0.0011870116368071842
transicao_dencun_2024,b_completa,IF,IF:b_completa,q999,243113,13,1185,0,0.0,0.0,0.9999465297829109,0.9951493667569935,0.0,0.49997326489145544,-0.000509278325204472,5.347021708912436e-05,5.321086647756343e-05
transicao_dencun_2024,c_completa,AE,AE:c_completa,q990,241788,1338,1185,0,0.0,0.0,0.9944966807334469,0.9951229148917781,0.0,0.49724834036672344,-0.005180748637088757,0.005503319266553119,0.005476626103613836
transicao_dencun_2024,c_completa,AE,AE:c_completa,q995,242596,530,1185,0,0.0,0.0,0.9978200603802144,0.9951390797478065,0.0,0.4989100301901072,-0.0032552285090873562,0.002179939619785576,0.002169366094854509
transicao_dencun_2024,c_completa,AE,AE:c_completa,q999,243119,7,1185,0,0.0,0.0,0.9999712083446444,0.9951494858864366,0.0,0.4999856041723222,-0.0003737035331054272,2.8791655355631107e-05,2.865200502638031e-05
transicao_dencun_2024,c_completa,IF,IF:c_completa,q990,242094,1032,1185,0,0.0,0.0,0.9957552873818514,0.995129049363077,0.0,0.4978776436909257,-0.004547063407401117,0.004244712618148627,0.004224124169603497
transicao_dencun_2024,c_completa,IF,IF:c_completa,q995,242818,308,1185,0,0.0,0.0,0.998733167164351,0.9951435023339877,0.0,0.4993665835821755,-0.002480397288652997,0.00126683283564899,0.0012606882211607336
transicao_dencun_2024,c_completa,IF,IF:c_completa,q999,243097,29,1185,0,0.0,0.0,0.9998807202849551,0.9951490490498686,0.0,0.49994036014247756,-0.0007606707875476316,0.00011927971504488433,0.00011870116368071843
transicao_dencun_2024,b_sem_taxas_absolutas,AE,AE:b_sem_taxas_absolutas,q990,242156,970,1185,0,0.0,0.0,0.9960102991864301,0.9951302904155075,0.0,0.49800514959321507,-0.004407798122770499,0.003989700813569863,0.003970349267941271
transicao_dencun_2024,b_sem_taxas_absolutas,AE,AE:b_sem_taxas_absolutas,q995,242756,370,1185,0,0.0,0.0,0.9984781553597722,0.995142268007428,0.0,0.4992390776798861,-0.002718954467540471,0.0015218446402277541,0.0015144631228229592
transicao_dencun_2024,b_sem_taxas_absolutas,AE,AE:b_sem_taxas_absolutas,q999,243126,0,1185,0,0.0,0.0,1.0,0.9951496248633913,0.0,0.5,0.0,0.0,0.0
transicao_dencun_2024,b_sem_taxas_absolutas,IF,IF:b_sem_taxas_absolutas,q990,242018,1108,1185,0,0.0,0.0,0.9954426922665613,0.9951275272097795,0.0,0.4977213461332807,-0.004712256139880477,0.004557307733438654,0.004535203081318483
transicao_dencun_2024,b_sem_taxas_absolutas,IF,IF:b_sem_taxas_absolutas,q995,242870,256,1185,0,0.0,0.0,0.9989470480327073,0.995144537092049,0.0,0.49947352401635364,-0.0022610991179167093,0.0010529519672927146,0.00104784475525048
transicao_dencun_2024,b_sem_taxas_absolutas,IF,IF:b_sem_taxas_absolutas,q999,243111,15,1185,0,0.0,0.0,0.9999383035956665,0.9951493270458788,0.0,0.49996915179783324,-0.0005470549148552686,6.169640433351109e-05,6.13971536279578e-05
transicao_dencun_2024,c_sem_taxas_absolutas,AE,AE:c_sem_taxas_absolutas,q990,241607,1519,1177,8,0.005239030779305829,0.006751054852320675,0.9937522107878219,0.9951520693291156,0.0058997050147492625,0.5002516328200713,0.00044365216828564855,0.0062477892121780565,0.006250230239326105
transicao_dencun_2024,c_sem_taxas_absolutas,AE,AE:c_sem_taxas_absolutas,q995,242772,354,1183,2,0.0056179775280898875,0.0016877637130801688,0.9985439648577281,0.9951507450144493,0.0025957170668397143,0.5001158642854041,0.0004220603939375479,0.0014560351422718831,0.0014571591127701985
transicao_dencun_2024,c_sem_taxas_absolutas,AE,AE:c_sem_taxas_absolutas,q999,243104,22,1185,0,0.0,0.0,0.9999095119403107,0.9951491880518566,0.0,0.4999547559701554,-0.0006625258946673364,9.048805968925322e-05,9.004915865433811e-05
transicao_dencun_2024,c_sem_taxas_absolutas,IF,IF:c_sem_taxas_absolutas,q990,241946,1180,1185,0,0.0,0.0,0.9951465495257603,0.9951260842920072,0.0,0.49757327476288016,-0.004863672326993462,0.0048534504742396845,0.004829909418732681
transicao_dencun_2024,c_sem_taxas_absolutas,IF,IF:c_sem_taxas_absolutas,q995,242479,647,1185,0,0.0,0.0,0.9973388284264126,0.9951367456825793,0.0,0.4986694142132063,-0.0035974927581089006,0.002661171573587362,0.00264826389315258
transicao_dencun_2024,c_sem_taxas_absolutas,IF,IF:c_sem_taxas_absolutas,q999,243079,47,1185,0,0.0,0.0,0.9998066845997549,0.9951486915796024,0.0,0.49990334229987743,-0.0009684175901963895,0.00019331540024514204,0.0001923777480342678
treino_2024_pos_dencun,a_completa,AE,AE:a_completa,q990,3173851,14916,22202,1,6.703760809814306e-05,4.503895869927487e-05,0.995322329916234,0.993053306687968,5.387931034482759e-05,0.49768368443746663,-0.005645432414243088,0.004677670083765961,0.004645636676767456
treino_2024_pos_dencun,a_completa,AE,AE:a_completa,q995,3181015,7752,22202,1,0.00012898232942086933,4.503895869927487e-05,0.9975689663120573,0.9930688429787928,6.676458806249166e-05,0.49880700263537825,-0.004028641577752364,0.0024310336879427297,0.002414535171614808
treino_2024_pos_dencun,a_completa,AE,AE:a_completa,q999,3187122,1645,22203,0,0.0,0.0,0.9994841266232372,0.9930817227921759,0.0,0.4997420633116186,-0.0018891678127106102,0.0005158733767628432,0.0005123062501362517
treino_2024_pos_dencun,a_completa,IF,IF:a_completa,q990,3176256,12511,22181,22,0.0017553658341977181,0.0009908570913840472,0.9960765399290697,0.9930650502104622,0.0012666973744818056,0.4985336985102269,-0.0038973918638289433,0.003923460070930251,0.003903181904533521
treino_2024_pos_dencun,a_completa,IF,IF:a_completa,q995,3183207,5560,22198,5,0.0008984725965858042,0.00022519479349637436,0.9982563793466253,0.9930748220583671,0.00036012676462114667,0.4992407870700608,-0.0030250793784274703,0.0017436206533747445,0.0017331211440779577
treino_2024_pos_dencun,a_completa,IF,IF:a_completa,q999,3187659,1108,22203,0,0.0,0.0,0.9996525302726728,0.9930828801985879,0.0,0.4998262651363364,-0.0015503192352822916,0.00034746972732724313,0.00034506706696107406
treino_2024_pos_dencun,b_completa,AE,AE:b_completa,q990,3177093,11674,22159,44,0.0037549069807134325,0.0019817141827680944,0.9963390238295868,0.99307369347585,0.002594263140827216,0.49916036900617744,-0.0023077284720972083,0.003660976170413166,0.0036493645222471713
treino_2024_pos_dencun,b_completa,AE,AE:b_completa,q995,3182035,6732,22165,38,0.005612998522895126,0.0017114804305724451,0.997888839165734,0.9930825166968354,0.0026231318814068268,0.49980015979815323,-0.0007220644040459586,0.0021111608342659904,0.002108397151016671
treino_2024_pos_dencun,b_completa,AE,AE:b_completa,q999,3188080,687,22190,13,0.018571428571428572,0.0005855064630905733,0.9997845562250236,0.9930878088135889,0.001135222459939746,0.5001850313440571,0.002077173254223501,0.00021544377497639822,0.0002180026596324475
treino_2024_pos_dencun,b_completa,IF,IF:b_completa,q990,3183695,5072,22199,4,0.0007880220646178094,0.0001801558347970995,0.9984094165550509,0.9930755664410613,0.0002932658821804318,0.499294786194924,-0.002941932052044059,0.0015905834449491119,0.001580830714706148
treino_2024_pos_dencun,b_completa,IF,IF:b_completa,q995,3186874,1893,22202,1,0.0005279831045406547,4.503895869927487e-05,0.9994063536156765,0.9930814976024251,8.299788355396937e-05,0.4997256962871879,-0.0018724012224289055,0.0005936463843234652,0.0005898529104912223
treino_2024_pos_dencun,b_completa,IF,IF:b_completa,q999,3188140,627,22203,0,0.0,0.0,0.99980337227524,0.9930839165783844,0.0,0.49990168613762,-0.0011661448226713297,0.00019662772476003454,0.00019526809655649228
treino_2024_pos_dencun,c_completa,AE,AE:c_completa,q990,3176111,12656,22202,1,7.90076637433831e-05,4.503895869927487e-05,0.9960310678077138,0.9930582153779195,5.7372346528973036e-05,0.4980380533832065,-0.0051892970690099564,0.003968932192286223,0.003941799518525554
treino_2024_pos_dencun,c_completa,AE,AE:c_completa,q995,3182454,6313,22202,1,0.00015837820715869496,4.503895869927487e-05,0.9980202379164109,0.9930719553050312,7.013360451660413e-05,0.4990326384375551,-0.003619037206462181,0.001979762083589076,0.0019663839898846768
treino_2024_pos_dencun,c_completa,AE,AE:c_completa,q999,3188267,500,22203,0,0.0,0.0,0.999843199581531,0.9930841901653029,0.0,0.4999215997907655,-0.0010413461845765952,0.00015680041846899417,0.00015571618545174822
treino_2024_pos_dencun,c_completa,IF,IF:c_completa,q990,3182918,5849,22195,8,0.0013658869728529965,0.000360311669594199,0.9981657487047502,0.9930751271484032,0.0005702066999287241,0.49926303018717216,-0.002862448176848053,0.0018342512952498335,0.0018240593963817788
treino_2024_pos_dencun,c_completa,IF,IF:c_completa,q995,3186327,2440,22201,2,0.000819000819000819,9.007791739854974e-05,0.9992348139578715,0.993080627627373,0.0001623047271251775,0.49966244593763504,-0.002029386705318759,0.0007651860421284962,0.0007605178497463383
treino_2024_pos_dencun,c_completa,IF,IF:c_completa,q999,3188085,682,22203,0,0.0,0.0,0.9997861242292083,0.9930837980891434,0.0,0.49989306211460416,-0.0012162269585217992,0.00021387577079168274,0.00021239687695618457
treino_2024_pos_dencun,b_sem_taxas_absolutas,AE,AE:b_sem_taxas_absolutas,q990,3178487,10280,22193,10,0.0009718172983479105,0.0004503895869927487,0.9967761833962783,0.9930661609408,0.0006155171883174837,0.4986132864916355,-0.0040663536769289,0.0032238166037217297,0.0032046390965969787
treino_2024_pos_dencun,b_sem_taxas_absolutas,AE,AE:b_sem_taxas_absolutas,q995,3184089,4678,22200,3,0.000640888698995941,0.00013511687609782462,0.9985329752848044,0.9930761076122583,0.00022318107424490404,0.4993340460804511,-0.0028928155603357235,0.0014670247151955529,0.0014578149281992668
treino_2024_pos_dencun,b_sem_taxas_absolutas,AE,AE:b_sem_taxas_absolutas,q999,3187709,1058,22203,0,0.0,0.0,0.9996682103145197,0.9930829879448408,0.0,0.49983410515725984,-0.0015149235143216912,0.0003317896854803104,0.00032949544841589926
treino_2024_pos_dencun,b_sem_taxas_absolutas,IF,IF:b_sem_taxas_absolutas,q990,3177005,11762,22203,0,0.0,0.0,0.9963114269559362,0.9930598448115908,0.0,0.4981557134779681,-0.005059572052020312,0.003688573044063781,0.0036630675465669253
treino_2024_pos_dencun,b_sem_taxas_absolutas,IF,IF:b_sem_taxas_absolutas,q995,3186292,2475,22203,0,0.0,0.0,0.9992238379285787,0.9930799331150586,0.0,0.49961191896428936,-0.002317561962017477,0.0007761620714212825,0.0007707951179861537
treino_2024_pos_dencun,b_sem_taxas_absolutas,IF,IF:b_sem_taxas_absolutas,q999,3188036,731,22203,0,0.0,0.0,0.9997707577881983,0.9930836925225817,0.0,0.4998853788940992,-0.0012591702123316885,0.00022924221180165016,0.0002276570631304559
treino_2024_pos_dencun,c_sem_taxas_absolutas,AE,AE:c_sem_taxas_absolutas,q990,3171849,16918,22051,152,0.008904510837727007,0.0068459217222897805,0.9946945010406844,0.9930959015623533,0.0077406869859700045,0.500770211381487,0.0017554147078167523,0.0053054989593156465,0.005316150571322684
treino_2024_pos_dencun,c_sem_taxas_absolutas,AE,AE:c_sem_taxas_absolutas,q995,3182045,6722,22136,67,0.009868905582560024,0.0030176102328514165,0.9978919751741033,0.9930915263525999,0.0046219646799117,0.5004547927034774,0.0016409648644941605,0.0021080248258966705,0.0021143143660638376
treino_2024_pos_dencun,c_sem_taxas_absolutas,AE,AE:c_sem_taxas_absolutas,q999,3187540,1227,22183,20,0.01603849238171612,0.0009007791739854974,0.9996152117730772,0.9930888117136588,0.0017057569296375266,0.5002579954735313,0.0021701627322165376,0.00038478822692278314,0.00038835616651666007
treino_2024_pos_dencun,c_sem_taxas_absolutas,IF,IF:c_sem_taxas_absolutas,q990,3176347,12420,22203,0,0.0,0.0,0.9961050776052311,0.9930584170952463,0.0,0.4980525388026156,-0.005199704483032677,0.0038949223947688516,0.003867990046621426
treino_2024_pos_dencun,c_sem_taxas_absolutas,IF,IF:c_sem_taxas_absolutas,q995,3184079,4688,22203,0,0.0,0.0,0.998529839276435,0.9930751568327427,0.0,0.4992649196382175,-0.0031907103349173966,0.0014701607235649838,0.0014599949547955914
treino_2024_pos_dencun,c_sem_taxas_absolutas,IF,IF:c_sem_taxas_absolutas,q999,3187911,856,22203,0,0.0,0.0,0.9997315576835811,0.993083423205531,0.0,0.49986577884179056,-0.0013626084897710514,0.00026844231641887095,0.00026658610949339295
validacao_2025_pre_pectra,a_completa,AE,AE:a_completa,q990,1415447,14426,12682,0,0.0,0.0,0.9899109920951021,0.9911198498174885,0.0,0.49495549604755107,-0.009465300068568288,0.010089007904897862,0.010000311946511572
validacao_2025_pre_pectra,a_completa,AE,AE:a_completa,q995,1422660,7213,12682,0,0.0,0.0,0.9949554960475511,0.9911644750867737,0.0,0.49747774802377553,-0.006676139629061901,0.005044503952448931,0.005000155973255786
validacao_2025_pre_pectra,a_completa,AE,AE:a_completa,q999,1428430,1443,12682,0,0.0,0.0,0.998990819464386,0.9911998512259977,0.0,0.499495409732193,-0.0029800904102443844,0.0010091805356140515,0.0010003084804392206
validacao_2025_pre_pectra,a_completa,IF,IF:a_completa,q990,1415910,13963,12219,463,0.03209482878136698,0.03650843715502287,0.9902347970763837,0.9914440502223538,0.03415965766563376,0.5133716171157033,0.02508995326303428,0.009765202923616267,0.010000311946511572
validacao_2025_pre_pectra,a_completa,IF,IF:a_completa,q995,1422697,7176,12645,37,0.005129627062248718,0.002917520895757767,0.9949813724715412,0.991190252915333,0.0037195275194772557,0.4989494466836495,-0.0027807057716052693,0.00501862752845883,0.005000155973255786
validacao_2025_pre_pectra,a_completa,IF,IF:a_completa,q999,1428431,1442,12681,1,0.000693000693000693,7.885191610156126e-05,0.9989915188271965,0.9912005451345905,0.0001415929203539823,0.49953518537164904,-0.0027451770374211544,0.0010084811728034992,0.0010003084804392206
validacao_2025_pre_pectra,b_completa,AE,AE:b_completa,q990,1415550,14323,12579,103,0.007139886316373215,0.00812174735846081,0.9899830264645881,0.9911919721537761,0.007599232698834292,0.4990523869115245,-0.0017780622863759232,0.010016973535411866,0.010000311946511572
validacao_2025_pre_pectra,b_completa,AE,AE:b_completa,q995,1422734,7139,12608,74,0.010259254124497436,0.005835041791515534,0.9950072488955313,0.9912160307438924,0.0074390550389545115,0.5004211453435234,0.001114728085851362,0.004992751104468729,0.005000155973255786
validacao_2025_pre_pectra,b_completa,AE,AE:b_completa,q999,1428437,1436,12675,7,0.004851004851004851,0.0005519634127109288,0.9989957150040598,0.9912047085861474,0.000991150442477876,0.49977383920838536,-0.0013356968004817732,0.0010042849959401856,0.0010003084804392206
validacao_2025_pre_pectra,b_completa,IF,IF:b_completa,q990,1415761,14112,12367,315,0.021834061135371178,0.024838353571991798,0.9901305920176128,0.9913404120639047,0.023239514552362686,0.5074844727948022,0.014043075606563652,0.009869407982387224,0.01000100516098173
validacao_2025_pre_pectra,b_completa,IF,IF:b_completa,q995,1422824,7049,12517,165,0.022872192958136955,0.01301056615675761,0.9950701915484802,0.9912794241925786,0.016586248492159228,0.5040403788526189,0.010693726634444149,0.0049298084515198015,0.005000849187725945
validacao_2025_pre_pectra,b_completa,IF,IF:b_completa,q999,1428472,1401,12639,43,0.029778393351800554,0.0033906323923671346,0.9990201927024288,0.9912296832096903,0.006088064561800935,0.5012054125473979,0.007116656389614212,0.0009798072975711891,0.0010010016949093794
validacao_2025_pre_pectra,c_completa,AE,AE:c_completa,q990,1415552,14321,12577,105,0.0072785248856231805,0.008279451190663933,0.9899844251902092,0.9911933725874903,0.007746790615316511,0.4991319381904366,-0.0016287955333236443,0.010015574809790762,0.010000311946511572
validacao_2025_pre_pectra,c_completa,AE,AE:c_completa,q995,1422718,7155,12624,58,0.00804103701649799,0.0045734111338905535,0.9949960590905625,0.9912048835747856,0.00583061070620759,0.49978473511222654,-0.0005697838525082624,0.005003940909437454,0.005000155973255786
validacao_2025_pre_pectra,c_completa,AE,AE:c_completa,q999,1428430,1443,12682,0,0.0,0.0,0.998990819464386,0.9911998512259977,0.0,0.499495409732193,-0.0029800904102443844,0.0010091805356140515,0.0010003084804392206
validacao_2025_pre_pectra,c_completa,IF,IF:c_completa,q990,1416122,13751,12007,675,0.0467905171218633,0.053225043368553854,0.9903830619922189,0.9915924961960719,0.049800796812749,0.5218040526803864,0.040912229086575845,0.009616938007781073,0.010000311946511572
validacao_2025_pre_pectra,c_completa,IF,IF:c_completa,q995,1422936,6937,12406,276,0.03826424511299043,0.02176312884403091,0.995148520183261,0.991356763753865,0.02774566473988439,0.508455824513646,0.022381691307641623,0.004851479816738946,0.005000155973255786
validacao_2025_pre_pectra,c_completa,IF,IF:c_completa,q999,1428556,1317,12556,126,0.08731808731808732,0.009935341428796719,0.9990789391785144,0.9912872837086916,0.017840707964601767,0.5045071403036556,0.02661899456548262,0.0009210608214855753,0.0010003084804392206
validacao_2025_pre_pectra,b_sem_taxas_absolutas,AE,AE:b_sem_taxas_absolutas,q990,1415625,14248,12504,178,0.012338832663246915,0.014035641066077905,0.9900354786753789,0.9912444884180631,0.013132654566917517,0.5020355598707283,0.003819440953084536,0.009964521324621112,0.010000311946511572
validacao_2025_pre_pectra,b_sem_taxas_absolutas,AE,AE:b_sem_taxas_absolutas,q995,1422698,7175,12644,38,0.005268265631498683,0.002996372811859328,0.9949820718343517,0.9911909496134023,0.0038200552902739383,0.49898922232310555,-0.002675423775457793,0.005017928165648278,0.005000155973255786
validacao_2025_pre_pectra,b_sem_taxas_absolutas,AE,AE:b_sem_taxas_absolutas,q999,1428430,1443,12682,0,0.0,0.0,0.998990819464386,0.9911998512259977,0.0,0.499495409732193,-0.0029800904102443844,0.0010091805356140515,0.0010003084804392206
validacao_2025_pre_pectra,b_sem_taxas_absolutas,IF,IF:b_sem_taxas_absolutas,q990,1415447,14426,12682,0,0.0,0.0,0.9899109920951021,0.9911198498174885,0.0,0.49495549604755107,-0.009465300068568288,0.010089007904897862,0.010000311946511572
validacao_2025_pre_pectra,b_sem_taxas_absolutas,IF,IF:b_sem_taxas_absolutas,q995,1422660,7213,12682,0,0.0,0.0,0.9949554960475511,0.9911644750867737,0.0,0.49747774802377553,-0.006676139629061901,0.005044503952448931,0.005000155973255786
validacao_2025_pre_pectra,b_sem_taxas_absolutas,IF,IF:b_sem_taxas_absolutas,q999,1428430,1443,12682,0,0.0,0.0,0.998990819464386,0.9911998512259977,0.0,0.499495409732193,-0.0029800904102443844,0.0010091805356140515,0.0010003084804392206
validacao_2025_pre_pectra,c_sem_taxas_absolutas,AE,AE:c_sem_taxas_absolutas,q990,1415758,14115,12371,311,0.02155829751836961,0.024522945907585553,0.9901284939291811,0.9913376172600654,0.022945256012985096,0.5073257199183834,0.013745680031061084,0.00987150607081888,0.010000311946511572
validacao_2025_pre_pectra,c_sem_taxas_absolutas,AE,AE:c_sem_taxas_absolutas,q995,1422765,7108,12577,105,0.014557049771246361,0.008279451190663933,0.9950289291426582,0.9912376283840367,0.01055541593365167,0.501654190166661,0.0043784699664231345,0.0049710708573418305,0.005000155973255786
validacao_2025_pre_pectra,c_sem_taxas_absolutas,AE,AE:c_sem_taxas_absolutas,q999,1428439,1434,12673,9,0.006237006237006237,0.0007096672449140514,0.9989971137296809,0.991206096403333,0.0012743362831858407,0.4998533904872975,-0.0008658700548353129,0.001002886270319081,0.0010003084804392206
validacao_2025_pre_pectra,c_sem_taxas_absolutas,IF,IF:c_sem_taxas_absolutas,q990,1415447,14426,12682,0,0.0,0.0,0.9899109920951021,0.9911198498174885,0.0,0.49495549604755107,-0.009465300068568288,0.010089007904897862,0.010000311946511572
validacao_2025_pre_pectra,c_sem_taxas_absolutas,IF,IF:c_sem_taxas_absolutas,q995,1422660,7213,12682,0,0.0,0.0,0.9949554960475511,0.9911644750867737,0.0,0.49747774802377553,-0.006676139629061901,0.005044503952448931,0.005000155973255786
validacao_2025_pre_pectra,c_sem_taxas_absolutas,IF,IF:c_sem_taxas_absolutas,q999,1428430,1443,12682,0,0.0,0.0,0.998990819464386,0.9911998512259977,0.0,0.499495409732193,-0.0029800904102443844,0.0010091805356140515,0.0010003084804392206
transicao_pectra_2025,a_completa,AE,AE:a_completa,q990,413492,5992,4275,0,0.0,0.0,0.9857157841538652,0.9897670232450145,0.0,0.4928578920769326,-0.01209008059181955,0.014284215846134818,0.014140112658374218
transicao_pectra_2025,a_completa,AE,AE:a_completa,q995,417032,2452,4275,0,0.0,0.0,0.9941547234221091,0.9898530050533222,0.0,0.49707736171105454,-0.007701427912912879,0.005845276577890912,0.005786307783433508
transicao_pectra_2025,a_completa,AE,AE:a_completa,q999,418895,589,4275,0,0.0,0.0,0.9985958940031086,0.9898976770565021,0.0,0.4992979470015543,-0.0037662623683831628,0.001404105996891447,0.0013899409806045417
transicao_pectra_2025,a_completa,IF,IF:a_completa,q990,415390,4094,4003,272,0.062299587723316535,0.06362573099415204,0.9902403905750875,0.9904552531873446,0.06295567642633954,0.5269330607846198,0.05330758551894432,0.009759609424912497,0.010303026012426875
transicao_pectra_2025,a_completa,IF,IF:a_completa,q995,417456,2028,4262,13,0.006369426751592357,0.0030409356725146198,0.995165489029379,0.9898937204482616,0.004116529449018366,0.4991032123509468,-0.00258888525721047,0.004834510970621042,0.004816416878461578
transicao_pectra_2025,a_completa,IF,IF:a_completa,q999,419047,437,4274,1,0.00228310502283105,0.00023391812865497077,0.9989582439377902,0.9899036428620361,0.000424358158285593,0.49959608103322256,-0.00251233784412676,0.0010417560622097977,0.0010336063658824945
transicao_pectra_2025,b_completa,AE,AE:b_completa,q990,415427,4057,4269,6,0.0014767413241447206,0.0014035087719298245,0.9903285941776087,0.9898283519499829,0.0014391940513312543,0.49586605147476925,-0.008478714152091607,0.009671405822391343,0.009587996951097204
transicao_pectra_2025,b_completa,AE,AE:b_completa,q995,417529,1955,4272,3,0.0015321756894790602,0.0007017543859649122,0.9953395123532721,0.9898720012517751,0.0009626183218353923,0.4980206333696185,-0.005833401293095681,0.004660487646727884,0.004620550831958731
transicao_pectra_2025,b_completa,AE,AE:b_completa,q999,418659,825,4275,0,0.0,0.0,0.9980332980518923,0.9898920398927492,0.0,0.49901664902594617,-0.0044586258908238495,0.001966701948107663,0.001946861305600589
transicao_pectra_2025,b_completa,IF,IF:b_completa,q990,416532,2952,4049,226,0.0711139081183134,0.05286549707602339,0.9929627828474984,0.9903728413789495,0.0606467194418355,0.522914139961761,0.05308325505795617,0.007037217152501607,0.007499545732362027
transicao_pectra_2025,b_completa,IF,IF:b_completa,q995,417845,1639,4190,85,0.049303944315545245,0.019883040935672516,0.9960928187964261,0.9900719134668926,0.02833805634272379,0.5079879298660493,0.02508113196734329,0.003907181203573917,0.004068350170733837
transicao_pectra_2025,b_completa,IF,IF:b_completa,q999,418322,1162,4273,2,0.001718213058419244,0.00046783625730994154,0.9972299301046047,0.989888664087365,0.0007354293068578782,0.4988488831809573,-0.004395785454677985,0.0027700698953952996,0.002746844314811013
transicao_pectra_2025,c_completa,AE,AE:c_completa,q990,415796,3688,4238,37,0.009932885906040268,0.008654970760233919,0.9912082463216714,0.989910340591476,0.00925,0.49993160854095264,-0.00014643748546618984,0.008791753678328629,0.008790373773772356
transicao_pectra_2025,c_completa,AE,AE:c_completa,q995,417178,2306,4275,0,0.0,0.0,0.9945027700698954,0.9898565201813725,0.0,0.4972513850349477,-0.0074673315752262475,0.005497229930104597,0.005441772328139343
transicao_pectra_2025,c_completa,AE,AE:c_completa,q999,418409,1075,4275,0,0.0,0.0,0.9974373277645869,0.989886061454893,0.0,0.49871866388229347,-0.005091042083917529,0.002562672235413066,0.0025368192769947067
transicao_pectra_2025,c_completa,IF,IF:c_completa,q990,416227,3257,3765,510,0.13538624900451288,0.11929824561403508,0.9922356990969858,0.9910355435341626,0.12683412086545634,0.5557669723555104,0.11874477343983095,0.007764300903014165,0.008889486712966568
transicao_pectra_2025,c_completa,IF,IF:c_completa,q995,417458,2026,4044,231,0.1023482498892335,0.05403508771929825,0.9951702567916774,0.9904057394745458,0.07072872014696877,0.5246026722554878,0.0675573238177189,0.004829743208322634,0.005326140565746096
transicao_pectra_2025,c_completa,IF,IF:c_completa,q999,418287,1197,4229,46,0.03700724054706356,0.010760233918128656,0.997146494264382,0.9899909115867801,0.01667270750271838,0.5039533640912554,0.014610511638966343,0.002853505735618045,0.002933271033771554
transicao_pectra_2025,b_sem_taxas_absolutas,AE,AE:b_sem_taxas_absolutas,q990,416606,2878,4228,47,0.016068376068376067,0.010994152046783626,0.9931391900525407,0.9899532832423236,0.013055555555555555,0.5020666710496622,0.004988945573636115,0.006860809947459301,0.006902508265311179
transicao_pectra_2025,b_sem_taxas_absolutas,AE,AE:b_sem_taxas_absolutas,q995,417727,1757,4275,0,0.0,0.0,0.9958115208208179,0.9898697162572689,0.0,0.49790576041040896,-0.006513868476998554,0.004188479179182081,0.00414622462295786
transicao_pectra_2025,b_sem_taxas_absolutas,AE,AE:b_sem_taxas_absolutas,q999,418253,1231,4275,0,0.0,0.0,0.9970654423053085,0.989882327325053,0.0,0.49853272115265423,-0.005448935143735549,0.002934557694691531,0.0029049530511446363
transicao_pectra_2025,b_sem_taxas_absolutas,IF,IF:b_sem_taxas_absolutas,q990,416225,3259,4275,0,0.0,0.0,0.9922309313346874,0.989833531510107,0.0,0.4961154656673437,-0.008887293839055605,0.007769068665312573,0.007690692115093721
transicao_pectra_2025,b_sem_taxas_absolutas,IF,IF:b_sem_taxas_absolutas,q995,418134,1350,4275,0,0.0,0.0,0.996781760448551,0.9898794769997799,0.0,0.4983908802242755,-0.005707036656677181,0.0032182395514489537,0.0031857730455282364
transicao_pectra_2025,b_sem_taxas_absolutas,IF,IF:b_sem_taxas_absolutas,q999,418597,887,4275,0,0.0,0.0,0.9978854974206406,0.989890557899317,0.0,0.4989427487103203,-0.004623466383329573,0.002114502579359412,0.0020931708825063303
transicao_pectra_2025,c_sem_taxas_absolutas,AE,AE:c_sem_taxas_absolutas,q990,413144,6340,4036,239,0.036327709378324975,0.05590643274853801,0.9848861935139361,0.9903255189606405,0.04403906393956145,0.520396313131237,0.03297355277066461,0.015113806486063863,0.015525333975207606
transicao_pectra_2025,c_sem_taxas_absolutas,AE,AE:c_sem_taxas_absolutas,q995,415277,4207,4140,135,0.031091662828189773,0.031578947368421054,0.9899710120052254,0.9901291554705699,0.03133341069977951,0.5107749796868233,0.02138475560332184,0.010028987994774585,0.010246390047173039
transicao_pectra_2025,c_sem_taxas_absolutas,AE,AE:c_sem_taxas_absolutas,q999,418273,1211,4222,53,0.041930379746835444,0.01239766081871345,0.9971131199282929,0.9900069823311518,0.01913702834446651,0.5047553903735031,0.017428403494339086,0.002886880071707121,0.00298282750336866
transicao_pectra_2025,c_sem_taxas_absolutas,IF,IF:c_sem_taxas_absolutas,q990,416283,3201,4275,0,0.0,0.0,0.9923691964413422,0.9898349335882328,0.0,0.4961845982206711,-0.008807248432337196,0.0076308035586577505,0.007553821865730286
transicao_pectra_2025,c_sem_taxas_absolutas,IF,IF:c_sem_taxas_absolutas,q995,417693,1791,4275,0,0.0,0.0,0.9957304688617444,0.9898689000113753,0.0,0.4978652344308722,-0.006576856913922786,0.004269531138255567,0.004226458907067461
transicao_pectra_2025,c_sem_taxas_absolutas,IF,IF:c_sem_taxas_absolutas,q999,418436,1048,4275,0,0.0,0.0,0.9975016925556159,0.9898867074668035,0.0,0.49875084627780797,-0.005026540960035869,0.0024983074443840625,0.002473103816084142
teste_final_2025,a_completa,AE,AE:a_completa,q990,2696910,81282,49525,0,0.0,0.0,0.9707428428272776,0.9819675324557108,0.0,0.4853714214136388,-0.022969082200978028,0.02925715717272237,0.028744743551069644
teste_final_2025,a_completa,AE,AE:a_completa,q995,2726570,51622,49525,0,0.0,0.0,0.9814188508209656,0.9821601926447041,0.0,0.4907094254104828,-0.018206705407458747,0.018581149179034417,0.018255716537404557
teste_final_2025,a_completa,AE,AE:a_completa,q999,2767800,10392,49525,0,0.0,0.0,0.9962594377926364,0.9824212684017641,0.0,0.4981297188963182,-0.008108904924202173,0.003740562207363629,0.0036750495187460415
teste_final_2025,a_completa,IF,IF:a_completa,q990,2709517,68675,45334,4191,0.057516537205280924,0.08462392730943968,0.9752806861440821,0.9835439375850091,0.068485427850087,0.5299523067267609,0.04959548236009411,0.024719313855917857,0.025768490976996638
teste_final_2025,a_completa,IF,IF:a_completa,q995,2740121,38071,48200,1325,0.03363285612752564,0.02675416456335184,0.9862964834683852,0.9827136115246415,0.02980173412354787,0.5065253240158685,0.014605889082510813,0.013703516531614834,0.013932087263329392
teste_final_2025,a_completa,IF,IF:a_completa,q999,2768147,10045,49402,123,0.012096774193548387,0.0024835941443715295,0.9963843391673434,0.9824663209051555,0.004121086224515438,0.49943396665585743,-0.0024809149373026347,0.003615660832656631,0.003595833670766912
teste_final_2025,b_completa,AE,AE:b_completa,q990,2684060,94132,44520,5005,0.0504856915177986,0.1010600706713781,0.9661175325535456,0.9836838208885208,0.06733395218683995,0.5335888016124618,0.04791060369918992,0.0338824674464544,0.03505902464779891
teste_final_2025,b_completa,AE,AE:b_completa,q995,2731800,46392,48392,1133,0.0238400841662283,0.02287733467945482,0.9833013700996908,0.9825940078958576,0.023348789283874294,0.5030893523895728,0.006305105500582234,0.016698629900309236,0.01680684453217914
teste_final_2025,b_completa,AE,AE:b_completa,q999,2772447,5745,49499,26,0.004505285045919251,0.000524987380111055,0.9979321083640008,0.9824592674700366,0.0009403935185185186,0.49922854787205595,-0.004484690334966127,0.002067891635999186,0.0020408690119980183
teste_final_2025,b_completa,IF,IF:b_completa,q990,2750863,27329,33545,15980,0.3689764252233947,0.3226653205451792,0.9901630268894303,0.9879525558036035,0.3442704181657582,0.6564141737173047,0.3341519164784109,0.009836973110569747,0.01531588910771481
teste_final_2025,b_completa,IF,IF:b_completa,q995,2765489,12703,39969,9556,0.4293094927894335,0.19295305401312468,0.9954276018360142,0.9857531283662062,0.26624317396634345,0.5941903279245695,0.2796243351208225,0.0045723981639858025,0.007871721250747511
teste_final_2025,b_completa,IF,IF:b_completa,q999,2773855,4337,47681,1844,0.29833360297686456,0.03723372034326098,0.9984389127893248,0.9831010485069126,0.0662047176246724,0.5178363165662929,0.10019738057044174,0.0015610872106751605,0.0021858623051741032
teste_final_2025,c_completa,AE,AE:c_completa,q990,2733261,44931,40890,8635,0.16120300190419296,0.17435638566380615,0.9838272516802294,0.9852603553303335,0.16752189812883764,0.5790918186720178,0.1522107308469947,0.016172748319770558,0.018943196932366287
teste_final_2025,c_completa,AE,AE:c_completa,q995,2755396,22796,45898,3627,0.13726677515800628,0.07323573952549217,0.991794663579767,0.9836154291552404,0.09551271922894612,0.5325152015526295,0.08866238477924407,0.008205336420233023,0.009344287281930971
teste_final_2025,c_completa,AE,AE:c_completa,q999,2774075,4117,49525,0,0.0,0.0,0.9985181009807818,0.9824603343249753,0.0,0.4992590504903909,-0.0050982362990778796,0.0014818990192182468,0.001455944848794982
teste_final_2025,c_completa,IF,IF:c_completa,q990,2742046,36146,29814,19711,0.3528832554558963,0.3980010095911156,0.986989380143633,0.9892440455145642,0.37408665616518944,0.6924951948673743,0.3629266081999434,0.013010619856366978,0.019753391163259974
teste_final_2025,c_completa,IF,IF:c_completa,q995,2761035,17157,35103,14422,0.45669590550682415,0.2912064613831398,0.993824400905337,0.9874458985929879,0.3556421384888538,0.6425154311442384,0.35580067650431635,0.006175599094663031,0.011167666354164862
teste_final_2025,c_completa,IF,IF:c_completa,q999,2772876,5316,44526,4999,0.4846340281143965,0.10093891973750631,0.9980865253373417,0.9841960785148871,0.16707887700534757,0.549512722537424,0.21546719001614437,0.0019134746626583432,0.0036478190710032155
teste_final_2025,b_sem_taxas_absolutas,AE,AE:b_sem_taxas_absolutas,q990,2765416,12776,35901,13624,0.5160606060606061,0.2750933871781928,0.9954013257543035,0.9871842422689042,0.35888047415212376,0.6352473564662482,0.3689513122129376,0.004598674245696488,0.009336153511825972
teste_final_2025,b_sem_taxas_absolutas,AE,AE:b_sem_taxas_absolutas,q995,2772796,5396,46359,3166,0.3697734174258351,0.06392730943967694,0.9980577296313574,0.9835557108424333,0.10900890044243979,0.5309925195355172,0.14799026934445084,0.0019422703686425846,0.003027884332130832
teste_final_2025,b_sem_taxas_absolutas,AE,AE:b_sem_taxas_absolutas,q999,2776761,1431,49498,27,0.018518518518518517,0.0005451792024230187,0.9994849168092054,0.9824863892516574,0.0010591765882745228,0.5000150480058142,0.00017390720495917976,0.0005150831907946296,0.0005156102962212979
teste_final_2025,b_sem_taxas_absolutas,IF,IF:b_sem_taxas_absolutas,q990,2763961,14231,49508,17,0.001193149915777653,0.0003432609793033821,0.9948776038517136,0.9824032182334336,0.0005331409844291471,0.4976104324155085,-0.008854104916769074,0.005122396148286357,0.005038693758958199
teste_final_2025,b_sem_taxas_absolutas,IF,IF:b_sem_taxas_absolutas,q995,2773877,4315,49525,0,0.0,0.0,0.9984468316084706,0.9824591043004149,0.0,0.4992234158042353,-0.0052195751512657184,0.0015531683915294137,0.0015259660001336768
teste_final_2025,b_sem_taxas_absolutas,IF,IF:b_sem_taxas_absolutas,q999,2776249,1943,49525,0,0.0,0.0,0.9993006242909057,0.9824738284094906,0.0,0.49965031214545286,-0.0035010539390046757,0.0006993757090942854,0.0006871267527832523
teste_final_2025,c_sem_taxas_absolutas,AE,AE:c_sem_taxas_absolutas,q990,2755489,22703,34429,15096,0.3993756448583296,0.30481574962140334,0.9918281385879738,0.9876594939349472,0.3457468737116944,0.6483219441046886,0.3388386171104078,0.008171861412026193,0.013367320704299617
teste_final_2025,c_sem_taxas_absolutas,AE,AE:c_sem_taxas_absolutas,q995,2767804,10388,43822,5703,0.3544217264309241,0.11515396264512873,0.9962608775779356,0.984414001008669,0.17382955376737383,0.5557074201115322,0.1942970108739402,0.0037391224220644226,0.005690456293893626
teste_final_2025,c_sem_taxas_absolutas,AE,AE:c_sem_taxas_absolutas,q999,2775769,2423,49454,71,0.02846832397754611,0.0014336193841494194,0.9991278500549998,0.9824955410599446,0.002729771814144832,0.5002807347195746,0.0024811036160361493,0.000872149945000178,0.0008819835931247717
teste_final_2025,c_sem_taxas_absolutas,IF,IF:c_sem_taxas_absolutas,q990,2763769,14423,49520,5,0.0003465483781535902,0.00010095911155981827,0.9948084941573513,0.9823978268851867,0.00015636483042234141,0.49745472663445556,-0.00937232970483328,0.005191505842648714,0.005102349351084285
teste_final_2025,c_sem_taxas_absolutas,IF,IF:c_sem_taxas_absolutas,q995,2772257,5935,49525,0,0.0,0.0,0.997863718562288,0.9824490339792372,0.0,0.498931859281144,-0.0061232183469209795,0.002136281437712051,0.0020988663292684524
teste_final_2025,c_sem_taxas_absolutas,IF,IF:c_sem_taxas_absolutas,q999,2775868,2324,49525,0,0.0,0.0,0.9991634847411553,0.9824714650315903,0.0,0.4995817423705777,-0.0038292149281890517,0.0008365152588446501,0.0008218644227834681
estresse_fusaka_2025,a_completa,AE,AE:a_completa,q990,454201,53557,4704,0,0.0,0.0,0.8945225875318558,0.9897495124263191,0.0,0.4472612937659279,-0.03288152833748334,0.10547741246814424,0.10450921239038212
estresse_fusaka_2025,a_completa,AE,AE:a_completa,q995,470426,37332,4704,0,0.0,0.0,0.9264767861855451,0.9900995517016395,0.0,0.46323839309277254,-0.026979858730158533,0.07352321381445492,0.07284832826629097
estresse_fusaka_2025,a_completa,AE,AE:a_completa,q999,500846,6912,4704,0,0.0,0.0,0.9863872159572079,0.9906952823657403,0.0,0.49319360797860395,-0.011254470744301411,0.013612784042792092,0.013487829341492638
estresse_fusaka_2025,a_completa,IF,IF:a_completa,q990,464093,43665,3178,1526,0.033767785621030735,0.3244047619047619,0.9140043091393931,0.9931988075442302,0.06116845375288105,0.6192045355220775,0.0801815466660224,0.08599569086060688,0.08818409950396322
estresse_fusaka_2025,a_completa,IF,IF:a_completa,q995,488863,18895,4290,414,0.021440778911388472,0.08801020408163265,0.9627873908436696,0.9913008741708963,0.03448132261691584,0.5253987974626512,0.025441016724035006,0.0372126091563304,0.03767889131291686
estresse_fusaka_2025,a_completa,IF,IF:a_completa,q999,503333,4425,4655,49,0.010952168082253017,0.010416666666666666,0.9912852185489938,0.9908363977101822,0.010677707561560253,0.5008509426078303,0.0017446872726599018,0.008714781451006237,0.008730403425034441
estresse_fusaka_2025,b_completa,AE,AE:b_completa,q990,358498,149260,3478,1226,0.008146937256621878,0.2606292517006803,0.7060410668074162,0.9903916281742436,0.01579998711257169,0.48333515925404824,-0.00697919398716722,0.2939589331925838,0.2936529928072716
estresse_fusaka_2025,b_completa,AE,AE:b_completa,q995,431055,76703,4319,385,0.004994292237442922,0.0818452380952381,0.848937879856152,0.990079793464929,0.009414123630672925,0.46539155897569506,-0.01846500552181027,0.151062120143848,0.15042676335025817
estresse_fusaka_2025,b_completa,AE,AE:b_completa,q999,500208,7550,4703,1,0.00013243279035889287,0.00021258503401360543,0.9851307118745544,0.9906854871452593,0.00016319869441044473,0.49267164845428396,-0.011600819853156988,0.014869288125445634,0.01473475106446917
estresse_fusaka_2025,b_completa,IF,IF:b_completa,q990,490398,17360,3880,824,0.045314562252529694,0.17517006802721088,0.9658104845221542,0.9921501665054888,0.07200279622509613,0.5704902762746825,0.07267598063609144,0.03418951547784577,0.035483606589366626
estresse_fusaka_2025,b_completa,IF,IF:b_completa,q995,499187,8571,4362,342,0.038370918882531135,0.07270408163265306,0.9831199114538816,0.9913374865206762,0.05023132848645076,0.5279119965432673,0.0407239710470457,0.016880088546118444,0.017392509103113987
estresse_fusaka_2025,b_completa,IF,IF:b_completa,q999,505907,1851,4602,102,0.05222734254992319,0.021683673469387755,0.996354562606596,0.9909854674452361,0.030644434429923387,0.5090191180379919,0.027919220408158158,0.0036454373934039497,0.0038110142800832063
estresse_fusaka_2025,c_completa,AE,AE:c_completa,q990,455389,52369,4422,282,0.005356023627281533,0.05994897959183673,0.8968622847892106,0.9903830051912633,0.009833493156655914,0.4784056321905237,-0.013565616751030551,0.1031377152107894,0.10274127642634966
estresse_fusaka_2025,c_completa,AE,AE:c_completa,q995,483783,23975,4549,155,0.0064235391628678,0.032950680272108845,0.9527826247937009,0.9906846162037303,0.010751196504127073,0.49286665253290485,-0.006423166289441742,0.047217375206299095,0.04708641811490413
estresse_fusaka_2025,c_completa,AE,AE:c_completa,q999,506170,1588,4704,0,0.0,0.0,0.9968725258883169,0.9907922501438711,0.0,0.49843626294415844,-0.005366283565177783,0.003127474111683126,0.0030987663475535747
estresse_fusaka_2025,c_completa,IF,IF:c_completa,q990,481487,26271,3253,1451,0.05234110093066878,0.30846088435374147,0.9482607856498568,0.9932891859553575,0.08949608338987232,0.6283608350017992,0.10823254340596437,0.05173921435014317,0.05409571831667519
estresse_fusaka_2025,c_completa,IF,IF:c_completa,q995,493201,14557,4019,685,0.04494160871276735,0.14562074829931973,0.9713308308288594,0.9919170588471904,0.06868545071693573,0.5584757895640896,0.06565576422293512,0.028669169171140596,0.029742693116757927
estresse_fusaka_2025,c_completa,IF,IF:c_completa,q999,503653,4105,4497,207,0.04800556586270872,0.04400510204081633,0.9919154400324564,0.9911502509101643,0.04591836734693878,0.5179602710366363,0.03750330870474423,0.008084559967543647,0.008414282424843208
estresse_fusaka_2025,b_sem_taxas_absolutas,AE,AE:b_sem_taxas_absolutas,q990,503715,4043,4516,188,0.0444339399669109,0.039965986394557826,0.9920375454448773,0.9911142767757182,0.042081701175153884,0.5160017659197176,0.03372934162354593,0.007962454555122678,0.00825622192474759
estresse_fusaka_2025,b_sem_taxas_absolutas,AE,AE:b_sem_taxas_absolutas,q995,506259,1499,4681,23,0.015111695137976347,0.004889455782312925,0.9970478062384049,0.9908384546130661,0.00738837134596852,0.5009686310103589,0.0033951434624001145,0.0029521937615950566,0.0029699763104386275
estresse_fusaka_2025,b_sem_taxas_absolutas,AE,AE:b_sem_taxas_absolutas,q999,507161,597,4704,0,0.0,0.0,0.9988242430449151,0.9908100768757387,0.0,0.49941212152245756,-0.003287113632055603,0.0011757569550848723,0.0011649644266306576
estresse_fusaka_2025,b_sem_taxas_absolutas,IF,IF:b_sem_taxas_absolutas,q990,504929,2829,4692,12,0.004223864836325237,0.002551020408163265,0.9944284481977635,0.990793158052749,0.0031809145129224653,0.4984897343029634,-0.0038795926074137723,0.005571551802236452,0.0055438256885388575
estresse_fusaka_2025,b_sem_taxas_absolutas,IF,IF:b_sem_taxas_absolutas,q995,506909,849,4702,2,0.0023501762632197414,0.00042517006802721087,0.9983279436266883,0.9908094235659515,0.0007200720072007199,0.49937655684735777,-0.002920479634524449,0.0016720563733116922,0.0016606109331033325
estresse_fusaka_2025,b_sem_taxas_absolutas,IF,IF:b_sem_taxas_absolutas,q999,507566,192,4704,0,0.0,0.0,0.9996218671099224,0.9908173424170847,0.0,0.4998109335549612,-0.0018634014195605675,0.0003781328900775982,0.0003746619261525733
estresse_fusaka_2025,c_sem_taxas_absolutas,AE,AE:c_sem_taxas_absolutas,q990,499807,7951,4514,190,0.02333865618474389,0.04039115646258504,0.9843409655780904,0.9910493515042998,0.029583495523550024,0.5123660610203377,0.018863879825942627,0.015659034421909634,0.01588605594170885
estresse_fusaka_2025,c_sem_taxas_absolutas,AE,AE:c_sem_taxas_absolutas,q995,504051,3707,4661,43,0.011466666666666667,0.009141156462585034,0.992699278002513,0.990837644875686,0.010172699313934233,0.500920217232549,0.0020593529034308713,0.007300721997486992,0.007317615745167446
estresse_fusaka_2025,c_sem_taxas_absolutas,AE,AE:c_sem_taxas_absolutas,q999,506637,1121,4704,0,0.0,0.0,0.9977922553657451,0.9908006594425246,0.0,0.49889612768287256,-0.004506638964289206,0.0022077446342548823,0.0021874792667553886
estresse_fusaka_2025,c_sem_taxas_absolutas,IF,IF:c_sem_taxas_absolutas,q990,505106,2652,4703,1,0.0003769317753486619,0.00021258503401360543,0.9947770394558038,0.9907749765108109,0.0002718499388337638,0.49749481224490866,-0.006658247669986156,0.005222960544196242,0.00517696921918113
estresse_fusaka_2025,c_sem_taxas_absolutas,IF,IF:c_sem_taxas_absolutas,q995,506686,1072,4704,0,0.0,0.0,0.9978887580304003,0.9908015408983359,0.0,0.49894437901520017,-0.004406832525871558,0.0021112419695996643,0.002091862421018534
estresse_fusaka_2025,c_sem_taxas_absolutas,IF,IF:c_sem_taxas_absolutas,q999,507471,287,4704,0,0.0,0.0,0.9994347701070195,0.9908156391858252,0.0,0.49971738505350977,-0.0022784370257021534,0.0005652298929804678,0.0005600415250301485
